ISO-10303-21;
HEADER;
/* Generated by software containing ST-Developer
 * from STEP Tools, Inc. (www.steptools.com) 
 */

FILE_DESCRIPTION(
/* description */ (''),
/* implementation_level */ '2;1');

FILE_NAME(
/* name */ 'mount-1.stp',
/* time_stamp */ '2024-10-27T21:09:35-04:00',
/* author */ ('Windows 7 was better'),
/* organization */ (''),
/* preprocessor_version */ 'ST-DEVELOPER v20',
/* originating_system */ 'Autodesk Inventor 2025',
/* authorisation */ '');

FILE_SCHEMA (('AUTOMOTIVE_DESIGN { 1 0 10303 214 3 1 1 }'));
ENDSEC;

DATA;
#10=MECHANICAL_DESIGN_GEOMETRIC_PRESENTATION_REPRESENTATION('',(#13),#4556);
#11=SHAPE_REPRESENTATION_RELATIONSHIP('SRR','None',#4563,#12);
#12=ADVANCED_BREP_SHAPE_REPRESENTATION('',(#14),#4555);
#13=STYLED_ITEM('',(#4572),#14);
#14=MANIFOLD_SOLID_BREP('Solid1',#2704);
#15=TOROIDAL_SURFACE('',#2801,2.6,2.);
#16=TOROIDAL_SURFACE('',#2806,2.6,2.);
#17=ELLIPSE('',#2781,2.83457971093654,2.);
#18=ELLIPSE('',#2790,2.82842712474621,2.);
#19=ELLIPSE('',#2792,2.82842712474621,2.);
#20=ELLIPSE('',#2838,2.00380177185945,2.);
#21=ELLIPSE('',#2839,2.00380177185945,2.);
#22=ELLIPSE('',#2842,4.24264068711928,3.);
#23=ELLIPSE('',#2843,4.24264068711928,3.);
#24=ELLIPSE('',#2844,4.24264068711928,3.);
#25=ELLIPSE('',#2845,4.24264068711928,3.);
#26=B_SPLINE_CURVE_WITH_KNOTS('',3,(#3942,#3943,#3944,#3945,#3946,#3947,
#3948,#3949,#3950,#3951,#3952,#3953),.UNSPECIFIED.,.F.,.F.,(4,2,2,2,2,4),
(-0.0011020102228708,0.,0.0812725476323014,0.159635399948903,0.237579679542144,
0.315338525808774),.UNSPECIFIED.);
#27=FACE_BOUND('',#286,.T.);
#28=FACE_BOUND('',#287,.T.);
#29=FACE_BOUND('',#288,.T.);
#30=FACE_BOUND('',#291,.T.);
#31=FACE_BOUND('',#292,.T.);
#32=FACE_BOUND('',#293,.T.);
#33=FACE_BOUND('',#299,.T.);
#34=FACE_BOUND('',#300,.T.);
#35=FACE_BOUND('',#301,.T.);
#36=FACE_BOUND('',#302,.T.);
#37=FACE_BOUND('',#303,.T.);
#38=FACE_BOUND('',#306,.T.);
#39=FACE_BOUND('',#307,.T.);
#40=FACE_BOUND('',#335,.T.);
#41=FACE_BOUND('',#345,.T.);
#42=FACE_BOUND('',#366,.T.);
#43=FACE_BOUND('',#372,.T.);
#44=FACE_BOUND('',#378,.T.);
#45=FACE_BOUND('',#379,.T.);
#46=FACE_BOUND('',#386,.T.);
#47=FACE_BOUND('',#387,.T.);
#48=FACE_BOUND('',#397,.T.);
#49=FACE_BOUND('',#398,.T.);
#50=FACE_BOUND('',#399,.T.);
#51=FACE_BOUND('',#400,.T.);
#52=FACE_BOUND('',#401,.T.);
#53=FACE_BOUND('',#406,.T.);
#54=FACE_BOUND('',#407,.T.);
#55=FACE_BOUND('',#421,.T.);
#56=FACE_BOUND('',#427,.T.);
#57=FACE_BOUND('',#433,.T.);
#58=FACE_BOUND('',#439,.T.);
#59=PLANE('',#2730);
#60=PLANE('',#2737);
#61=PLANE('',#2744);
#62=PLANE('',#2745);
#63=PLANE('',#2749);
#64=PLANE('',#2769);
#65=PLANE('',#2776);
#66=PLANE('',#2778);
#67=PLANE('',#2779);
#68=PLANE('',#2786);
#69=PLANE('',#2791);
#70=PLANE('',#2793);
#71=PLANE('',#2794);
#72=PLANE('',#2800);
#73=PLANE('',#2811);
#74=PLANE('',#2812);
#75=PLANE('',#2813);
#76=PLANE('',#2814);
#77=PLANE('',#2815);
#78=PLANE('',#2816);
#79=PLANE('',#2817);
#80=PLANE('',#2818);
#81=PLANE('',#2819);
#82=PLANE('',#2822);
#83=PLANE('',#2823);
#84=PLANE('',#2824);
#85=PLANE('',#2825);
#86=PLANE('',#2826);
#87=PLANE('',#2827);
#88=PLANE('',#2828);
#89=PLANE('',#2829);
#90=PLANE('',#2830);
#91=PLANE('',#2833);
#92=PLANE('',#2836);
#93=PLANE('',#2840);
#94=PLANE('',#2841);
#95=PLANE('',#2848);
#96=PLANE('',#2851);
#97=PLANE('',#2855);
#98=PLANE('',#2859);
#99=PLANE('',#2860);
#100=PLANE('',#2863);
#101=PLANE('',#2866);
#102=PLANE('',#2871);
#103=PLANE('',#2874);
#104=PLANE('',#2875);
#105=PLANE('',#2878);
#106=PLANE('',#2881);
#107=PLANE('',#2884);
#108=PLANE('',#2887);
#109=PLANE('',#2890);
#110=PLANE('',#2893);
#111=PLANE('',#2894);
#112=PLANE('',#2895);
#113=PLANE('',#2900);
#114=PLANE('',#2903);
#115=PLANE('',#2906);
#116=PLANE('',#2915);
#117=PLANE('',#2916);
#118=PLANE('',#2917);
#119=PLANE('',#2918);
#120=PLANE('',#2922);
#121=PLANE('',#2923);
#122=PLANE('',#2925);
#123=PLANE('',#2927);
#124=PLANE('',#2929);
#125=PLANE('',#2932);
#126=PLANE('',#2935);
#127=PLANE('',#2938);
#128=PLANE('',#2941);
#129=PLANE('',#2944);
#130=PLANE('',#2947);
#131=PLANE('',#2950);
#132=PLANE('',#2953);
#133=PLANE('',#2956);
#134=PLANE('',#2959);
#135=PLANE('',#2962);
#136=PLANE('',#2965);
#137=PLANE('',#2967);
#138=PLANE('',#2969);
#139=PLANE('',#2971);
#140=PLANE('',#2973);
#141=PLANE('',#2975);
#142=PLANE('',#2977);
#143=PLANE('',#2979);
#144=FACE_OUTER_BOUND('',#284,.T.);
#145=FACE_OUTER_BOUND('',#285,.T.);
#146=FACE_OUTER_BOUND('',#289,.T.);
#147=FACE_OUTER_BOUND('',#290,.T.);
#148=FACE_OUTER_BOUND('',#294,.T.);
#149=FACE_OUTER_BOUND('',#295,.T.);
#150=FACE_OUTER_BOUND('',#296,.T.);
#151=FACE_OUTER_BOUND('',#297,.T.);
#152=FACE_OUTER_BOUND('',#298,.T.);
#153=FACE_OUTER_BOUND('',#304,.T.);
#154=FACE_OUTER_BOUND('',#305,.T.);
#155=FACE_OUTER_BOUND('',#308,.T.);
#156=FACE_OUTER_BOUND('',#309,.T.);
#157=FACE_OUTER_BOUND('',#310,.T.);
#158=FACE_OUTER_BOUND('',#311,.T.);
#159=FACE_OUTER_BOUND('',#312,.T.);
#160=FACE_OUTER_BOUND('',#313,.T.);
#161=FACE_OUTER_BOUND('',#314,.T.);
#162=FACE_OUTER_BOUND('',#315,.T.);
#163=FACE_OUTER_BOUND('',#316,.T.);
#164=FACE_OUTER_BOUND('',#317,.T.);
#165=FACE_OUTER_BOUND('',#318,.T.);
#166=FACE_OUTER_BOUND('',#319,.T.);
#167=FACE_OUTER_BOUND('',#320,.T.);
#168=FACE_OUTER_BOUND('',#321,.T.);
#169=FACE_OUTER_BOUND('',#322,.T.);
#170=FACE_OUTER_BOUND('',#323,.T.);
#171=FACE_OUTER_BOUND('',#324,.T.);
#172=FACE_OUTER_BOUND('',#325,.T.);
#173=FACE_OUTER_BOUND('',#326,.T.);
#174=FACE_OUTER_BOUND('',#327,.T.);
#175=FACE_OUTER_BOUND('',#328,.T.);
#176=FACE_OUTER_BOUND('',#329,.T.);
#177=FACE_OUTER_BOUND('',#330,.T.);
#178=FACE_OUTER_BOUND('',#331,.T.);
#179=FACE_OUTER_BOUND('',#332,.T.);
#180=FACE_OUTER_BOUND('',#333,.T.);
#181=FACE_OUTER_BOUND('',#334,.T.);
#182=FACE_OUTER_BOUND('',#336,.T.);
#183=FACE_OUTER_BOUND('',#337,.T.);
#184=FACE_OUTER_BOUND('',#338,.T.);
#185=FACE_OUTER_BOUND('',#339,.T.);
#186=FACE_OUTER_BOUND('',#340,.T.);
#187=FACE_OUTER_BOUND('',#341,.T.);
#188=FACE_OUTER_BOUND('',#342,.T.);
#189=FACE_OUTER_BOUND('',#343,.T.);
#190=FACE_OUTER_BOUND('',#344,.T.);
#191=FACE_OUTER_BOUND('',#346,.T.);
#192=FACE_OUTER_BOUND('',#347,.T.);
#193=FACE_OUTER_BOUND('',#348,.T.);
#194=FACE_OUTER_BOUND('',#349,.T.);
#195=FACE_OUTER_BOUND('',#350,.T.);
#196=FACE_OUTER_BOUND('',#351,.T.);
#197=FACE_OUTER_BOUND('',#352,.T.);
#198=FACE_OUTER_BOUND('',#353,.T.);
#199=FACE_OUTER_BOUND('',#354,.T.);
#200=FACE_OUTER_BOUND('',#355,.T.);
#201=FACE_OUTER_BOUND('',#356,.T.);
#202=FACE_OUTER_BOUND('',#357,.T.);
#203=FACE_OUTER_BOUND('',#358,.T.);
#204=FACE_OUTER_BOUND('',#359,.T.);
#205=FACE_OUTER_BOUND('',#360,.T.);
#206=FACE_OUTER_BOUND('',#361,.T.);
#207=FACE_OUTER_BOUND('',#362,.T.);
#208=FACE_OUTER_BOUND('',#363,.T.);
#209=FACE_OUTER_BOUND('',#364,.T.);
#210=FACE_OUTER_BOUND('',#365,.T.);
#211=FACE_OUTER_BOUND('',#367,.T.);
#212=FACE_OUTER_BOUND('',#368,.T.);
#213=FACE_OUTER_BOUND('',#369,.T.);
#214=FACE_OUTER_BOUND('',#370,.T.);
#215=FACE_OUTER_BOUND('',#371,.T.);
#216=FACE_OUTER_BOUND('',#373,.T.);
#217=FACE_OUTER_BOUND('',#374,.T.);
#218=FACE_OUTER_BOUND('',#375,.T.);
#219=FACE_OUTER_BOUND('',#376,.T.);
#220=FACE_OUTER_BOUND('',#377,.T.);
#221=FACE_OUTER_BOUND('',#380,.T.);
#222=FACE_OUTER_BOUND('',#381,.T.);
#223=FACE_OUTER_BOUND('',#382,.T.);
#224=FACE_OUTER_BOUND('',#383,.T.);
#225=FACE_OUTER_BOUND('',#384,.T.);
#226=FACE_OUTER_BOUND('',#385,.T.);
#227=FACE_OUTER_BOUND('',#388,.T.);
#228=FACE_OUTER_BOUND('',#389,.T.);
#229=FACE_OUTER_BOUND('',#390,.T.);
#230=FACE_OUTER_BOUND('',#391,.T.);
#231=FACE_OUTER_BOUND('',#392,.T.);
#232=FACE_OUTER_BOUND('',#393,.T.);
#233=FACE_OUTER_BOUND('',#394,.T.);
#234=FACE_OUTER_BOUND('',#395,.T.);
#235=FACE_OUTER_BOUND('',#396,.T.);
#236=FACE_OUTER_BOUND('',#402,.T.);
#237=FACE_OUTER_BOUND('',#403,.T.);
#238=FACE_OUTER_BOUND('',#404,.T.);
#239=FACE_OUTER_BOUND('',#405,.T.);
#240=FACE_OUTER_BOUND('',#408,.T.);
#241=FACE_OUTER_BOUND('',#409,.T.);
#242=FACE_OUTER_BOUND('',#410,.T.);
#243=FACE_OUTER_BOUND('',#411,.T.);
#244=FACE_OUTER_BOUND('',#412,.T.);
#245=FACE_OUTER_BOUND('',#413,.T.);
#246=FACE_OUTER_BOUND('',#414,.T.);
#247=FACE_OUTER_BOUND('',#415,.T.);
#248=FACE_OUTER_BOUND('',#416,.T.);
#249=FACE_OUTER_BOUND('',#417,.T.);
#250=FACE_OUTER_BOUND('',#418,.T.);
#251=FACE_OUTER_BOUND('',#419,.T.);
#252=FACE_OUTER_BOUND('',#420,.T.);
#253=FACE_OUTER_BOUND('',#422,.T.);
#254=FACE_OUTER_BOUND('',#423,.T.);
#255=FACE_OUTER_BOUND('',#424,.T.);
#256=FACE_OUTER_BOUND('',#425,.T.);
#257=FACE_OUTER_BOUND('',#426,.T.);
#258=FACE_OUTER_BOUND('',#428,.T.);
#259=FACE_OUTER_BOUND('',#429,.T.);
#260=FACE_OUTER_BOUND('',#430,.T.);
#261=FACE_OUTER_BOUND('',#431,.T.);
#262=FACE_OUTER_BOUND('',#432,.T.);
#263=FACE_OUTER_BOUND('',#434,.T.);
#264=FACE_OUTER_BOUND('',#435,.T.);
#265=FACE_OUTER_BOUND('',#436,.T.);
#266=FACE_OUTER_BOUND('',#437,.T.);
#267=FACE_OUTER_BOUND('',#438,.T.);
#268=FACE_OUTER_BOUND('',#440,.T.);
#269=FACE_OUTER_BOUND('',#441,.T.);
#270=FACE_OUTER_BOUND('',#442,.T.);
#271=FACE_OUTER_BOUND('',#443,.T.);
#272=FACE_OUTER_BOUND('',#444,.T.);
#273=FACE_OUTER_BOUND('',#445,.T.);
#274=FACE_OUTER_BOUND('',#446,.T.);
#275=FACE_OUTER_BOUND('',#447,.T.);
#276=FACE_OUTER_BOUND('',#448,.T.);
#277=FACE_OUTER_BOUND('',#449,.T.);
#278=FACE_OUTER_BOUND('',#450,.T.);
#279=FACE_OUTER_BOUND('',#451,.T.);
#280=FACE_OUTER_BOUND('',#452,.T.);
#281=FACE_OUTER_BOUND('',#453,.T.);
#282=FACE_OUTER_BOUND('',#454,.T.);
#283=FACE_OUTER_BOUND('',#455,.T.);
#284=EDGE_LOOP('',(#1741,#1742,#1743,#1744));
#285=EDGE_LOOP('',(#1745,#1746,#1747,#1748,#1749,#1750));
#286=EDGE_LOOP('',(#1751));
#287=EDGE_LOOP('',(#1752));
#288=EDGE_LOOP('',(#1753));
#289=EDGE_LOOP('',(#1754,#1755,#1756,#1757));
#290=EDGE_LOOP('',(#1758,#1759,#1760,#1761,#1762,#1763));
#291=EDGE_LOOP('',(#1764));
#292=EDGE_LOOP('',(#1765));
#293=EDGE_LOOP('',(#1766));
#294=EDGE_LOOP('',(#1767,#1768,#1769,#1770));
#295=EDGE_LOOP('',(#1771,#1772,#1773,#1774));
#296=EDGE_LOOP('',(#1775,#1776,#1777,#1778,#1779,#1780));
#297=EDGE_LOOP('',(#1781,#1782,#1783,#1784));
#298=EDGE_LOOP('',(#1785,#1786,#1787,#1788,#1789,#1790,#1791,#1792,#1793,
#1794,#1795,#1796,#1797,#1798,#1799,#1800,#1801,#1802,#1803,#1804));
#299=EDGE_LOOP('',(#1805,#1806,#1807,#1808,#1809,#1810,#1811,#1812));
#300=EDGE_LOOP('',(#1813,#1814,#1815,#1816));
#301=EDGE_LOOP('',(#1817,#1818,#1819,#1820));
#302=EDGE_LOOP('',(#1821,#1822,#1823,#1824));
#303=EDGE_LOOP('',(#1825,#1826,#1827,#1828));
#304=EDGE_LOOP('',(#1829,#1830,#1831,#1832));
#305=EDGE_LOOP('',(#1833,#1834,#1835,#1836,#1837,#1838,#1839,#1840));
#306=EDGE_LOOP('',(#1841,#1842,#1843,#1844));
#307=EDGE_LOOP('',(#1845,#1846,#1847,#1848));
#308=EDGE_LOOP('',(#1849,#1850,#1851,#1852));
#309=EDGE_LOOP('',(#1853,#1854,#1855,#1856));
#310=EDGE_LOOP('',(#1857,#1858,#1859,#1860,#1861,#1862));
#311=EDGE_LOOP('',(#1863,#1864,#1865,#1866,#1867,#1868));
#312=EDGE_LOOP('',(#1869,#1870,#1871,#1872,#1873));
#313=EDGE_LOOP('',(#1874,#1875,#1876,#1877));
#314=EDGE_LOOP('',(#1878,#1879,#1880,#1881));
#315=EDGE_LOOP('',(#1882,#1883,#1884,#1885));
#316=EDGE_LOOP('',(#1886,#1887,#1888,#1889));
#317=EDGE_LOOP('',(#1890,#1891,#1892,#1893,#1894));
#318=EDGE_LOOP('',(#1895,#1896,#1897,#1898));
#319=EDGE_LOOP('',(#1899,#1900,#1901,#1902));
#320=EDGE_LOOP('',(#1903,#1904,#1905,#1906,#1907,#1908,#1909,#1910,#1911,
#1912,#1913,#1914,#1915,#1916));
#321=EDGE_LOOP('',(#1917,#1918,#1919,#1920));
#322=EDGE_LOOP('',(#1921,#1922,#1923,#1924));
#323=EDGE_LOOP('',(#1925,#1926,#1927,#1928));
#324=EDGE_LOOP('',(#1929,#1930,#1931,#1932));
#325=EDGE_LOOP('',(#1933,#1934,#1935,#1936));
#326=EDGE_LOOP('',(#1937,#1938,#1939,#1940));
#327=EDGE_LOOP('',(#1941,#1942,#1943,#1944));
#328=EDGE_LOOP('',(#1945,#1946,#1947,#1948));
#329=EDGE_LOOP('',(#1949,#1950,#1951,#1952));
#330=EDGE_LOOP('',(#1953,#1954,#1955,#1956));
#331=EDGE_LOOP('',(#1957,#1958,#1959,#1960));
#332=EDGE_LOOP('',(#1961,#1962,#1963,#1964));
#333=EDGE_LOOP('',(#1965,#1966,#1967,#1968));
#334=EDGE_LOOP('',(#1969,#1970,#1971,#1972,#1973,#1974,#1975,#1976));
#335=EDGE_LOOP('',(#1977,#1978,#1979,#1980));
#336=EDGE_LOOP('',(#1981,#1982,#1983,#1984));
#337=EDGE_LOOP('',(#1985,#1986,#1987,#1988));
#338=EDGE_LOOP('',(#1989,#1990,#1991,#1992));
#339=EDGE_LOOP('',(#1993,#1994,#1995,#1996));
#340=EDGE_LOOP('',(#1997,#1998,#1999,#2000));
#341=EDGE_LOOP('',(#2001,#2002,#2003,#2004));
#342=EDGE_LOOP('',(#2005,#2006,#2007,#2008));
#343=EDGE_LOOP('',(#2009,#2010,#2011,#2012));
#344=EDGE_LOOP('',(#2013,#2014,#2015,#2016,#2017,#2018,#2019,#2020));
#345=EDGE_LOOP('',(#2021,#2022,#2023,#2024));
#346=EDGE_LOOP('',(#2025,#2026,#2027,#2028));
#347=EDGE_LOOP('',(#2029,#2030,#2031,#2032));
#348=EDGE_LOOP('',(#2033,#2034,#2035,#2036));
#349=EDGE_LOOP('',(#2037,#2038,#2039,#2040));
#350=EDGE_LOOP('',(#2041,#2042,#2043,#2044));
#351=EDGE_LOOP('',(#2045,#2046,#2047,#2048));
#352=EDGE_LOOP('',(#2049,#2050,#2051,#2052,#2053,#2054,#2055,#2056,#2057,
#2058,#2059,#2060,#2061,#2062,#2063));
#353=EDGE_LOOP('',(#2064,#2065,#2066,#2067));
#354=EDGE_LOOP('',(#2068,#2069,#2070,#2071));
#355=EDGE_LOOP('',(#2072,#2073,#2074,#2075));
#356=EDGE_LOOP('',(#2076,#2077,#2078,#2079));
#357=EDGE_LOOP('',(#2080,#2081,#2082,#2083));
#358=EDGE_LOOP('',(#2084));
#359=EDGE_LOOP('',(#2085,#2086,#2087,#2088));
#360=EDGE_LOOP('',(#2089));
#361=EDGE_LOOP('',(#2090,#2091,#2092,#2093));
#362=EDGE_LOOP('',(#2094,#2095,#2096,#2097,#2098));
#363=EDGE_LOOP('',(#2099,#2100,#2101,#2102));
#364=EDGE_LOOP('',(#2103,#2104,#2105,#2106,#2107));
#365=EDGE_LOOP('',(#2108,#2109,#2110,#2111));
#366=EDGE_LOOP('',(#2112,#2113,#2114,#2115));
#367=EDGE_LOOP('',(#2116,#2117,#2118,#2119,#2120));
#368=EDGE_LOOP('',(#2121,#2122,#2123,#2124));
#369=EDGE_LOOP('',(#2125,#2126,#2127,#2128,#2129));
#370=EDGE_LOOP('',(#2130,#2131,#2132,#2133));
#371=EDGE_LOOP('',(#2134,#2135,#2136,#2137));
#372=EDGE_LOOP('',(#2138,#2139,#2140,#2141));
#373=EDGE_LOOP('',(#2142,#2143,#2144,#2145));
#374=EDGE_LOOP('',(#2146,#2147,#2148,#2149));
#375=EDGE_LOOP('',(#2150,#2151,#2152,#2153));
#376=EDGE_LOOP('',(#2154,#2155,#2156,#2157));
#377=EDGE_LOOP('',(#2158,#2159,#2160,#2161,#2162,#2163,#2164,#2165,#2166,
#2167));
#378=EDGE_LOOP('',(#2168));
#379=EDGE_LOOP('',(#2169));
#380=EDGE_LOOP('',(#2170,#2171,#2172,#2173,#2174));
#381=EDGE_LOOP('',(#2175,#2176,#2177,#2178));
#382=EDGE_LOOP('',(#2179,#2180,#2181,#2182));
#383=EDGE_LOOP('',(#2183,#2184,#2185,#2186));
#384=EDGE_LOOP('',(#2187,#2188,#2189,#2190));
#385=EDGE_LOOP('',(#2191,#2192,#2193,#2194,#2195,#2196));
#386=EDGE_LOOP('',(#2197,#2198,#2199,#2200));
#387=EDGE_LOOP('',(#2201,#2202,#2203,#2204));
#388=EDGE_LOOP('',(#2205,#2206,#2207,#2208,#2209,#2210));
#389=EDGE_LOOP('',(#2211,#2212,#2213,#2214,#2215,#2216));
#390=EDGE_LOOP('',(#2217,#2218,#2219,#2220));
#391=EDGE_LOOP('',(#2221,#2222,#2223,#2224));
#392=EDGE_LOOP('',(#2225,#2226,#2227,#2228));
#393=EDGE_LOOP('',(#2229,#2230,#2231,#2232));
#394=EDGE_LOOP('',(#2233,#2234,#2235,#2236));
#395=EDGE_LOOP('',(#2237,#2238,#2239,#2240));
#396=EDGE_LOOP('',(#2241,#2242,#2243,#2244,#2245,#2246,#2247,#2248,#2249,
#2250,#2251,#2252,#2253,#2254,#2255,#2256,#2257,#2258,#2259));
#397=EDGE_LOOP('',(#2260,#2261,#2262,#2263));
#398=EDGE_LOOP('',(#2264,#2265,#2266,#2267));
#399=EDGE_LOOP('',(#2268,#2269,#2270,#2271,#2272,#2273,#2274,#2275));
#400=EDGE_LOOP('',(#2276,#2277,#2278,#2279));
#401=EDGE_LOOP('',(#2280,#2281,#2282,#2283));
#402=EDGE_LOOP('',(#2284,#2285,#2286,#2287));
#403=EDGE_LOOP('',(#2288,#2289,#2290,#2291,#2292));
#404=EDGE_LOOP('',(#2293,#2294,#2295,#2296));
#405=EDGE_LOOP('',(#2297,#2298,#2299,#2300,#2301,#2302));
#406=EDGE_LOOP('',(#2303,#2304,#2305,#2306,#2307,#2308,#2309,#2310));
#407=EDGE_LOOP('',(#2311,#2312,#2313,#2314,#2315,#2316,#2317,#2318));
#408=EDGE_LOOP('',(#2319,#2320,#2321,#2322));
#409=EDGE_LOOP('',(#2323,#2324,#2325,#2326));
#410=EDGE_LOOP('',(#2327,#2328,#2329,#2330));
#411=EDGE_LOOP('',(#2331,#2332,#2333,#2334));
#412=EDGE_LOOP('',(#2335,#2336,#2337,#2338));
#413=EDGE_LOOP('',(#2339,#2340,#2341,#2342));
#414=EDGE_LOOP('',(#2343,#2344,#2345,#2346));
#415=EDGE_LOOP('',(#2347,#2348,#2349,#2350));
#416=EDGE_LOOP('',(#2351,#2352,#2353,#2354));
#417=EDGE_LOOP('',(#2355,#2356,#2357,#2358));
#418=EDGE_LOOP('',(#2359,#2360,#2361,#2362));
#419=EDGE_LOOP('',(#2363,#2364,#2365,#2366));
#420=EDGE_LOOP('',(#2367,#2368,#2369,#2370));
#421=EDGE_LOOP('',(#2371,#2372,#2373,#2374));
#422=EDGE_LOOP('',(#2375,#2376,#2377,#2378));
#423=EDGE_LOOP('',(#2379,#2380,#2381,#2382));
#424=EDGE_LOOP('',(#2383,#2384,#2385,#2386));
#425=EDGE_LOOP('',(#2387,#2388,#2389,#2390));
#426=EDGE_LOOP('',(#2391,#2392,#2393,#2394));
#427=EDGE_LOOP('',(#2395,#2396,#2397,#2398));
#428=EDGE_LOOP('',(#2399,#2400,#2401,#2402));
#429=EDGE_LOOP('',(#2403,#2404,#2405,#2406));
#430=EDGE_LOOP('',(#2407,#2408,#2409,#2410));
#431=EDGE_LOOP('',(#2411,#2412,#2413,#2414));
#432=EDGE_LOOP('',(#2415,#2416,#2417,#2418));
#433=EDGE_LOOP('',(#2419,#2420,#2421,#2422));
#434=EDGE_LOOP('',(#2423,#2424,#2425,#2426));
#435=EDGE_LOOP('',(#2427,#2428,#2429,#2430));
#436=EDGE_LOOP('',(#2431,#2432,#2433,#2434));
#437=EDGE_LOOP('',(#2435,#2436,#2437,#2438));
#438=EDGE_LOOP('',(#2439,#2440,#2441,#2442));
#439=EDGE_LOOP('',(#2443,#2444,#2445,#2446));
#440=EDGE_LOOP('',(#2447,#2448,#2449,#2450));
#441=EDGE_LOOP('',(#2451,#2452,#2453,#2454));
#442=EDGE_LOOP('',(#2455,#2456,#2457,#2458));
#443=EDGE_LOOP('',(#2459,#2460,#2461,#2462));
#444=EDGE_LOOP('',(#2463,#2464,#2465,#2466));
#445=EDGE_LOOP('',(#2467,#2468,#2469,#2470));
#446=EDGE_LOOP('',(#2471,#2472,#2473,#2474));
#447=EDGE_LOOP('',(#2475,#2476,#2477,#2478));
#448=EDGE_LOOP('',(#2479,#2480,#2481,#2482));
#449=EDGE_LOOP('',(#2483,#2484,#2485,#2486));
#450=EDGE_LOOP('',(#2487,#2488,#2489,#2490));
#451=EDGE_LOOP('',(#2491,#2492,#2493,#2494));
#452=EDGE_LOOP('',(#2495,#2496,#2497,#2498));
#453=EDGE_LOOP('',(#2499,#2500,#2501,#2502));
#454=EDGE_LOOP('',(#2503,#2504,#2505,#2506));
#455=EDGE_LOOP('',(#2507,#2508,#2509,#2510));
#456=LINE('',#3767,#726);
#457=LINE('',#3770,#727);
#458=LINE('',#3773,#728);
#459=LINE('',#3775,#729);
#460=LINE('',#3777,#730);
#461=LINE('',#3779,#731);
#462=LINE('',#3780,#732);
#463=LINE('',#3792,#733);
#464=LINE('',#3795,#734);
#465=LINE('',#3798,#735);
#466=LINE('',#3800,#736);
#467=LINE('',#3802,#737);
#468=LINE('',#3804,#738);
#469=LINE('',#3805,#739);
#470=LINE('',#3817,#740);
#471=LINE('',#3820,#741);
#472=LINE('',#3822,#742);
#473=LINE('',#3823,#743);
#474=LINE('',#3825,#744);
#475=LINE('',#3831,#745);
#476=LINE('',#3835,#746);
#477=LINE('',#3839,#747);
#478=LINE('',#3841,#748);
#479=LINE('',#3843,#749);
#480=LINE('',#3847,#750);
#481=LINE('',#3851,#751);
#482=LINE('',#3854,#752);
#483=LINE('',#3857,#753);
#484=LINE('',#3861,#754);
#485=LINE('',#3865,#755);
#486=LINE('',#3869,#756);
#487=LINE('',#3875,#757);
#488=LINE('',#3878,#758);
#489=LINE('',#3883,#759);
#490=LINE('',#3886,#760);
#491=LINE('',#3889,#761);
#492=LINE('',#3893,#762);
#493=LINE('',#3897,#763);
#494=LINE('',#3901,#764);
#495=LINE('',#3907,#765);
#496=LINE('',#3908,#766);
#497=LINE('',#3911,#767);
#498=LINE('',#3913,#768);
#499=LINE('',#3917,#769);
#500=LINE('',#3920,#770);
#501=LINE('',#3925,#771);
#502=LINE('',#3928,#772);
#503=LINE('',#3931,#773);
#504=LINE('',#3935,#774);
#505=LINE('',#3938,#775);
#506=LINE('',#3941,#776);
#507=LINE('',#3957,#777);
#508=LINE('',#3958,#778);
#509=LINE('',#3960,#779);
#510=LINE('',#3961,#780);
#511=LINE('',#3964,#781);
#512=LINE('',#3966,#782);
#513=LINE('',#3968,#783);
#514=LINE('',#3970,#784);
#515=LINE('',#3971,#785);
#516=LINE('',#3976,#786);
#517=LINE('',#3979,#787);
#518=LINE('',#3981,#788);
#519=LINE('',#3983,#789);
#520=LINE('',#3985,#790);
#521=LINE('',#3991,#791);
#522=LINE('',#3995,#792);
#523=LINE('',#3999,#793);
#524=LINE('',#4002,#794);
#525=LINE('',#4005,#795);
#526=LINE('',#4006,#796);
#527=LINE('',#4009,#797);
#528=LINE('',#4011,#798);
#529=LINE('',#4015,#799);
#530=LINE('',#4019,#800);
#531=LINE('',#4023,#801);
#532=LINE('',#4027,#802);
#533=LINE('',#4029,#803);
#534=LINE('',#4033,#804);
#535=LINE('',#4034,#805);
#536=LINE('',#4042,#806);
#537=LINE('',#4050,#807);
#538=LINE('',#4054,#808);
#539=LINE('',#4056,#809);
#540=LINE('',#4058,#810);
#541=LINE('',#4059,#811);
#542=LINE('',#4062,#812);
#543=LINE('',#4064,#813);
#544=LINE('',#4065,#814);
#545=LINE('',#4068,#815);
#546=LINE('',#4070,#816);
#547=LINE('',#4071,#817);
#548=LINE('',#4074,#818);
#549=LINE('',#4076,#819);
#550=LINE('',#4077,#820);
#551=LINE('',#4080,#821);
#552=LINE('',#4082,#822);
#553=LINE('',#4083,#823);
#554=LINE('',#4086,#824);
#555=LINE('',#4088,#825);
#556=LINE('',#4089,#826);
#557=LINE('',#4092,#827);
#558=LINE('',#4094,#828);
#559=LINE('',#4095,#829);
#560=LINE('',#4097,#830);
#561=LINE('',#4098,#831);
#562=LINE('',#4102,#832);
#563=LINE('',#4106,#833);
#564=LINE('',#4111,#834);
#565=LINE('',#4113,#835);
#566=LINE('',#4115,#836);
#567=LINE('',#4116,#837);
#568=LINE('',#4119,#838);
#569=LINE('',#4121,#839);
#570=LINE('',#4122,#840);
#571=LINE('',#4125,#841);
#572=LINE('',#4127,#842);
#573=LINE('',#4128,#843);
#574=LINE('',#4131,#844);
#575=LINE('',#4133,#845);
#576=LINE('',#4134,#846);
#577=LINE('',#4137,#847);
#578=LINE('',#4139,#848);
#579=LINE('',#4140,#849);
#580=LINE('',#4143,#850);
#581=LINE('',#4145,#851);
#582=LINE('',#4146,#852);
#583=LINE('',#4149,#853);
#584=LINE('',#4151,#854);
#585=LINE('',#4152,#855);
#586=LINE('',#4154,#856);
#587=LINE('',#4155,#857);
#588=LINE('',#4161,#858);
#589=LINE('',#4164,#859);
#590=LINE('',#4166,#860);
#591=LINE('',#4167,#861);
#592=LINE('',#4169,#862);
#593=LINE('',#4171,#863);
#594=LINE('',#4172,#864);
#595=LINE('',#4174,#865);
#596=LINE('',#4180,#866);
#597=LINE('',#4183,#867);
#598=LINE('',#4185,#868);
#599=LINE('',#4186,#869);
#600=LINE('',#4193,#870);
#601=LINE('',#4196,#871);
#602=LINE('',#4197,#872);
#603=LINE('',#4198,#873);
#604=LINE('',#4201,#874);
#605=LINE('',#4205,#875);
#606=LINE('',#4207,#876);
#607=LINE('',#4212,#877);
#608=LINE('',#4213,#878);
#609=LINE('',#4216,#879);
#610=LINE('',#4217,#880);
#611=LINE('',#4222,#881);
#612=LINE('',#4229,#882);
#613=LINE('',#4234,#883);
#614=LINE('',#4236,#884);
#615=LINE('',#4237,#885);
#616=LINE('',#4240,#886);
#617=LINE('',#4244,#887);
#618=LINE('',#4245,#888);
#619=LINE('',#4251,#889);
#620=LINE('',#4255,#890);
#621=LINE('',#4259,#891);
#622=LINE('',#4262,#892);
#623=LINE('',#4265,#893);
#624=LINE('',#4266,#894);
#625=LINE('',#4269,#895);
#626=LINE('',#4272,#896);
#627=LINE('',#4276,#897);
#628=LINE('',#4280,#898);
#629=LINE('',#4284,#899);
#630=LINE('',#4286,#900);
#631=LINE('',#4287,#901);
#632=LINE('',#4290,#902);
#633=LINE('',#4294,#903);
#634=LINE('',#4296,#904);
#635=LINE('',#4297,#905);
#636=LINE('',#4300,#906);
#637=LINE('',#4303,#907);
#638=LINE('',#4305,#908);
#639=LINE('',#4307,#909);
#640=LINE('',#4309,#910);
#641=LINE('',#4311,#911);
#642=LINE('',#4312,#912);
#643=LINE('',#4315,#913);
#644=LINE('',#4319,#914);
#645=LINE('',#4320,#915);
#646=LINE('',#4325,#916);
#647=LINE('',#4326,#917);
#648=LINE('',#4331,#918);
#649=LINE('',#4332,#919);
#650=LINE('',#4334,#920);
#651=LINE('',#4336,#921);
#652=LINE('',#4341,#922);
#653=LINE('',#4344,#923);
#654=LINE('',#4347,#924);
#655=LINE('',#4348,#925);
#656=LINE('',#4351,#926);
#657=LINE('',#4355,#927);
#658=LINE('',#4356,#928);
#659=LINE('',#4361,#929);
#660=LINE('',#4362,#930);
#661=LINE('',#4363,#931);
#662=LINE('',#4368,#932);
#663=LINE('',#4371,#933);
#664=LINE('',#4376,#934);
#665=LINE('',#4379,#935);
#666=LINE('',#4380,#936);
#667=LINE('',#4385,#937);
#668=LINE('',#4388,#938);
#669=LINE('',#4393,#939);
#670=LINE('',#4396,#940);
#671=LINE('',#4402,#941);
#672=LINE('',#4406,#942);
#673=LINE('',#4409,#943);
#674=LINE('',#4412,#944);
#675=LINE('',#4415,#945);
#676=LINE('',#4416,#946);
#677=LINE('',#4419,#947);
#678=LINE('',#4423,#948);
#679=LINE('',#4425,#949);
#680=LINE('',#4426,#950);
#681=LINE('',#4430,#951);
#682=LINE('',#4433,#952);
#683=LINE('',#4434,#953);
#684=LINE('',#4440,#954);
#685=LINE('',#4444,#955);
#686=LINE('',#4448,#956);
#687=LINE('',#4450,#957);
#688=LINE('',#4451,#958);
#689=LINE('',#4455,#959);
#690=LINE('',#4458,#960);
#691=LINE('',#4459,#961);
#692=LINE('',#4465,#962);
#693=LINE('',#4469,#963);
#694=LINE('',#4473,#964);
#695=LINE('',#4475,#965);
#696=LINE('',#4476,#966);
#697=LINE('',#4479,#967);
#698=LINE('',#4483,#968);
#699=LINE('',#4484,#969);
#700=LINE('',#4490,#970);
#701=LINE('',#4494,#971);
#702=LINE('',#4498,#972);
#703=LINE('',#4500,#973);
#704=LINE('',#4501,#974);
#705=LINE('',#4504,#975);
#706=LINE('',#4508,#976);
#707=LINE('',#4509,#977);
#708=LINE('',#4515,#978);
#709=LINE('',#4519,#979);
#710=LINE('',#4522,#980);
#711=LINE('',#4523,#981);
#712=LINE('',#4525,#982);
#713=LINE('',#4527,#983);
#714=LINE('',#4528,#984);
#715=LINE('',#4530,#985);
#716=LINE('',#4532,#986);
#717=LINE('',#4533,#987);
#718=LINE('',#4535,#988);
#719=LINE('',#4537,#989);
#720=LINE('',#4538,#990);
#721=LINE('',#4540,#991);
#722=LINE('',#4542,#992);
#723=LINE('',#4545,#993);
#724=LINE('',#4548,#994);
#725=LINE('',#4551,#995);
#726=VECTOR('',#2987,10.);
#727=VECTOR('',#2990,10.);
#728=VECTOR('',#2993,10.);
#729=VECTOR('',#2994,10.);
#730=VECTOR('',#2995,10.);
#731=VECTOR('',#2996,10.);
#732=VECTOR('',#2997,10.);
#733=VECTOR('',#3008,10.);
#734=VECTOR('',#3011,10.);
#735=VECTOR('',#3014,10.);
#736=VECTOR('',#3015,10.);
#737=VECTOR('',#3016,10.);
#738=VECTOR('',#3017,10.);
#739=VECTOR('',#3018,10.);
#740=VECTOR('',#3031,10.);
#741=VECTOR('',#3034,10.);
#742=VECTOR('',#3035,10.);
#743=VECTOR('',#3036,10.);
#744=VECTOR('',#3039,10.);
#745=VECTOR('',#3048,10.);
#746=VECTOR('',#3051,10.);
#747=VECTOR('',#3054,10.);
#748=VECTOR('',#3055,10.);
#749=VECTOR('',#3056,10.);
#750=VECTOR('',#3059,10.);
#751=VECTOR('',#3062,10.);
#752=VECTOR('',#3065,10.);
#753=VECTOR('',#3066,10.);
#754=VECTOR('',#3069,10.);
#755=VECTOR('',#3072,10.);
#756=VECTOR('',#3075,10.);
#757=VECTOR('',#3080,10.);
#758=VECTOR('',#3083,10.);
#759=VECTOR('',#3086,10.);
#760=VECTOR('',#3089,10.);
#761=VECTOR('',#3090,10.);
#762=VECTOR('',#3093,10.);
#763=VECTOR('',#3096,10.);
#764=VECTOR('',#3099,10.);
#765=VECTOR('',#3106,10.);
#766=VECTOR('',#3107,10.);
#767=VECTOR('',#3110,10.);
#768=VECTOR('',#3111,10.);
#769=VECTOR('',#3114,10.);
#770=VECTOR('',#3117,10.);
#771=VECTOR('',#3120,10.);
#772=VECTOR('',#3123,10.);
#773=VECTOR('',#3124,10.);
#774=VECTOR('',#3127,10.);
#775=VECTOR('',#3132,10.);
#776=VECTOR('',#3135,10.);
#777=VECTOR('',#3138,10.);
#778=VECTOR('',#3139,10.);
#779=VECTOR('',#3140,10.);
#780=VECTOR('',#3141,10.);
#781=VECTOR('',#3144,10.);
#782=VECTOR('',#3145,10.);
#783=VECTOR('',#3146,10.);
#784=VECTOR('',#3147,10.);
#785=VECTOR('',#3148,10.);
#786=VECTOR('',#3153,10.);
#787=VECTOR('',#3158,1.65091884499224);
#788=VECTOR('',#3161,1.60099342901495);
#789=VECTOR('',#3164,1.59816028146403);
#790=VECTOR('',#3167,10.);
#791=VECTOR('',#3172,10.);
#792=VECTOR('',#3175,10.);
#793=VECTOR('',#3180,10.);
#794=VECTOR('',#3183,10.);
#795=VECTOR('',#3186,10.);
#796=VECTOR('',#3187,10.);
#797=VECTOR('',#3190,10.);
#798=VECTOR('',#3191,10.);
#799=VECTOR('',#3194,10.);
#800=VECTOR('',#3197,10.);
#801=VECTOR('',#3200,10.);
#802=VECTOR('',#3203,10.);
#803=VECTOR('',#3204,10.);
#804=VECTOR('',#3209,10.);
#805=VECTOR('',#3210,10.);
#806=VECTOR('',#3221,10.);
#807=VECTOR('',#3232,10.);
#808=VECTOR('',#3235,10.);
#809=VECTOR('',#3236,10.);
#810=VECTOR('',#3237,10.);
#811=VECTOR('',#3238,10.);
#812=VECTOR('',#3241,10.);
#813=VECTOR('',#3242,10.);
#814=VECTOR('',#3243,10.);
#815=VECTOR('',#3246,10.);
#816=VECTOR('',#3247,10.);
#817=VECTOR('',#3248,10.);
#818=VECTOR('',#3251,10.);
#819=VECTOR('',#3252,10.);
#820=VECTOR('',#3253,10.);
#821=VECTOR('',#3256,10.);
#822=VECTOR('',#3257,10.);
#823=VECTOR('',#3258,10.);
#824=VECTOR('',#3261,10.);
#825=VECTOR('',#3262,10.);
#826=VECTOR('',#3263,10.);
#827=VECTOR('',#3266,10.);
#828=VECTOR('',#3267,10.);
#829=VECTOR('',#3268,10.);
#830=VECTOR('',#3271,10.);
#831=VECTOR('',#3272,10.);
#832=VECTOR('',#3275,10.);
#833=VECTOR('',#3278,10.);
#834=VECTOR('',#3283,10.);
#835=VECTOR('',#3284,10.);
#836=VECTOR('',#3285,10.);
#837=VECTOR('',#3286,10.);
#838=VECTOR('',#3289,10.);
#839=VECTOR('',#3290,10.);
#840=VECTOR('',#3291,10.);
#841=VECTOR('',#3294,10.);
#842=VECTOR('',#3295,10.);
#843=VECTOR('',#3296,10.);
#844=VECTOR('',#3299,10.);
#845=VECTOR('',#3300,10.);
#846=VECTOR('',#3301,10.);
#847=VECTOR('',#3304,10.);
#848=VECTOR('',#3305,10.);
#849=VECTOR('',#3306,10.);
#850=VECTOR('',#3309,10.);
#851=VECTOR('',#3310,10.);
#852=VECTOR('',#3311,10.);
#853=VECTOR('',#3314,10.);
#854=VECTOR('',#3315,10.);
#855=VECTOR('',#3316,10.);
#856=VECTOR('',#3319,10.);
#857=VECTOR('',#3320,10.);
#858=VECTOR('',#3325,10.);
#859=VECTOR('',#3328,10.);
#860=VECTOR('',#3331,10.);
#861=VECTOR('',#3332,10.);
#862=VECTOR('',#3335,10.);
#863=VECTOR('',#3338,10.);
#864=VECTOR('',#3339,10.);
#865=VECTOR('',#3342,10.);
#866=VECTOR('',#3347,10.);
#867=VECTOR('',#3350,10.);
#868=VECTOR('',#3353,10.);
#869=VECTOR('',#3354,10.);
#870=VECTOR('',#3361,10.);
#871=VECTOR('',#3364,10.);
#872=VECTOR('',#3365,10.);
#873=VECTOR('',#3366,10.);
#874=VECTOR('',#3369,10.);
#875=VECTOR('',#3374,10.);
#876=VECTOR('',#3377,10.);
#877=VECTOR('',#3382,10.);
#878=VECTOR('',#3383,10.);
#879=VECTOR('',#3386,10.);
#880=VECTOR('',#3387,10.);
#881=VECTOR('',#3392,1.5);
#882=VECTOR('',#3401,1.5);
#883=VECTOR('',#3408,10.);
#884=VECTOR('',#3409,10.);
#885=VECTOR('',#3410,10.);
#886=VECTOR('',#3413,10.);
#887=VECTOR('',#3418,10.);
#888=VECTOR('',#3419,10.);
#889=VECTOR('',#3426,10.);
#890=VECTOR('',#3429,10.);
#891=VECTOR('',#3434,10.);
#892=VECTOR('',#3437,10.);
#893=VECTOR('',#3440,10.);
#894=VECTOR('',#3441,10.);
#895=VECTOR('',#3444,10.);
#896=VECTOR('',#3449,10.);
#897=VECTOR('',#3452,10.);
#898=VECTOR('',#3455,10.);
#899=VECTOR('',#3460,10.);
#900=VECTOR('',#3461,10.);
#901=VECTOR('',#3462,10.);
#902=VECTOR('',#3465,10.);
#903=VECTOR('',#3470,10.);
#904=VECTOR('',#3471,10.);
#905=VECTOR('',#3472,10.);
#906=VECTOR('',#3475,10.);
#907=VECTOR('',#3480,10.);
#908=VECTOR('',#3481,10.);
#909=VECTOR('',#3482,10.);
#910=VECTOR('',#3483,10.);
#911=VECTOR('',#3484,10.);
#912=VECTOR('',#3485,10.);
#913=VECTOR('',#3488,10.);
#914=VECTOR('',#3493,10.);
#915=VECTOR('',#3494,10.);
#916=VECTOR('',#3501,10.);
#917=VECTOR('',#3502,10.);
#918=VECTOR('',#3509,10.);
#919=VECTOR('',#3510,10.);
#920=VECTOR('',#3513,10.);
#921=VECTOR('',#3516,10.);
#922=VECTOR('',#3523,10.);
#923=VECTOR('',#3526,10.);
#924=VECTOR('',#3529,10.);
#925=VECTOR('',#3530,10.);
#926=VECTOR('',#3533,10.);
#927=VECTOR('',#3538,10.);
#928=VECTOR('',#3539,10.);
#929=VECTOR('',#3546,10.);
#930=VECTOR('',#3547,10.);
#931=VECTOR('',#3548,10.);
#932=VECTOR('',#3551,10.);
#933=VECTOR('',#3554,10.);
#934=VECTOR('',#3557,10.);
#935=VECTOR('',#3560,10.);
#936=VECTOR('',#3561,10.);
#937=VECTOR('',#3564,10.);
#938=VECTOR('',#3567,10.);
#939=VECTOR('',#3570,10.);
#940=VECTOR('',#3573,10.);
#941=VECTOR('',#3582,10.);
#942=VECTOR('',#3585,10.);
#943=VECTOR('',#3590,10.);
#944=VECTOR('',#3595,10.);
#945=VECTOR('',#3600,10.);
#946=VECTOR('',#3601,10.);
#947=VECTOR('',#3606,10.);
#948=VECTOR('',#3611,10.);
#949=VECTOR('',#3612,10.);
#950=VECTOR('',#3613,10.);
#951=VECTOR('',#3618,10.);
#952=VECTOR('',#3621,10.);
#953=VECTOR('',#3622,10.);
#954=VECTOR('',#3629,10.);
#955=VECTOR('',#3632,10.);
#956=VECTOR('',#3637,10.);
#957=VECTOR('',#3638,10.);
#958=VECTOR('',#3639,10.);
#959=VECTOR('',#3644,10.);
#960=VECTOR('',#3647,10.);
#961=VECTOR('',#3648,10.);
#962=VECTOR('',#3655,10.);
#963=VECTOR('',#3658,10.);
#964=VECTOR('',#3663,10.);
#965=VECTOR('',#3664,10.);
#966=VECTOR('',#3665,10.);
#967=VECTOR('',#3668,10.);
#968=VECTOR('',#3673,10.);
#969=VECTOR('',#3674,10.);
#970=VECTOR('',#3681,10.);
#971=VECTOR('',#3684,10.);
#972=VECTOR('',#3689,10.);
#973=VECTOR('',#3690,10.);
#974=VECTOR('',#3691,10.);
#975=VECTOR('',#3694,10.);
#976=VECTOR('',#3699,10.);
#977=VECTOR('',#3700,10.);
#978=VECTOR('',#3707,10.);
#979=VECTOR('',#3710,10.);
#980=VECTOR('',#3715,10.);
#981=VECTOR('',#3716,10.);
#982=VECTOR('',#3719,10.);
#983=VECTOR('',#3722,10.);
#984=VECTOR('',#3723,10.);
#985=VECTOR('',#3726,10.);
#986=VECTOR('',#3729,10.);
#987=VECTOR('',#3730,10.);
#988=VECTOR('',#3733,10.);
#989=VECTOR('',#3736,10.);
#990=VECTOR('',#3737,10.);
#991=VECTOR('',#3740,10.);
#992=VECTOR('',#3743,10.);
#993=VECTOR('',#3748,10.);
#994=VECTOR('',#3753,10.);
#995=VECTOR('',#3758,10.);
#996=CIRCLE('',#2728,2.);
#997=CIRCLE('',#2729,2.);
#998=CIRCLE('',#2731,1.65091884499224);
#999=CIRCLE('',#2732,1.60099342901495);
#1000=CIRCLE('',#2733,1.59816028146403);
#1001=CIRCLE('',#2735,2.);
#1002=CIRCLE('',#2736,2.);
#1003=CIRCLE('',#2738,1.65091884499224);
#1004=CIRCLE('',#2739,1.60099342901495);
#1005=CIRCLE('',#2740,1.59816028146403);
#1006=CIRCLE('',#2742,2.);
#1007=CIRCLE('',#2743,2.);
#1008=CIRCLE('',#2746,2.);
#1009=CIRCLE('',#2748,2.);
#1010=CIRCLE('',#2750,2.);
#1011=CIRCLE('',#2751,2.);
#1012=CIRCLE('',#2752,2.);
#1013=CIRCLE('',#2753,2.);
#1014=CIRCLE('',#2754,2.);
#1015=CIRCLE('',#2755,2.);
#1016=CIRCLE('',#2756,2.);
#1017=CIRCLE('',#2757,2.);
#1018=CIRCLE('',#2758,2.);
#1019=CIRCLE('',#2759,3.);
#1020=CIRCLE('',#2760,3.);
#1021=CIRCLE('',#2761,3.);
#1022=CIRCLE('',#2762,3.);
#1023=CIRCLE('',#2763,3.);
#1024=CIRCLE('',#2764,3.);
#1025=CIRCLE('',#2765,3.);
#1026=CIRCLE('',#2766,3.);
#1027=CIRCLE('',#2768,2.);
#1028=CIRCLE('',#2770,2.6);
#1029=CIRCLE('',#2771,2.6);
#1030=CIRCLE('',#2772,1.6);
#1031=CIRCLE('',#2773,1.6);
#1032=CIRCLE('',#2774,1.6);
#1033=CIRCLE('',#2775,1.6);
#1034=CIRCLE('',#2782,2.);
#1035=CIRCLE('',#2788,2.);
#1036=CIRCLE('',#2789,2.);
#1037=CIRCLE('',#2795,3.);
#1038=CIRCLE('',#2796,3.);
#1039=CIRCLE('',#2797,3.);
#1040=CIRCLE('',#2798,3.);
#1041=CIRCLE('',#2799,2.);
#1042=CIRCLE('',#2802,4.6);
#1043=CIRCLE('',#2803,1.99999999999999);
#1044=CIRCLE('',#2805,1.99999999999999);
#1045=CIRCLE('',#2807,1.99999999999999);
#1046=CIRCLE('',#2808,4.6);
#1047=CIRCLE('',#2810,2.);
#1048=CIRCLE('',#2820,1.6);
#1049=CIRCLE('',#2821,1.6);
#1050=CIRCLE('',#2831,1.6);
#1051=CIRCLE('',#2832,1.6);
#1052=CIRCLE('',#2847,2.);
#1053=CIRCLE('',#2850,2.);
#1054=CIRCLE('',#2853,1.5);
#1055=CIRCLE('',#2854,1.5);
#1056=CIRCLE('',#2857,1.5);
#1057=CIRCLE('',#2858,1.5);
#1058=CIRCLE('',#2862,3.);
#1059=CIRCLE('',#2865,3.);
#1060=CIRCLE('',#2867,1.6);
#1061=CIRCLE('',#2868,1.6);
#1062=CIRCLE('',#2870,3.);
#1063=CIRCLE('',#2873,3.);
#1064=CIRCLE('',#2876,1.6);
#1065=CIRCLE('',#2877,1.6);
#1066=CIRCLE('',#2880,1.6);
#1067=CIRCLE('',#2883,1.6);
#1068=CIRCLE('',#2886,2.);
#1069=CIRCLE('',#2889,1.6);
#1070=CIRCLE('',#2892,1.6);
#1071=CIRCLE('',#2897,2.);
#1072=CIRCLE('',#2899,2.);
#1073=CIRCLE('',#2902,2.);
#1074=CIRCLE('',#2905,2.);
#1075=CIRCLE('',#2907,1.6);
#1076=CIRCLE('',#2908,1.6);
#1077=CIRCLE('',#2909,1.6);
#1078=CIRCLE('',#2910,1.6);
#1079=CIRCLE('',#2911,1.6);
#1080=CIRCLE('',#2912,1.6);
#1081=CIRCLE('',#2913,1.6);
#1082=CIRCLE('',#2914,1.6);
#1083=CIRCLE('',#2919,4.6);
#1084=CIRCLE('',#2920,4.6);
#1085=CIRCLE('',#2931,3.);
#1086=CIRCLE('',#2934,3.);
#1087=CIRCLE('',#2936,1.6);
#1088=CIRCLE('',#2937,1.6);
#1089=CIRCLE('',#2940,3.);
#1090=CIRCLE('',#2943,3.);
#1091=CIRCLE('',#2945,1.6);
#1092=CIRCLE('',#2946,1.6);
#1093=CIRCLE('',#2949,3.);
#1094=CIRCLE('',#2952,3.);
#1095=CIRCLE('',#2954,1.6);
#1096=CIRCLE('',#2955,1.6);
#1097=CIRCLE('',#2958,3.);
#1098=CIRCLE('',#2961,3.);
#1099=CIRCLE('',#2963,1.6);
#1100=CIRCLE('',#2964,1.6);
#1101=VERTEX_POINT('',#3763);
#1102=VERTEX_POINT('',#3764);
#1103=VERTEX_POINT('',#3766);
#1104=VERTEX_POINT('',#3768);
#1105=VERTEX_POINT('',#3772);
#1106=VERTEX_POINT('',#3774);
#1107=VERTEX_POINT('',#3776);
#1108=VERTEX_POINT('',#3778);
#1109=VERTEX_POINT('',#3781);
#1110=VERTEX_POINT('',#3783);
#1111=VERTEX_POINT('',#3785);
#1112=VERTEX_POINT('',#3788);
#1113=VERTEX_POINT('',#3789);
#1114=VERTEX_POINT('',#3791);
#1115=VERTEX_POINT('',#3793);
#1116=VERTEX_POINT('',#3797);
#1117=VERTEX_POINT('',#3799);
#1118=VERTEX_POINT('',#3801);
#1119=VERTEX_POINT('',#3803);
#1120=VERTEX_POINT('',#3806);
#1121=VERTEX_POINT('',#3808);
#1122=VERTEX_POINT('',#3810);
#1123=VERTEX_POINT('',#3813);
#1124=VERTEX_POINT('',#3815);
#1125=VERTEX_POINT('',#3819);
#1126=VERTEX_POINT('',#3821);
#1127=VERTEX_POINT('',#3830);
#1128=VERTEX_POINT('',#3832);
#1129=VERTEX_POINT('',#3834);
#1130=VERTEX_POINT('',#3836);
#1131=VERTEX_POINT('',#3838);
#1132=VERTEX_POINT('',#3840);
#1133=VERTEX_POINT('',#3842);
#1134=VERTEX_POINT('',#3844);
#1135=VERTEX_POINT('',#3846);
#1136=VERTEX_POINT('',#3848);
#1137=VERTEX_POINT('',#3850);
#1138=VERTEX_POINT('',#3852);
#1139=VERTEX_POINT('',#3855);
#1140=VERTEX_POINT('',#3856);
#1141=VERTEX_POINT('',#3858);
#1142=VERTEX_POINT('',#3860);
#1143=VERTEX_POINT('',#3862);
#1144=VERTEX_POINT('',#3864);
#1145=VERTEX_POINT('',#3866);
#1146=VERTEX_POINT('',#3868);
#1147=VERTEX_POINT('',#3871);
#1148=VERTEX_POINT('',#3872);
#1149=VERTEX_POINT('',#3874);
#1150=VERTEX_POINT('',#3876);
#1151=VERTEX_POINT('',#3879);
#1152=VERTEX_POINT('',#3880);
#1153=VERTEX_POINT('',#3882);
#1154=VERTEX_POINT('',#3884);
#1155=VERTEX_POINT('',#3887);
#1156=VERTEX_POINT('',#3888);
#1157=VERTEX_POINT('',#3890);
#1158=VERTEX_POINT('',#3892);
#1159=VERTEX_POINT('',#3895);
#1160=VERTEX_POINT('',#3896);
#1161=VERTEX_POINT('',#3898);
#1162=VERTEX_POINT('',#3900);
#1163=VERTEX_POINT('',#3904);
#1164=VERTEX_POINT('',#3905);
#1165=VERTEX_POINT('',#3910);
#1166=VERTEX_POINT('',#3912);
#1167=VERTEX_POINT('',#3914);
#1168=VERTEX_POINT('',#3916);
#1169=VERTEX_POINT('',#3918);
#1170=VERTEX_POINT('',#3921);
#1171=VERTEX_POINT('',#3922);
#1172=VERTEX_POINT('',#3924);
#1173=VERTEX_POINT('',#3926);
#1174=VERTEX_POINT('',#3929);
#1175=VERTEX_POINT('',#3930);
#1176=VERTEX_POINT('',#3932);
#1177=VERTEX_POINT('',#3934);
#1178=VERTEX_POINT('',#3940);
#1179=VERTEX_POINT('',#3955);
#1180=VERTEX_POINT('',#3956);
#1181=VERTEX_POINT('',#3959);
#1182=VERTEX_POINT('',#3963);
#1183=VERTEX_POINT('',#3965);
#1184=VERTEX_POINT('',#3967);
#1185=VERTEX_POINT('',#3969);
#1186=VERTEX_POINT('',#3973);
#1187=VERTEX_POINT('',#3975);
#1188=VERTEX_POINT('',#3987);
#1189=VERTEX_POINT('',#3988);
#1190=VERTEX_POINT('',#3990);
#1191=VERTEX_POINT('',#3992);
#1192=VERTEX_POINT('',#3994);
#1193=VERTEX_POINT('',#3998);
#1194=VERTEX_POINT('',#4000);
#1195=VERTEX_POINT('',#4004);
#1196=VERTEX_POINT('',#4008);
#1197=VERTEX_POINT('',#4010);
#1198=VERTEX_POINT('',#4012);
#1199=VERTEX_POINT('',#4014);
#1200=VERTEX_POINT('',#4016);
#1201=VERTEX_POINT('',#4018);
#1202=VERTEX_POINT('',#4020);
#1203=VERTEX_POINT('',#4022);
#1204=VERTEX_POINT('',#4024);
#1205=VERTEX_POINT('',#4026);
#1206=VERTEX_POINT('',#4028);
#1207=VERTEX_POINT('',#4032);
#1208=VERTEX_POINT('',#4036);
#1209=VERTEX_POINT('',#4040);
#1210=VERTEX_POINT('',#4044);
#1211=VERTEX_POINT('',#4048);
#1212=VERTEX_POINT('',#4052);
#1213=VERTEX_POINT('',#4053);
#1214=VERTEX_POINT('',#4055);
#1215=VERTEX_POINT('',#4057);
#1216=VERTEX_POINT('',#4061);
#1217=VERTEX_POINT('',#4063);
#1218=VERTEX_POINT('',#4067);
#1219=VERTEX_POINT('',#4069);
#1220=VERTEX_POINT('',#4073);
#1221=VERTEX_POINT('',#4075);
#1222=VERTEX_POINT('',#4079);
#1223=VERTEX_POINT('',#4081);
#1224=VERTEX_POINT('',#4085);
#1225=VERTEX_POINT('',#4087);
#1226=VERTEX_POINT('',#4091);
#1227=VERTEX_POINT('',#4093);
#1228=VERTEX_POINT('',#4100);
#1229=VERTEX_POINT('',#4101);
#1230=VERTEX_POINT('',#4103);
#1231=VERTEX_POINT('',#4105);
#1232=VERTEX_POINT('',#4109);
#1233=VERTEX_POINT('',#4110);
#1234=VERTEX_POINT('',#4112);
#1235=VERTEX_POINT('',#4114);
#1236=VERTEX_POINT('',#4118);
#1237=VERTEX_POINT('',#4120);
#1238=VERTEX_POINT('',#4124);
#1239=VERTEX_POINT('',#4126);
#1240=VERTEX_POINT('',#4130);
#1241=VERTEX_POINT('',#4132);
#1242=VERTEX_POINT('',#4136);
#1243=VERTEX_POINT('',#4138);
#1244=VERTEX_POINT('',#4142);
#1245=VERTEX_POINT('',#4144);
#1246=VERTEX_POINT('',#4148);
#1247=VERTEX_POINT('',#4150);
#1248=VERTEX_POINT('',#4157);
#1249=VERTEX_POINT('',#4158);
#1250=VERTEX_POINT('',#4160);
#1251=VERTEX_POINT('',#4162);
#1252=VERTEX_POINT('',#4176);
#1253=VERTEX_POINT('',#4177);
#1254=VERTEX_POINT('',#4179);
#1255=VERTEX_POINT('',#4181);
#1256=VERTEX_POINT('',#4188);
#1257=VERTEX_POINT('',#4190);
#1258=VERTEX_POINT('',#4192);
#1259=VERTEX_POINT('',#4195);
#1260=VERTEX_POINT('',#4199);
#1261=VERTEX_POINT('',#4203);
#1262=VERTEX_POINT('',#4209);
#1263=VERTEX_POINT('',#4210);
#1264=VERTEX_POINT('',#4215);
#1265=VERTEX_POINT('',#4219);
#1266=VERTEX_POINT('',#4221);
#1267=VERTEX_POINT('',#4226);
#1268=VERTEX_POINT('',#4228);
#1269=VERTEX_POINT('',#4233);
#1270=VERTEX_POINT('',#4235);
#1271=VERTEX_POINT('',#4239);
#1272=VERTEX_POINT('',#4243);
#1273=VERTEX_POINT('',#4249);
#1274=VERTEX_POINT('',#4250);
#1275=VERTEX_POINT('',#4252);
#1276=VERTEX_POINT('',#4254);
#1277=VERTEX_POINT('',#4258);
#1278=VERTEX_POINT('',#4260);
#1279=VERTEX_POINT('',#4264);
#1280=VERTEX_POINT('',#4268);
#1281=VERTEX_POINT('',#4274);
#1282=VERTEX_POINT('',#4275);
#1283=VERTEX_POINT('',#4277);
#1284=VERTEX_POINT('',#4279);
#1285=VERTEX_POINT('',#4283);
#1286=VERTEX_POINT('',#4285);
#1287=VERTEX_POINT('',#4289);
#1288=VERTEX_POINT('',#4293);
#1289=VERTEX_POINT('',#4295);
#1290=VERTEX_POINT('',#4299);
#1291=VERTEX_POINT('',#4304);
#1292=VERTEX_POINT('',#4306);
#1293=VERTEX_POINT('',#4308);
#1294=VERTEX_POINT('',#4310);
#1295=VERTEX_POINT('',#4314);
#1296=VERTEX_POINT('',#4318);
#1297=VERTEX_POINT('',#4324);
#1298=VERTEX_POINT('',#4330);
#1299=VERTEX_POINT('',#4340);
#1300=VERTEX_POINT('',#4342);
#1301=VERTEX_POINT('',#4346);
#1302=VERTEX_POINT('',#4350);
#1303=VERTEX_POINT('',#4354);
#1304=VERTEX_POINT('',#4360);
#1305=VERTEX_POINT('',#4364);
#1306=VERTEX_POINT('',#4365);
#1307=VERTEX_POINT('',#4367);
#1308=VERTEX_POINT('',#4369);
#1309=VERTEX_POINT('',#4372);
#1310=VERTEX_POINT('',#4373);
#1311=VERTEX_POINT('',#4375);
#1312=VERTEX_POINT('',#4377);
#1313=VERTEX_POINT('',#4381);
#1314=VERTEX_POINT('',#4382);
#1315=VERTEX_POINT('',#4384);
#1316=VERTEX_POINT('',#4386);
#1317=VERTEX_POINT('',#4389);
#1318=VERTEX_POINT('',#4390);
#1319=VERTEX_POINT('',#4392);
#1320=VERTEX_POINT('',#4394);
#1321=VERTEX_POINT('',#4401);
#1322=VERTEX_POINT('',#4403);
#1323=VERTEX_POINT('',#4405);
#1324=VERTEX_POINT('',#4422);
#1325=VERTEX_POINT('',#4424);
#1326=VERTEX_POINT('',#4428);
#1327=VERTEX_POINT('',#4432);
#1328=VERTEX_POINT('',#4438);
#1329=VERTEX_POINT('',#4439);
#1330=VERTEX_POINT('',#4441);
#1331=VERTEX_POINT('',#4443);
#1332=VERTEX_POINT('',#4447);
#1333=VERTEX_POINT('',#4449);
#1334=VERTEX_POINT('',#4453);
#1335=VERTEX_POINT('',#4457);
#1336=VERTEX_POINT('',#4463);
#1337=VERTEX_POINT('',#4464);
#1338=VERTEX_POINT('',#4466);
#1339=VERTEX_POINT('',#4468);
#1340=VERTEX_POINT('',#4472);
#1341=VERTEX_POINT('',#4474);
#1342=VERTEX_POINT('',#4478);
#1343=VERTEX_POINT('',#4482);
#1344=VERTEX_POINT('',#4488);
#1345=VERTEX_POINT('',#4489);
#1346=VERTEX_POINT('',#4491);
#1347=VERTEX_POINT('',#4493);
#1348=VERTEX_POINT('',#4497);
#1349=VERTEX_POINT('',#4499);
#1350=VERTEX_POINT('',#4503);
#1351=VERTEX_POINT('',#4507);
#1352=VERTEX_POINT('',#4513);
#1353=VERTEX_POINT('',#4514);
#1354=VERTEX_POINT('',#4516);
#1355=VERTEX_POINT('',#4518);
#1356=EDGE_CURVE('',#1101,#1102,#996,.T.);
#1357=EDGE_CURVE('',#1102,#1103,#456,.T.);
#1358=EDGE_CURVE('',#1103,#1104,#997,.T.);
#1359=EDGE_CURVE('',#1104,#1101,#457,.T.);
#1360=EDGE_CURVE('',#1102,#1105,#458,.T.);
#1361=EDGE_CURVE('',#1105,#1106,#459,.T.);
#1362=EDGE_CURVE('',#1106,#1107,#460,.T.);
#1363=EDGE_CURVE('',#1108,#1107,#461,.T.);
#1364=EDGE_CURVE('',#1108,#1103,#462,.T.);
#1365=EDGE_CURVE('',#1109,#1109,#998,.T.);
#1366=EDGE_CURVE('',#1110,#1110,#999,.T.);
#1367=EDGE_CURVE('',#1111,#1111,#1000,.T.);
#1368=EDGE_CURVE('',#1112,#1113,#1001,.T.);
#1369=EDGE_CURVE('',#1113,#1114,#463,.T.);
#1370=EDGE_CURVE('',#1114,#1115,#1002,.T.);
#1371=EDGE_CURVE('',#1115,#1112,#464,.T.);
#1372=EDGE_CURVE('',#1113,#1116,#465,.T.);
#1373=EDGE_CURVE('',#1117,#1116,#466,.T.);
#1374=EDGE_CURVE('',#1117,#1118,#467,.T.);
#1375=EDGE_CURVE('',#1118,#1119,#468,.T.);
#1376=EDGE_CURVE('',#1119,#1114,#469,.T.);
#1377=EDGE_CURVE('',#1120,#1120,#1003,.T.);
#1378=EDGE_CURVE('',#1121,#1121,#1004,.T.);
#1379=EDGE_CURVE('',#1122,#1122,#1005,.T.);
#1380=EDGE_CURVE('',#1123,#1108,#1006,.T.);
#1381=EDGE_CURVE('',#1107,#1124,#1007,.T.);
#1382=EDGE_CURVE('',#1124,#1123,#470,.T.);
#1383=EDGE_CURVE('',#1125,#1124,#471,.T.);
#1384=EDGE_CURVE('',#1126,#1125,#472,.T.);
#1385=EDGE_CURVE('',#1126,#1123,#473,.T.);
#1386=EDGE_CURVE('',#1118,#1106,#474,.T.);
#1387=EDGE_CURVE('',#1125,#1117,#1008,.T.);
#1388=EDGE_CURVE('',#1116,#1126,#1009,.T.);
#1389=EDGE_CURVE('',#1112,#1127,#475,.T.);
#1390=EDGE_CURVE('',#1128,#1127,#1010,.T.);
#1391=EDGE_CURVE('',#1128,#1129,#476,.T.);
#1392=EDGE_CURVE('',#1130,#1129,#1011,.T.);
#1393=EDGE_CURVE('',#1130,#1131,#477,.T.);
#1394=EDGE_CURVE('',#1132,#1131,#478,.T.);
#1395=EDGE_CURVE('',#1133,#1132,#479,.T.);
#1396=EDGE_CURVE('',#1134,#1133,#1012,.T.);
#1397=EDGE_CURVE('',#1134,#1135,#480,.T.);
#1398=EDGE_CURVE('',#1136,#1135,#1013,.T.);
#1399=EDGE_CURVE('',#1137,#1136,#481,.T.);
#1400=EDGE_CURVE('',#1138,#1137,#1014,.T.);
#1401=EDGE_CURVE('',#1138,#1104,#482,.T.);
#1402=EDGE_CURVE('',#1139,#1140,#483,.T.);
#1403=EDGE_CURVE('',#1141,#1140,#1015,.T.);
#1404=EDGE_CURVE('',#1141,#1142,#484,.T.);
#1405=EDGE_CURVE('',#1143,#1142,#1016,.T.);
#1406=EDGE_CURVE('',#1143,#1144,#485,.T.);
#1407=EDGE_CURVE('',#1145,#1144,#1017,.T.);
#1408=EDGE_CURVE('',#1145,#1146,#486,.T.);
#1409=EDGE_CURVE('',#1139,#1146,#1018,.T.);
#1410=EDGE_CURVE('',#1147,#1148,#1019,.T.);
#1411=EDGE_CURVE('',#1148,#1149,#487,.T.);
#1412=EDGE_CURVE('',#1149,#1150,#1020,.T.);
#1413=EDGE_CURVE('',#1150,#1147,#488,.T.);
#1414=EDGE_CURVE('',#1151,#1152,#1021,.T.);
#1415=EDGE_CURVE('',#1152,#1153,#489,.T.);
#1416=EDGE_CURVE('',#1153,#1154,#1022,.T.);
#1417=EDGE_CURVE('',#1154,#1151,#490,.T.);
#1418=EDGE_CURVE('',#1155,#1156,#491,.T.);
#1419=EDGE_CURVE('',#1156,#1157,#1023,.T.);
#1420=EDGE_CURVE('',#1157,#1158,#492,.T.);
#1421=EDGE_CURVE('',#1158,#1155,#1024,.T.);
#1422=EDGE_CURVE('',#1159,#1160,#493,.T.);
#1423=EDGE_CURVE('',#1160,#1161,#1025,.T.);
#1424=EDGE_CURVE('',#1161,#1162,#494,.T.);
#1425=EDGE_CURVE('',#1162,#1159,#1026,.T.);
#1426=EDGE_CURVE('',#1163,#1164,#1027,.T.);
#1427=EDGE_CURVE('',#1164,#1138,#495,.T.);
#1428=EDGE_CURVE('',#1137,#1163,#496,.T.);
#1429=EDGE_CURVE('',#1165,#1163,#497,.T.);
#1430=EDGE_CURVE('',#1166,#1136,#498,.T.);
#1431=EDGE_CURVE('',#1167,#1166,#1028,.T.);
#1432=EDGE_CURVE('',#1168,#1167,#499,.T.);
#1433=EDGE_CURVE('',#1169,#1168,#1029,.T.);
#1434=EDGE_CURVE('',#1165,#1169,#500,.T.);
#1435=EDGE_CURVE('',#1170,#1171,#1030,.T.);
#1436=EDGE_CURVE('',#1171,#1172,#501,.T.);
#1437=EDGE_CURVE('',#1172,#1173,#1031,.T.);
#1438=EDGE_CURVE('',#1173,#1170,#502,.T.);
#1439=EDGE_CURVE('',#1174,#1175,#503,.T.);
#1440=EDGE_CURVE('',#1175,#1176,#1032,.T.);
#1441=EDGE_CURVE('',#1176,#1177,#504,.T.);
#1442=EDGE_CURVE('',#1177,#1174,#1033,.T.);
#1443=EDGE_CURVE('',#1101,#1164,#505,.T.);
#1444=EDGE_CURVE('',#1135,#1178,#506,.T.);
#1445=EDGE_CURVE('',#1166,#1178,#26,.T.);
#1446=EDGE_CURVE('',#1179,#1180,#507,.T.);
#1447=EDGE_CURVE('',#1179,#1178,#508,.T.);
#1448=EDGE_CURVE('',#1181,#1134,#509,.T.);
#1449=EDGE_CURVE('',#1180,#1181,#510,.T.);
#1450=EDGE_CURVE('',#1182,#1130,#511,.T.);
#1451=EDGE_CURVE('',#1183,#1182,#512,.T.);
#1452=EDGE_CURVE('',#1183,#1184,#513,.T.);
#1453=EDGE_CURVE('',#1184,#1185,#514,.F.);
#1454=EDGE_CURVE('',#1185,#1131,#515,.T.);
#1455=EDGE_CURVE('',#1182,#1186,#17,.F.);
#1456=EDGE_CURVE('',#1129,#1187,#516,.T.);
#1457=EDGE_CURVE('',#1186,#1187,#1034,.F.);
#1458=EDGE_CURVE('',#1109,#1120,#517,.T.);
#1459=EDGE_CURVE('',#1110,#1121,#518,.T.);
#1460=EDGE_CURVE('',#1111,#1122,#519,.T.);
#1461=EDGE_CURVE('',#1119,#1105,#520,.T.);
#1462=EDGE_CURVE('',#1188,#1189,#1035,.T.);
#1463=EDGE_CURVE('',#1189,#1190,#521,.T.);
#1464=EDGE_CURVE('',#1190,#1191,#1036,.T.);
#1465=EDGE_CURVE('',#1191,#1192,#522,.T.);
#1466=EDGE_CURVE('',#1192,#1188,#18,.T.);
#1467=EDGE_CURVE('',#1192,#1193,#523,.T.);
#1468=EDGE_CURVE('',#1194,#1193,#19,.T.);
#1469=EDGE_CURVE('',#1194,#1188,#524,.T.);
#1470=EDGE_CURVE('',#1191,#1195,#525,.T.);
#1471=EDGE_CURVE('',#1193,#1195,#526,.T.);
#1472=EDGE_CURVE('',#1196,#1190,#527,.T.);
#1473=EDGE_CURVE('',#1197,#1196,#528,.T.);
#1474=EDGE_CURVE('',#1197,#1198,#1037,.T.);
#1475=EDGE_CURVE('',#1198,#1199,#529,.T.);
#1476=EDGE_CURVE('',#1199,#1200,#1038,.T.);
#1477=EDGE_CURVE('',#1201,#1200,#530,.T.);
#1478=EDGE_CURVE('',#1201,#1202,#1039,.T.);
#1479=EDGE_CURVE('',#1202,#1203,#531,.T.);
#1480=EDGE_CURVE('',#1203,#1204,#1040,.T.);
#1481=EDGE_CURVE('',#1205,#1204,#532,.T.);
#1482=EDGE_CURVE('',#1206,#1205,#533,.T.);
#1483=EDGE_CURVE('',#1195,#1206,#1041,.T.);
#1484=EDGE_CURVE('',#1207,#1115,#534,.T.);
#1485=EDGE_CURVE('',#1127,#1207,#535,.T.);
#1486=EDGE_CURVE('',#1178,#1208,#1042,.T.);
#1487=EDGE_CURVE('',#1208,#1167,#1043,.T.);
#1488=EDGE_CURVE('',#1209,#1168,#1044,.T.);
#1489=EDGE_CURVE('',#1208,#1209,#536,.T.);
#1490=EDGE_CURVE('',#1210,#1169,#1045,.T.);
#1491=EDGE_CURVE('',#1209,#1210,#1046,.T.);
#1492=EDGE_CURVE('',#1211,#1165,#1047,.T.);
#1493=EDGE_CURVE('',#1210,#1211,#537,.T.);
#1494=EDGE_CURVE('',#1212,#1213,#538,.T.);
#1495=EDGE_CURVE('',#1212,#1214,#539,.T.);
#1496=EDGE_CURVE('',#1214,#1215,#540,.T.);
#1497=EDGE_CURVE('',#1213,#1215,#541,.T.);
#1498=EDGE_CURVE('',#1216,#1212,#542,.T.);
#1499=EDGE_CURVE('',#1216,#1217,#543,.T.);
#1500=EDGE_CURVE('',#1217,#1214,#544,.T.);
#1501=EDGE_CURVE('',#1218,#1216,#545,.T.);
#1502=EDGE_CURVE('',#1218,#1219,#546,.T.);
#1503=EDGE_CURVE('',#1219,#1217,#547,.T.);
#1504=EDGE_CURVE('',#1220,#1218,#548,.T.);
#1505=EDGE_CURVE('',#1220,#1221,#549,.T.);
#1506=EDGE_CURVE('',#1221,#1219,#550,.T.);
#1507=EDGE_CURVE('',#1222,#1220,#551,.T.);
#1508=EDGE_CURVE('',#1222,#1223,#552,.T.);
#1509=EDGE_CURVE('',#1223,#1221,#553,.T.);
#1510=EDGE_CURVE('',#1224,#1222,#554,.T.);
#1511=EDGE_CURVE('',#1224,#1225,#555,.T.);
#1512=EDGE_CURVE('',#1225,#1223,#556,.T.);
#1513=EDGE_CURVE('',#1226,#1224,#557,.T.);
#1514=EDGE_CURVE('',#1226,#1227,#558,.T.);
#1515=EDGE_CURVE('',#1227,#1225,#559,.T.);
#1516=EDGE_CURVE('',#1213,#1226,#560,.T.);
#1517=EDGE_CURVE('',#1215,#1227,#561,.T.);
#1518=EDGE_CURVE('',#1228,#1229,#562,.T.);
#1519=EDGE_CURVE('',#1230,#1228,#1048,.T.);
#1520=EDGE_CURVE('',#1231,#1230,#563,.T.);
#1521=EDGE_CURVE('',#1229,#1231,#1049,.T.);
#1522=EDGE_CURVE('',#1232,#1233,#564,.T.);
#1523=EDGE_CURVE('',#1232,#1234,#565,.T.);
#1524=EDGE_CURVE('',#1234,#1235,#566,.T.);
#1525=EDGE_CURVE('',#1233,#1235,#567,.T.);
#1526=EDGE_CURVE('',#1236,#1232,#568,.T.);
#1527=EDGE_CURVE('',#1236,#1237,#569,.T.);
#1528=EDGE_CURVE('',#1237,#1234,#570,.T.);
#1529=EDGE_CURVE('',#1238,#1236,#571,.T.);
#1530=EDGE_CURVE('',#1238,#1239,#572,.T.);
#1531=EDGE_CURVE('',#1239,#1237,#573,.T.);
#1532=EDGE_CURVE('',#1240,#1238,#574,.T.);
#1533=EDGE_CURVE('',#1240,#1241,#575,.T.);
#1534=EDGE_CURVE('',#1241,#1239,#576,.T.);
#1535=EDGE_CURVE('',#1242,#1240,#577,.T.);
#1536=EDGE_CURVE('',#1242,#1243,#578,.T.);
#1537=EDGE_CURVE('',#1243,#1241,#579,.T.);
#1538=EDGE_CURVE('',#1244,#1242,#580,.T.);
#1539=EDGE_CURVE('',#1244,#1245,#581,.T.);
#1540=EDGE_CURVE('',#1245,#1243,#582,.T.);
#1541=EDGE_CURVE('',#1246,#1244,#583,.T.);
#1542=EDGE_CURVE('',#1246,#1247,#584,.T.);
#1543=EDGE_CURVE('',#1247,#1245,#585,.T.);
#1544=EDGE_CURVE('',#1233,#1246,#586,.T.);
#1545=EDGE_CURVE('',#1235,#1247,#587,.T.);
#1546=EDGE_CURVE('',#1248,#1249,#1050,.T.);
#1547=EDGE_CURVE('',#1250,#1248,#588,.T.);
#1548=EDGE_CURVE('',#1251,#1250,#1051,.T.);
#1549=EDGE_CURVE('',#1249,#1251,#589,.T.);
#1550=EDGE_CURVE('',#1230,#1172,#590,.T.);
#1551=EDGE_CURVE('',#1231,#1171,#591,.T.);
#1552=EDGE_CURVE('',#1228,#1173,#592,.T.);
#1553=EDGE_CURVE('',#1250,#1176,#593,.T.);
#1554=EDGE_CURVE('',#1251,#1175,#594,.T.);
#1555=EDGE_CURVE('',#1248,#1177,#595,.T.);
#1556=EDGE_CURVE('',#1252,#1253,#20,.T.);
#1557=EDGE_CURVE('',#1253,#1254,#596,.T.);
#1558=EDGE_CURVE('',#1254,#1255,#21,.T.);
#1559=EDGE_CURVE('',#1255,#1252,#597,.T.);
#1560=EDGE_CURVE('',#1184,#1255,#598,.T.);
#1561=EDGE_CURVE('',#1183,#1252,#599,.T.);
#1562=EDGE_CURVE('',#1256,#1201,#22,.T.);
#1563=EDGE_CURVE('',#1200,#1257,#23,.T.);
#1564=EDGE_CURVE('',#1257,#1258,#600,.T.);
#1565=EDGE_CURVE('',#1258,#1197,#24,.T.);
#1566=EDGE_CURVE('',#1196,#1259,#601,.T.);
#1567=EDGE_CURVE('',#1259,#1185,#602,.T.);
#1568=EDGE_CURVE('',#1205,#1254,#603,.F.);
#1569=EDGE_CURVE('',#1204,#1260,#25,.T.);
#1570=EDGE_CURVE('',#1260,#1256,#604,.T.);
#1571=EDGE_CURVE('',#1207,#1261,#1052,.T.);
#1572=EDGE_CURVE('',#1261,#1128,#605,.T.);
#1573=EDGE_CURVE('',#1187,#1261,#606,.T.);
#1574=EDGE_CURVE('',#1262,#1263,#1053,.T.);
#1575=EDGE_CURVE('',#1263,#1143,#607,.T.);
#1576=EDGE_CURVE('',#1142,#1262,#608,.T.);
#1577=EDGE_CURVE('',#1264,#1263,#609,.T.);
#1578=EDGE_CURVE('',#1144,#1264,#610,.T.);
#1579=EDGE_CURVE('',#1265,#1265,#1054,.T.);
#1580=EDGE_CURVE('',#1265,#1266,#611,.T.);
#1581=EDGE_CURVE('',#1266,#1266,#1055,.T.);
#1582=EDGE_CURVE('',#1267,#1267,#1056,.T.);
#1583=EDGE_CURVE('',#1267,#1268,#612,.T.);
#1584=EDGE_CURVE('',#1268,#1268,#1057,.T.);
#1585=EDGE_CURVE('',#1202,#1269,#613,.T.);
#1586=EDGE_CURVE('',#1269,#1270,#614,.T.);
#1587=EDGE_CURVE('',#1203,#1270,#615,.T.);
#1588=EDGE_CURVE('',#1256,#1271,#616,.T.);
#1589=EDGE_CURVE('',#1271,#1269,#1058,.T.);
#1590=EDGE_CURVE('',#1272,#1260,#617,.T.);
#1591=EDGE_CURVE('',#1272,#1271,#618,.T.);
#1592=EDGE_CURVE('',#1270,#1272,#1059,.T.);
#1593=EDGE_CURVE('',#1273,#1274,#619,.T.);
#1594=EDGE_CURVE('',#1275,#1273,#1060,.T.);
#1595=EDGE_CURVE('',#1276,#1275,#620,.T.);
#1596=EDGE_CURVE('',#1274,#1276,#1061,.T.);
#1597=EDGE_CURVE('',#1258,#1277,#621,.T.);
#1598=EDGE_CURVE('',#1277,#1278,#1062,.T.);
#1599=EDGE_CURVE('',#1198,#1278,#622,.T.);
#1600=EDGE_CURVE('',#1257,#1279,#623,.T.);
#1601=EDGE_CURVE('',#1279,#1277,#624,.T.);
#1602=EDGE_CURVE('',#1199,#1280,#625,.T.);
#1603=EDGE_CURVE('',#1280,#1279,#1063,.T.);
#1604=EDGE_CURVE('',#1278,#1280,#626,.T.);
#1605=EDGE_CURVE('',#1281,#1282,#627,.T.);
#1606=EDGE_CURVE('',#1283,#1281,#1064,.T.);
#1607=EDGE_CURVE('',#1284,#1283,#628,.T.);
#1608=EDGE_CURVE('',#1282,#1284,#1065,.T.);
#1609=EDGE_CURVE('',#1275,#1285,#629,.T.);
#1610=EDGE_CURVE('',#1286,#1285,#630,.T.);
#1611=EDGE_CURVE('',#1276,#1286,#631,.T.);
#1612=EDGE_CURVE('',#1287,#1273,#632,.T.);
#1613=EDGE_CURVE('',#1285,#1287,#1066,.T.);
#1614=EDGE_CURVE('',#1283,#1288,#633,.T.);
#1615=EDGE_CURVE('',#1289,#1288,#634,.T.);
#1616=EDGE_CURVE('',#1284,#1289,#635,.T.);
#1617=EDGE_CURVE('',#1290,#1281,#636,.T.);
#1618=EDGE_CURVE('',#1288,#1290,#1067,.T.);
#1619=EDGE_CURVE('',#1259,#1132,#637,.T.);
#1620=EDGE_CURVE('',#1291,#1189,#638,.T.);
#1621=EDGE_CURVE('',#1292,#1291,#639,.T.);
#1622=EDGE_CURVE('',#1292,#1293,#640,.T.);
#1623=EDGE_CURVE('',#1293,#1294,#641,.T.);
#1624=EDGE_CURVE('',#1133,#1294,#642,.T.);
#1625=EDGE_CURVE('',#1206,#1295,#643,.T.);
#1626=EDGE_CURVE('',#1295,#1194,#1068,.T.);
#1627=EDGE_CURVE('',#1274,#1296,#644,.T.);
#1628=EDGE_CURVE('',#1287,#1296,#645,.T.);
#1629=EDGE_CURVE('',#1296,#1286,#1069,.T.);
#1630=EDGE_CURVE('',#1282,#1297,#646,.T.);
#1631=EDGE_CURVE('',#1290,#1297,#647,.T.);
#1632=EDGE_CURVE('',#1297,#1289,#1070,.T.);
#1633=EDGE_CURVE('',#1295,#1298,#648,.T.);
#1634=EDGE_CURVE('',#1291,#1298,#649,.T.);
#1635=EDGE_CURVE('',#1298,#1253,#650,.T.);
#1636=EDGE_CURVE('',#1292,#1183,#651,.T.);
#1637=EDGE_CURVE('',#1294,#1181,#1071,.T.);
#1638=EDGE_CURVE('',#1140,#1299,#652,.T.);
#1639=EDGE_CURVE('',#1299,#1300,#1072,.T.);
#1640=EDGE_CURVE('',#1300,#1141,#653,.T.);
#1641=EDGE_CURVE('',#1301,#1139,#654,.T.);
#1642=EDGE_CURVE('',#1299,#1301,#655,.T.);
#1643=EDGE_CURVE('',#1146,#1302,#656,.T.);
#1644=EDGE_CURVE('',#1302,#1301,#1073,.T.);
#1645=EDGE_CURVE('',#1303,#1145,#657,.T.);
#1646=EDGE_CURVE('',#1302,#1303,#658,.T.);
#1647=EDGE_CURVE('',#1264,#1303,#1074,.T.);
#1648=EDGE_CURVE('',#1304,#1211,#659,.T.);
#1649=EDGE_CURVE('',#1180,#1304,#660,.T.);
#1650=EDGE_CURVE('',#1186,#1293,#661,.T.);
#1651=EDGE_CURVE('',#1305,#1306,#1075,.T.);
#1652=EDGE_CURVE('',#1307,#1305,#662,.T.);
#1653=EDGE_CURVE('',#1308,#1307,#1076,.T.);
#1654=EDGE_CURVE('',#1306,#1308,#663,.T.);
#1655=EDGE_CURVE('',#1309,#1310,#1077,.T.);
#1656=EDGE_CURVE('',#1311,#1309,#664,.T.);
#1657=EDGE_CURVE('',#1312,#1311,#1078,.T.);
#1658=EDGE_CURVE('',#1310,#1312,#665,.T.);
#1659=EDGE_CURVE('',#1300,#1262,#666,.T.);
#1660=EDGE_CURVE('',#1313,#1314,#1079,.T.);
#1661=EDGE_CURVE('',#1315,#1313,#667,.T.);
#1662=EDGE_CURVE('',#1316,#1315,#1080,.T.);
#1663=EDGE_CURVE('',#1314,#1316,#668,.T.);
#1664=EDGE_CURVE('',#1317,#1318,#1081,.T.);
#1665=EDGE_CURVE('',#1319,#1317,#669,.T.);
#1666=EDGE_CURVE('',#1320,#1319,#1082,.T.);
#1667=EDGE_CURVE('',#1318,#1320,#670,.T.);
#1668=EDGE_CURVE('',#1304,#1321,#671,.T.);
#1669=EDGE_CURVE('',#1321,#1322,#1083,.T.);
#1670=EDGE_CURVE('',#1322,#1323,#672,.T.);
#1671=EDGE_CURVE('',#1323,#1179,#1084,.T.);
#1672=EDGE_CURVE('',#1249,#1174,#673,.T.);
#1673=EDGE_CURVE('',#1229,#1170,#674,.T.);
#1674=EDGE_CURVE('',#1323,#1208,#675,.T.);
#1675=EDGE_CURVE('',#1322,#1209,#676,.T.);
#1676=EDGE_CURVE('',#1321,#1210,#677,.T.);
#1677=EDGE_CURVE('',#1148,#1324,#678,.T.);
#1678=EDGE_CURVE('',#1324,#1325,#679,.T.);
#1679=EDGE_CURVE('',#1149,#1325,#680,.T.);
#1680=EDGE_CURVE('',#1326,#1324,#1085,.T.);
#1681=EDGE_CURVE('',#1147,#1326,#681,.T.);
#1682=EDGE_CURVE('',#1150,#1327,#682,.T.);
#1683=EDGE_CURVE('',#1327,#1326,#683,.T.);
#1684=EDGE_CURVE('',#1325,#1327,#1086,.T.);
#1685=EDGE_CURVE('',#1328,#1329,#684,.T.);
#1686=EDGE_CURVE('',#1330,#1328,#1087,.T.);
#1687=EDGE_CURVE('',#1331,#1330,#685,.T.);
#1688=EDGE_CURVE('',#1329,#1331,#1088,.T.);
#1689=EDGE_CURVE('',#1152,#1332,#686,.T.);
#1690=EDGE_CURVE('',#1332,#1333,#687,.T.);
#1691=EDGE_CURVE('',#1153,#1333,#688,.T.);
#1692=EDGE_CURVE('',#1334,#1332,#1089,.T.);
#1693=EDGE_CURVE('',#1151,#1334,#689,.T.);
#1694=EDGE_CURVE('',#1154,#1335,#690,.T.);
#1695=EDGE_CURVE('',#1335,#1334,#691,.T.);
#1696=EDGE_CURVE('',#1333,#1335,#1090,.T.);
#1697=EDGE_CURVE('',#1336,#1337,#692,.T.);
#1698=EDGE_CURVE('',#1338,#1336,#1091,.T.);
#1699=EDGE_CURVE('',#1339,#1338,#693,.T.);
#1700=EDGE_CURVE('',#1337,#1339,#1092,.T.);
#1701=EDGE_CURVE('',#1155,#1340,#694,.T.);
#1702=EDGE_CURVE('',#1340,#1341,#695,.T.);
#1703=EDGE_CURVE('',#1156,#1341,#696,.T.);
#1704=EDGE_CURVE('',#1158,#1342,#697,.T.);
#1705=EDGE_CURVE('',#1342,#1340,#1093,.T.);
#1706=EDGE_CURVE('',#1157,#1343,#698,.T.);
#1707=EDGE_CURVE('',#1343,#1342,#699,.T.);
#1708=EDGE_CURVE('',#1341,#1343,#1094,.T.);
#1709=EDGE_CURVE('',#1344,#1345,#700,.T.);
#1710=EDGE_CURVE('',#1346,#1344,#1095,.T.);
#1711=EDGE_CURVE('',#1347,#1346,#701,.T.);
#1712=EDGE_CURVE('',#1345,#1347,#1096,.T.);
#1713=EDGE_CURVE('',#1159,#1348,#702,.T.);
#1714=EDGE_CURVE('',#1348,#1349,#703,.T.);
#1715=EDGE_CURVE('',#1160,#1349,#704,.T.);
#1716=EDGE_CURVE('',#1162,#1350,#705,.T.);
#1717=EDGE_CURVE('',#1350,#1348,#1097,.T.);
#1718=EDGE_CURVE('',#1161,#1351,#706,.T.);
#1719=EDGE_CURVE('',#1351,#1350,#707,.T.);
#1720=EDGE_CURVE('',#1349,#1351,#1098,.T.);
#1721=EDGE_CURVE('',#1352,#1353,#708,.T.);
#1722=EDGE_CURVE('',#1354,#1352,#1099,.T.);
#1723=EDGE_CURVE('',#1355,#1354,#709,.T.);
#1724=EDGE_CURVE('',#1353,#1355,#1100,.T.);
#1725=EDGE_CURVE('',#1310,#1329,#710,.T.);
#1726=EDGE_CURVE('',#1312,#1328,#711,.T.);
#1727=EDGE_CURVE('',#1309,#1331,#712,.T.);
#1728=EDGE_CURVE('',#1314,#1337,#713,.T.);
#1729=EDGE_CURVE('',#1316,#1336,#714,.T.);
#1730=EDGE_CURVE('',#1313,#1339,#715,.T.);
#1731=EDGE_CURVE('',#1306,#1346,#716,.T.);
#1732=EDGE_CURVE('',#1308,#1347,#717,.T.);
#1733=EDGE_CURVE('',#1305,#1344,#718,.T.);
#1734=EDGE_CURVE('',#1318,#1354,#719,.T.);
#1735=EDGE_CURVE('',#1320,#1355,#720,.T.);
#1736=EDGE_CURVE('',#1317,#1352,#721,.T.);
#1737=EDGE_CURVE('',#1319,#1353,#722,.T.);
#1738=EDGE_CURVE('',#1307,#1345,#723,.T.);
#1739=EDGE_CURVE('',#1315,#1338,#724,.T.);
#1740=EDGE_CURVE('',#1311,#1330,#725,.T.);
#1741=ORIENTED_EDGE('',*,*,#1356,.T.);
#1742=ORIENTED_EDGE('',*,*,#1357,.T.);
#1743=ORIENTED_EDGE('',*,*,#1358,.T.);
#1744=ORIENTED_EDGE('',*,*,#1359,.T.);
#1745=ORIENTED_EDGE('',*,*,#1357,.F.);
#1746=ORIENTED_EDGE('',*,*,#1360,.T.);
#1747=ORIENTED_EDGE('',*,*,#1361,.T.);
#1748=ORIENTED_EDGE('',*,*,#1362,.T.);
#1749=ORIENTED_EDGE('',*,*,#1363,.F.);
#1750=ORIENTED_EDGE('',*,*,#1364,.T.);
#1751=ORIENTED_EDGE('',*,*,#1365,.T.);
#1752=ORIENTED_EDGE('',*,*,#1366,.T.);
#1753=ORIENTED_EDGE('',*,*,#1367,.T.);
#1754=ORIENTED_EDGE('',*,*,#1368,.T.);
#1755=ORIENTED_EDGE('',*,*,#1369,.T.);
#1756=ORIENTED_EDGE('',*,*,#1370,.T.);
#1757=ORIENTED_EDGE('',*,*,#1371,.T.);
#1758=ORIENTED_EDGE('',*,*,#1369,.F.);
#1759=ORIENTED_EDGE('',*,*,#1372,.T.);
#1760=ORIENTED_EDGE('',*,*,#1373,.F.);
#1761=ORIENTED_EDGE('',*,*,#1374,.T.);
#1762=ORIENTED_EDGE('',*,*,#1375,.T.);
#1763=ORIENTED_EDGE('',*,*,#1376,.T.);
#1764=ORIENTED_EDGE('',*,*,#1377,.T.);
#1765=ORIENTED_EDGE('',*,*,#1378,.T.);
#1766=ORIENTED_EDGE('',*,*,#1379,.T.);
#1767=ORIENTED_EDGE('',*,*,#1380,.T.);
#1768=ORIENTED_EDGE('',*,*,#1363,.T.);
#1769=ORIENTED_EDGE('',*,*,#1381,.T.);
#1770=ORIENTED_EDGE('',*,*,#1382,.T.);
#1771=ORIENTED_EDGE('',*,*,#1382,.F.);
#1772=ORIENTED_EDGE('',*,*,#1383,.F.);
#1773=ORIENTED_EDGE('',*,*,#1384,.F.);
#1774=ORIENTED_EDGE('',*,*,#1385,.T.);
#1775=ORIENTED_EDGE('',*,*,#1381,.F.);
#1776=ORIENTED_EDGE('',*,*,#1362,.F.);
#1777=ORIENTED_EDGE('',*,*,#1386,.F.);
#1778=ORIENTED_EDGE('',*,*,#1374,.F.);
#1779=ORIENTED_EDGE('',*,*,#1387,.F.);
#1780=ORIENTED_EDGE('',*,*,#1383,.T.);
#1781=ORIENTED_EDGE('',*,*,#1387,.T.);
#1782=ORIENTED_EDGE('',*,*,#1373,.T.);
#1783=ORIENTED_EDGE('',*,*,#1388,.T.);
#1784=ORIENTED_EDGE('',*,*,#1384,.T.);
#1785=ORIENTED_EDGE('',*,*,#1380,.F.);
#1786=ORIENTED_EDGE('',*,*,#1385,.F.);
#1787=ORIENTED_EDGE('',*,*,#1388,.F.);
#1788=ORIENTED_EDGE('',*,*,#1372,.F.);
#1789=ORIENTED_EDGE('',*,*,#1368,.F.);
#1790=ORIENTED_EDGE('',*,*,#1389,.T.);
#1791=ORIENTED_EDGE('',*,*,#1390,.F.);
#1792=ORIENTED_EDGE('',*,*,#1391,.T.);
#1793=ORIENTED_EDGE('',*,*,#1392,.F.);
#1794=ORIENTED_EDGE('',*,*,#1393,.T.);
#1795=ORIENTED_EDGE('',*,*,#1394,.F.);
#1796=ORIENTED_EDGE('',*,*,#1395,.F.);
#1797=ORIENTED_EDGE('',*,*,#1396,.F.);
#1798=ORIENTED_EDGE('',*,*,#1397,.T.);
#1799=ORIENTED_EDGE('',*,*,#1398,.F.);
#1800=ORIENTED_EDGE('',*,*,#1399,.F.);
#1801=ORIENTED_EDGE('',*,*,#1400,.F.);
#1802=ORIENTED_EDGE('',*,*,#1401,.T.);
#1803=ORIENTED_EDGE('',*,*,#1358,.F.);
#1804=ORIENTED_EDGE('',*,*,#1364,.F.);
#1805=ORIENTED_EDGE('',*,*,#1402,.T.);
#1806=ORIENTED_EDGE('',*,*,#1403,.F.);
#1807=ORIENTED_EDGE('',*,*,#1404,.T.);
#1808=ORIENTED_EDGE('',*,*,#1405,.F.);
#1809=ORIENTED_EDGE('',*,*,#1406,.T.);
#1810=ORIENTED_EDGE('',*,*,#1407,.F.);
#1811=ORIENTED_EDGE('',*,*,#1408,.T.);
#1812=ORIENTED_EDGE('',*,*,#1409,.F.);
#1813=ORIENTED_EDGE('',*,*,#1410,.T.);
#1814=ORIENTED_EDGE('',*,*,#1411,.T.);
#1815=ORIENTED_EDGE('',*,*,#1412,.T.);
#1816=ORIENTED_EDGE('',*,*,#1413,.T.);
#1817=ORIENTED_EDGE('',*,*,#1414,.T.);
#1818=ORIENTED_EDGE('',*,*,#1415,.T.);
#1819=ORIENTED_EDGE('',*,*,#1416,.T.);
#1820=ORIENTED_EDGE('',*,*,#1417,.T.);
#1821=ORIENTED_EDGE('',*,*,#1418,.T.);
#1822=ORIENTED_EDGE('',*,*,#1419,.T.);
#1823=ORIENTED_EDGE('',*,*,#1420,.T.);
#1824=ORIENTED_EDGE('',*,*,#1421,.T.);
#1825=ORIENTED_EDGE('',*,*,#1422,.T.);
#1826=ORIENTED_EDGE('',*,*,#1423,.T.);
#1827=ORIENTED_EDGE('',*,*,#1424,.T.);
#1828=ORIENTED_EDGE('',*,*,#1425,.T.);
#1829=ORIENTED_EDGE('',*,*,#1426,.T.);
#1830=ORIENTED_EDGE('',*,*,#1427,.T.);
#1831=ORIENTED_EDGE('',*,*,#1400,.T.);
#1832=ORIENTED_EDGE('',*,*,#1428,.T.);
#1833=ORIENTED_EDGE('',*,*,#1429,.T.);
#1834=ORIENTED_EDGE('',*,*,#1428,.F.);
#1835=ORIENTED_EDGE('',*,*,#1399,.T.);
#1836=ORIENTED_EDGE('',*,*,#1430,.F.);
#1837=ORIENTED_EDGE('',*,*,#1431,.F.);
#1838=ORIENTED_EDGE('',*,*,#1432,.F.);
#1839=ORIENTED_EDGE('',*,*,#1433,.F.);
#1840=ORIENTED_EDGE('',*,*,#1434,.F.);
#1841=ORIENTED_EDGE('',*,*,#1435,.T.);
#1842=ORIENTED_EDGE('',*,*,#1436,.T.);
#1843=ORIENTED_EDGE('',*,*,#1437,.T.);
#1844=ORIENTED_EDGE('',*,*,#1438,.T.);
#1845=ORIENTED_EDGE('',*,*,#1439,.T.);
#1846=ORIENTED_EDGE('',*,*,#1440,.T.);
#1847=ORIENTED_EDGE('',*,*,#1441,.T.);
#1848=ORIENTED_EDGE('',*,*,#1442,.T.);
#1849=ORIENTED_EDGE('',*,*,#1359,.F.);
#1850=ORIENTED_EDGE('',*,*,#1401,.F.);
#1851=ORIENTED_EDGE('',*,*,#1427,.F.);
#1852=ORIENTED_EDGE('',*,*,#1443,.F.);
#1853=ORIENTED_EDGE('',*,*,#1444,.T.);
#1854=ORIENTED_EDGE('',*,*,#1445,.F.);
#1855=ORIENTED_EDGE('',*,*,#1430,.T.);
#1856=ORIENTED_EDGE('',*,*,#1398,.T.);
#1857=ORIENTED_EDGE('',*,*,#1446,.F.);
#1858=ORIENTED_EDGE('',*,*,#1447,.T.);
#1859=ORIENTED_EDGE('',*,*,#1444,.F.);
#1860=ORIENTED_EDGE('',*,*,#1397,.F.);
#1861=ORIENTED_EDGE('',*,*,#1448,.F.);
#1862=ORIENTED_EDGE('',*,*,#1449,.F.);
#1863=ORIENTED_EDGE('',*,*,#1393,.F.);
#1864=ORIENTED_EDGE('',*,*,#1450,.F.);
#1865=ORIENTED_EDGE('',*,*,#1451,.F.);
#1866=ORIENTED_EDGE('',*,*,#1452,.T.);
#1867=ORIENTED_EDGE('',*,*,#1453,.T.);
#1868=ORIENTED_EDGE('',*,*,#1454,.T.);
#1869=ORIENTED_EDGE('',*,*,#1455,.F.);
#1870=ORIENTED_EDGE('',*,*,#1450,.T.);
#1871=ORIENTED_EDGE('',*,*,#1392,.T.);
#1872=ORIENTED_EDGE('',*,*,#1456,.T.);
#1873=ORIENTED_EDGE('',*,*,#1457,.F.);
#1874=ORIENTED_EDGE('',*,*,#1365,.F.);
#1875=ORIENTED_EDGE('',*,*,#1458,.T.);
#1876=ORIENTED_EDGE('',*,*,#1377,.F.);
#1877=ORIENTED_EDGE('',*,*,#1458,.F.);
#1878=ORIENTED_EDGE('',*,*,#1366,.F.);
#1879=ORIENTED_EDGE('',*,*,#1459,.T.);
#1880=ORIENTED_EDGE('',*,*,#1378,.F.);
#1881=ORIENTED_EDGE('',*,*,#1459,.F.);
#1882=ORIENTED_EDGE('',*,*,#1367,.F.);
#1883=ORIENTED_EDGE('',*,*,#1460,.T.);
#1884=ORIENTED_EDGE('',*,*,#1379,.F.);
#1885=ORIENTED_EDGE('',*,*,#1460,.F.);
#1886=ORIENTED_EDGE('',*,*,#1375,.F.);
#1887=ORIENTED_EDGE('',*,*,#1386,.T.);
#1888=ORIENTED_EDGE('',*,*,#1361,.F.);
#1889=ORIENTED_EDGE('',*,*,#1461,.F.);
#1890=ORIENTED_EDGE('',*,*,#1462,.T.);
#1891=ORIENTED_EDGE('',*,*,#1463,.T.);
#1892=ORIENTED_EDGE('',*,*,#1464,.T.);
#1893=ORIENTED_EDGE('',*,*,#1465,.T.);
#1894=ORIENTED_EDGE('',*,*,#1466,.T.);
#1895=ORIENTED_EDGE('',*,*,#1466,.F.);
#1896=ORIENTED_EDGE('',*,*,#1467,.T.);
#1897=ORIENTED_EDGE('',*,*,#1468,.F.);
#1898=ORIENTED_EDGE('',*,*,#1469,.T.);
#1899=ORIENTED_EDGE('',*,*,#1465,.F.);
#1900=ORIENTED_EDGE('',*,*,#1470,.T.);
#1901=ORIENTED_EDGE('',*,*,#1471,.F.);
#1902=ORIENTED_EDGE('',*,*,#1467,.F.);
#1903=ORIENTED_EDGE('',*,*,#1464,.F.);
#1904=ORIENTED_EDGE('',*,*,#1472,.F.);
#1905=ORIENTED_EDGE('',*,*,#1473,.F.);
#1906=ORIENTED_EDGE('',*,*,#1474,.T.);
#1907=ORIENTED_EDGE('',*,*,#1475,.T.);
#1908=ORIENTED_EDGE('',*,*,#1476,.T.);
#1909=ORIENTED_EDGE('',*,*,#1477,.F.);
#1910=ORIENTED_EDGE('',*,*,#1478,.T.);
#1911=ORIENTED_EDGE('',*,*,#1479,.T.);
#1912=ORIENTED_EDGE('',*,*,#1480,.T.);
#1913=ORIENTED_EDGE('',*,*,#1481,.F.);
#1914=ORIENTED_EDGE('',*,*,#1482,.F.);
#1915=ORIENTED_EDGE('',*,*,#1483,.F.);
#1916=ORIENTED_EDGE('',*,*,#1470,.F.);
#1917=ORIENTED_EDGE('',*,*,#1371,.F.);
#1918=ORIENTED_EDGE('',*,*,#1484,.F.);
#1919=ORIENTED_EDGE('',*,*,#1485,.F.);
#1920=ORIENTED_EDGE('',*,*,#1389,.F.);
#1921=ORIENTED_EDGE('',*,*,#1486,.T.);
#1922=ORIENTED_EDGE('',*,*,#1487,.T.);
#1923=ORIENTED_EDGE('',*,*,#1431,.T.);
#1924=ORIENTED_EDGE('',*,*,#1445,.T.);
#1925=ORIENTED_EDGE('',*,*,#1488,.T.);
#1926=ORIENTED_EDGE('',*,*,#1432,.T.);
#1927=ORIENTED_EDGE('',*,*,#1487,.F.);
#1928=ORIENTED_EDGE('',*,*,#1489,.T.);
#1929=ORIENTED_EDGE('',*,*,#1490,.T.);
#1930=ORIENTED_EDGE('',*,*,#1433,.T.);
#1931=ORIENTED_EDGE('',*,*,#1488,.F.);
#1932=ORIENTED_EDGE('',*,*,#1491,.T.);
#1933=ORIENTED_EDGE('',*,*,#1492,.T.);
#1934=ORIENTED_EDGE('',*,*,#1434,.T.);
#1935=ORIENTED_EDGE('',*,*,#1490,.F.);
#1936=ORIENTED_EDGE('',*,*,#1493,.T.);
#1937=ORIENTED_EDGE('',*,*,#1494,.F.);
#1938=ORIENTED_EDGE('',*,*,#1495,.T.);
#1939=ORIENTED_EDGE('',*,*,#1496,.T.);
#1940=ORIENTED_EDGE('',*,*,#1497,.F.);
#1941=ORIENTED_EDGE('',*,*,#1498,.F.);
#1942=ORIENTED_EDGE('',*,*,#1499,.T.);
#1943=ORIENTED_EDGE('',*,*,#1500,.T.);
#1944=ORIENTED_EDGE('',*,*,#1495,.F.);
#1945=ORIENTED_EDGE('',*,*,#1501,.F.);
#1946=ORIENTED_EDGE('',*,*,#1502,.T.);
#1947=ORIENTED_EDGE('',*,*,#1503,.T.);
#1948=ORIENTED_EDGE('',*,*,#1499,.F.);
#1949=ORIENTED_EDGE('',*,*,#1504,.F.);
#1950=ORIENTED_EDGE('',*,*,#1505,.T.);
#1951=ORIENTED_EDGE('',*,*,#1506,.T.);
#1952=ORIENTED_EDGE('',*,*,#1502,.F.);
#1953=ORIENTED_EDGE('',*,*,#1507,.F.);
#1954=ORIENTED_EDGE('',*,*,#1508,.T.);
#1955=ORIENTED_EDGE('',*,*,#1509,.T.);
#1956=ORIENTED_EDGE('',*,*,#1505,.F.);
#1957=ORIENTED_EDGE('',*,*,#1510,.F.);
#1958=ORIENTED_EDGE('',*,*,#1511,.T.);
#1959=ORIENTED_EDGE('',*,*,#1512,.T.);
#1960=ORIENTED_EDGE('',*,*,#1508,.F.);
#1961=ORIENTED_EDGE('',*,*,#1513,.F.);
#1962=ORIENTED_EDGE('',*,*,#1514,.T.);
#1963=ORIENTED_EDGE('',*,*,#1515,.T.);
#1964=ORIENTED_EDGE('',*,*,#1511,.F.);
#1965=ORIENTED_EDGE('',*,*,#1516,.F.);
#1966=ORIENTED_EDGE('',*,*,#1497,.T.);
#1967=ORIENTED_EDGE('',*,*,#1517,.T.);
#1968=ORIENTED_EDGE('',*,*,#1514,.F.);
#1969=ORIENTED_EDGE('',*,*,#1517,.F.);
#1970=ORIENTED_EDGE('',*,*,#1496,.F.);
#1971=ORIENTED_EDGE('',*,*,#1500,.F.);
#1972=ORIENTED_EDGE('',*,*,#1503,.F.);
#1973=ORIENTED_EDGE('',*,*,#1506,.F.);
#1974=ORIENTED_EDGE('',*,*,#1509,.F.);
#1975=ORIENTED_EDGE('',*,*,#1512,.F.);
#1976=ORIENTED_EDGE('',*,*,#1515,.F.);
#1977=ORIENTED_EDGE('',*,*,#1518,.F.);
#1978=ORIENTED_EDGE('',*,*,#1519,.F.);
#1979=ORIENTED_EDGE('',*,*,#1520,.F.);
#1980=ORIENTED_EDGE('',*,*,#1521,.F.);
#1981=ORIENTED_EDGE('',*,*,#1522,.F.);
#1982=ORIENTED_EDGE('',*,*,#1523,.T.);
#1983=ORIENTED_EDGE('',*,*,#1524,.T.);
#1984=ORIENTED_EDGE('',*,*,#1525,.F.);
#1985=ORIENTED_EDGE('',*,*,#1526,.F.);
#1986=ORIENTED_EDGE('',*,*,#1527,.T.);
#1987=ORIENTED_EDGE('',*,*,#1528,.T.);
#1988=ORIENTED_EDGE('',*,*,#1523,.F.);
#1989=ORIENTED_EDGE('',*,*,#1529,.F.);
#1990=ORIENTED_EDGE('',*,*,#1530,.T.);
#1991=ORIENTED_EDGE('',*,*,#1531,.T.);
#1992=ORIENTED_EDGE('',*,*,#1527,.F.);
#1993=ORIENTED_EDGE('',*,*,#1532,.F.);
#1994=ORIENTED_EDGE('',*,*,#1533,.T.);
#1995=ORIENTED_EDGE('',*,*,#1534,.T.);
#1996=ORIENTED_EDGE('',*,*,#1530,.F.);
#1997=ORIENTED_EDGE('',*,*,#1535,.F.);
#1998=ORIENTED_EDGE('',*,*,#1536,.T.);
#1999=ORIENTED_EDGE('',*,*,#1537,.T.);
#2000=ORIENTED_EDGE('',*,*,#1533,.F.);
#2001=ORIENTED_EDGE('',*,*,#1538,.F.);
#2002=ORIENTED_EDGE('',*,*,#1539,.T.);
#2003=ORIENTED_EDGE('',*,*,#1540,.T.);
#2004=ORIENTED_EDGE('',*,*,#1536,.F.);
#2005=ORIENTED_EDGE('',*,*,#1541,.F.);
#2006=ORIENTED_EDGE('',*,*,#1542,.T.);
#2007=ORIENTED_EDGE('',*,*,#1543,.T.);
#2008=ORIENTED_EDGE('',*,*,#1539,.F.);
#2009=ORIENTED_EDGE('',*,*,#1544,.F.);
#2010=ORIENTED_EDGE('',*,*,#1525,.T.);
#2011=ORIENTED_EDGE('',*,*,#1545,.T.);
#2012=ORIENTED_EDGE('',*,*,#1542,.F.);
#2013=ORIENTED_EDGE('',*,*,#1545,.F.);
#2014=ORIENTED_EDGE('',*,*,#1524,.F.);
#2015=ORIENTED_EDGE('',*,*,#1528,.F.);
#2016=ORIENTED_EDGE('',*,*,#1531,.F.);
#2017=ORIENTED_EDGE('',*,*,#1534,.F.);
#2018=ORIENTED_EDGE('',*,*,#1537,.F.);
#2019=ORIENTED_EDGE('',*,*,#1540,.F.);
#2020=ORIENTED_EDGE('',*,*,#1543,.F.);
#2021=ORIENTED_EDGE('',*,*,#1546,.F.);
#2022=ORIENTED_EDGE('',*,*,#1547,.F.);
#2023=ORIENTED_EDGE('',*,*,#1548,.F.);
#2024=ORIENTED_EDGE('',*,*,#1549,.F.);
#2025=ORIENTED_EDGE('',*,*,#1520,.T.);
#2026=ORIENTED_EDGE('',*,*,#1550,.T.);
#2027=ORIENTED_EDGE('',*,*,#1436,.F.);
#2028=ORIENTED_EDGE('',*,*,#1551,.F.);
#2029=ORIENTED_EDGE('',*,*,#1519,.T.);
#2030=ORIENTED_EDGE('',*,*,#1552,.T.);
#2031=ORIENTED_EDGE('',*,*,#1437,.F.);
#2032=ORIENTED_EDGE('',*,*,#1550,.F.);
#2033=ORIENTED_EDGE('',*,*,#1548,.T.);
#2034=ORIENTED_EDGE('',*,*,#1553,.T.);
#2035=ORIENTED_EDGE('',*,*,#1440,.F.);
#2036=ORIENTED_EDGE('',*,*,#1554,.F.);
#2037=ORIENTED_EDGE('',*,*,#1547,.T.);
#2038=ORIENTED_EDGE('',*,*,#1555,.T.);
#2039=ORIENTED_EDGE('',*,*,#1441,.F.);
#2040=ORIENTED_EDGE('',*,*,#1553,.F.);
#2041=ORIENTED_EDGE('',*,*,#1556,.T.);
#2042=ORIENTED_EDGE('',*,*,#1557,.T.);
#2043=ORIENTED_EDGE('',*,*,#1558,.T.);
#2044=ORIENTED_EDGE('',*,*,#1559,.T.);
#2045=ORIENTED_EDGE('',*,*,#1559,.F.);
#2046=ORIENTED_EDGE('',*,*,#1560,.F.);
#2047=ORIENTED_EDGE('',*,*,#1452,.F.);
#2048=ORIENTED_EDGE('',*,*,#1561,.T.);
#2049=ORIENTED_EDGE('',*,*,#1562,.T.);
#2050=ORIENTED_EDGE('',*,*,#1477,.T.);
#2051=ORIENTED_EDGE('',*,*,#1563,.T.);
#2052=ORIENTED_EDGE('',*,*,#1564,.T.);
#2053=ORIENTED_EDGE('',*,*,#1565,.T.);
#2054=ORIENTED_EDGE('',*,*,#1473,.T.);
#2055=ORIENTED_EDGE('',*,*,#1566,.T.);
#2056=ORIENTED_EDGE('',*,*,#1567,.T.);
#2057=ORIENTED_EDGE('',*,*,#1453,.F.);
#2058=ORIENTED_EDGE('',*,*,#1560,.T.);
#2059=ORIENTED_EDGE('',*,*,#1558,.F.);
#2060=ORIENTED_EDGE('',*,*,#1568,.F.);
#2061=ORIENTED_EDGE('',*,*,#1481,.T.);
#2062=ORIENTED_EDGE('',*,*,#1569,.T.);
#2063=ORIENTED_EDGE('',*,*,#1570,.T.);
#2064=ORIENTED_EDGE('',*,*,#1571,.T.);
#2065=ORIENTED_EDGE('',*,*,#1572,.T.);
#2066=ORIENTED_EDGE('',*,*,#1390,.T.);
#2067=ORIENTED_EDGE('',*,*,#1485,.T.);
#2068=ORIENTED_EDGE('',*,*,#1572,.F.);
#2069=ORIENTED_EDGE('',*,*,#1573,.F.);
#2070=ORIENTED_EDGE('',*,*,#1456,.F.);
#2071=ORIENTED_EDGE('',*,*,#1391,.F.);
#2072=ORIENTED_EDGE('',*,*,#1574,.T.);
#2073=ORIENTED_EDGE('',*,*,#1575,.T.);
#2074=ORIENTED_EDGE('',*,*,#1405,.T.);
#2075=ORIENTED_EDGE('',*,*,#1576,.T.);
#2076=ORIENTED_EDGE('',*,*,#1575,.F.);
#2077=ORIENTED_EDGE('',*,*,#1577,.F.);
#2078=ORIENTED_EDGE('',*,*,#1578,.F.);
#2079=ORIENTED_EDGE('',*,*,#1406,.F.);
#2080=ORIENTED_EDGE('',*,*,#1579,.F.);
#2081=ORIENTED_EDGE('',*,*,#1580,.T.);
#2082=ORIENTED_EDGE('',*,*,#1581,.T.);
#2083=ORIENTED_EDGE('',*,*,#1580,.F.);
#2084=ORIENTED_EDGE('',*,*,#1581,.F.);
#2085=ORIENTED_EDGE('',*,*,#1582,.F.);
#2086=ORIENTED_EDGE('',*,*,#1583,.T.);
#2087=ORIENTED_EDGE('',*,*,#1584,.T.);
#2088=ORIENTED_EDGE('',*,*,#1583,.F.);
#2089=ORIENTED_EDGE('',*,*,#1584,.F.);
#2090=ORIENTED_EDGE('',*,*,#1479,.F.);
#2091=ORIENTED_EDGE('',*,*,#1585,.T.);
#2092=ORIENTED_EDGE('',*,*,#1586,.T.);
#2093=ORIENTED_EDGE('',*,*,#1587,.F.);
#2094=ORIENTED_EDGE('',*,*,#1478,.F.);
#2095=ORIENTED_EDGE('',*,*,#1562,.F.);
#2096=ORIENTED_EDGE('',*,*,#1588,.T.);
#2097=ORIENTED_EDGE('',*,*,#1589,.T.);
#2098=ORIENTED_EDGE('',*,*,#1585,.F.);
#2099=ORIENTED_EDGE('',*,*,#1590,.F.);
#2100=ORIENTED_EDGE('',*,*,#1591,.T.);
#2101=ORIENTED_EDGE('',*,*,#1588,.F.);
#2102=ORIENTED_EDGE('',*,*,#1570,.F.);
#2103=ORIENTED_EDGE('',*,*,#1480,.F.);
#2104=ORIENTED_EDGE('',*,*,#1587,.T.);
#2105=ORIENTED_EDGE('',*,*,#1592,.T.);
#2106=ORIENTED_EDGE('',*,*,#1590,.T.);
#2107=ORIENTED_EDGE('',*,*,#1569,.F.);
#2108=ORIENTED_EDGE('',*,*,#1592,.F.);
#2109=ORIENTED_EDGE('',*,*,#1586,.F.);
#2110=ORIENTED_EDGE('',*,*,#1589,.F.);
#2111=ORIENTED_EDGE('',*,*,#1591,.F.);
#2112=ORIENTED_EDGE('',*,*,#1593,.F.);
#2113=ORIENTED_EDGE('',*,*,#1594,.F.);
#2114=ORIENTED_EDGE('',*,*,#1595,.F.);
#2115=ORIENTED_EDGE('',*,*,#1596,.F.);
#2116=ORIENTED_EDGE('',*,*,#1474,.F.);
#2117=ORIENTED_EDGE('',*,*,#1565,.F.);
#2118=ORIENTED_EDGE('',*,*,#1597,.T.);
#2119=ORIENTED_EDGE('',*,*,#1598,.T.);
#2120=ORIENTED_EDGE('',*,*,#1599,.F.);
#2121=ORIENTED_EDGE('',*,*,#1600,.T.);
#2122=ORIENTED_EDGE('',*,*,#1601,.T.);
#2123=ORIENTED_EDGE('',*,*,#1597,.F.);
#2124=ORIENTED_EDGE('',*,*,#1564,.F.);
#2125=ORIENTED_EDGE('',*,*,#1476,.F.);
#2126=ORIENTED_EDGE('',*,*,#1602,.T.);
#2127=ORIENTED_EDGE('',*,*,#1603,.T.);
#2128=ORIENTED_EDGE('',*,*,#1600,.F.);
#2129=ORIENTED_EDGE('',*,*,#1563,.F.);
#2130=ORIENTED_EDGE('',*,*,#1475,.F.);
#2131=ORIENTED_EDGE('',*,*,#1599,.T.);
#2132=ORIENTED_EDGE('',*,*,#1604,.T.);
#2133=ORIENTED_EDGE('',*,*,#1602,.F.);
#2134=ORIENTED_EDGE('',*,*,#1604,.F.);
#2135=ORIENTED_EDGE('',*,*,#1598,.F.);
#2136=ORIENTED_EDGE('',*,*,#1601,.F.);
#2137=ORIENTED_EDGE('',*,*,#1603,.F.);
#2138=ORIENTED_EDGE('',*,*,#1605,.F.);
#2139=ORIENTED_EDGE('',*,*,#1606,.F.);
#2140=ORIENTED_EDGE('',*,*,#1607,.F.);
#2141=ORIENTED_EDGE('',*,*,#1608,.F.);
#2142=ORIENTED_EDGE('',*,*,#1595,.T.);
#2143=ORIENTED_EDGE('',*,*,#1609,.T.);
#2144=ORIENTED_EDGE('',*,*,#1610,.F.);
#2145=ORIENTED_EDGE('',*,*,#1611,.F.);
#2146=ORIENTED_EDGE('',*,*,#1594,.T.);
#2147=ORIENTED_EDGE('',*,*,#1612,.F.);
#2148=ORIENTED_EDGE('',*,*,#1613,.F.);
#2149=ORIENTED_EDGE('',*,*,#1609,.F.);
#2150=ORIENTED_EDGE('',*,*,#1607,.T.);
#2151=ORIENTED_EDGE('',*,*,#1614,.T.);
#2152=ORIENTED_EDGE('',*,*,#1615,.F.);
#2153=ORIENTED_EDGE('',*,*,#1616,.F.);
#2154=ORIENTED_EDGE('',*,*,#1606,.T.);
#2155=ORIENTED_EDGE('',*,*,#1617,.F.);
#2156=ORIENTED_EDGE('',*,*,#1618,.F.);
#2157=ORIENTED_EDGE('',*,*,#1614,.F.);
#2158=ORIENTED_EDGE('',*,*,#1619,.F.);
#2159=ORIENTED_EDGE('',*,*,#1566,.F.);
#2160=ORIENTED_EDGE('',*,*,#1472,.T.);
#2161=ORIENTED_EDGE('',*,*,#1463,.F.);
#2162=ORIENTED_EDGE('',*,*,#1620,.F.);
#2163=ORIENTED_EDGE('',*,*,#1621,.F.);
#2164=ORIENTED_EDGE('',*,*,#1622,.T.);
#2165=ORIENTED_EDGE('',*,*,#1623,.T.);
#2166=ORIENTED_EDGE('',*,*,#1624,.F.);
#2167=ORIENTED_EDGE('',*,*,#1395,.T.);
#2168=ORIENTED_EDGE('',*,*,#1579,.T.);
#2169=ORIENTED_EDGE('',*,*,#1582,.T.);
#2170=ORIENTED_EDGE('',*,*,#1483,.T.);
#2171=ORIENTED_EDGE('',*,*,#1625,.T.);
#2172=ORIENTED_EDGE('',*,*,#1626,.T.);
#2173=ORIENTED_EDGE('',*,*,#1468,.T.);
#2174=ORIENTED_EDGE('',*,*,#1471,.T.);
#2175=ORIENTED_EDGE('',*,*,#1593,.T.);
#2176=ORIENTED_EDGE('',*,*,#1627,.T.);
#2177=ORIENTED_EDGE('',*,*,#1628,.F.);
#2178=ORIENTED_EDGE('',*,*,#1612,.T.);
#2179=ORIENTED_EDGE('',*,*,#1596,.T.);
#2180=ORIENTED_EDGE('',*,*,#1611,.T.);
#2181=ORIENTED_EDGE('',*,*,#1629,.F.);
#2182=ORIENTED_EDGE('',*,*,#1627,.F.);
#2183=ORIENTED_EDGE('',*,*,#1605,.T.);
#2184=ORIENTED_EDGE('',*,*,#1630,.T.);
#2185=ORIENTED_EDGE('',*,*,#1631,.F.);
#2186=ORIENTED_EDGE('',*,*,#1617,.T.);
#2187=ORIENTED_EDGE('',*,*,#1608,.T.);
#2188=ORIENTED_EDGE('',*,*,#1616,.T.);
#2189=ORIENTED_EDGE('',*,*,#1632,.F.);
#2190=ORIENTED_EDGE('',*,*,#1630,.F.);
#2191=ORIENTED_EDGE('',*,*,#1462,.F.);
#2192=ORIENTED_EDGE('',*,*,#1469,.F.);
#2193=ORIENTED_EDGE('',*,*,#1626,.F.);
#2194=ORIENTED_EDGE('',*,*,#1633,.T.);
#2195=ORIENTED_EDGE('',*,*,#1634,.F.);
#2196=ORIENTED_EDGE('',*,*,#1620,.T.);
#2197=ORIENTED_EDGE('',*,*,#1628,.T.);
#2198=ORIENTED_EDGE('',*,*,#1629,.T.);
#2199=ORIENTED_EDGE('',*,*,#1610,.T.);
#2200=ORIENTED_EDGE('',*,*,#1613,.T.);
#2201=ORIENTED_EDGE('',*,*,#1631,.T.);
#2202=ORIENTED_EDGE('',*,*,#1632,.T.);
#2203=ORIENTED_EDGE('',*,*,#1615,.T.);
#2204=ORIENTED_EDGE('',*,*,#1618,.T.);
#2205=ORIENTED_EDGE('',*,*,#1557,.F.);
#2206=ORIENTED_EDGE('',*,*,#1635,.F.);
#2207=ORIENTED_EDGE('',*,*,#1633,.F.);
#2208=ORIENTED_EDGE('',*,*,#1625,.F.);
#2209=ORIENTED_EDGE('',*,*,#1482,.T.);
#2210=ORIENTED_EDGE('',*,*,#1568,.T.);
#2211=ORIENTED_EDGE('',*,*,#1556,.F.);
#2212=ORIENTED_EDGE('',*,*,#1561,.F.);
#2213=ORIENTED_EDGE('',*,*,#1636,.F.);
#2214=ORIENTED_EDGE('',*,*,#1621,.T.);
#2215=ORIENTED_EDGE('',*,*,#1634,.T.);
#2216=ORIENTED_EDGE('',*,*,#1635,.T.);
#2217=ORIENTED_EDGE('',*,*,#1396,.T.);
#2218=ORIENTED_EDGE('',*,*,#1624,.T.);
#2219=ORIENTED_EDGE('',*,*,#1637,.T.);
#2220=ORIENTED_EDGE('',*,*,#1448,.T.);
#2221=ORIENTED_EDGE('',*,*,#1403,.T.);
#2222=ORIENTED_EDGE('',*,*,#1638,.T.);
#2223=ORIENTED_EDGE('',*,*,#1639,.T.);
#2224=ORIENTED_EDGE('',*,*,#1640,.T.);
#2225=ORIENTED_EDGE('',*,*,#1638,.F.);
#2226=ORIENTED_EDGE('',*,*,#1402,.F.);
#2227=ORIENTED_EDGE('',*,*,#1641,.F.);
#2228=ORIENTED_EDGE('',*,*,#1642,.F.);
#2229=ORIENTED_EDGE('',*,*,#1409,.T.);
#2230=ORIENTED_EDGE('',*,*,#1643,.T.);
#2231=ORIENTED_EDGE('',*,*,#1644,.T.);
#2232=ORIENTED_EDGE('',*,*,#1641,.T.);
#2233=ORIENTED_EDGE('',*,*,#1643,.F.);
#2234=ORIENTED_EDGE('',*,*,#1408,.F.);
#2235=ORIENTED_EDGE('',*,*,#1645,.F.);
#2236=ORIENTED_EDGE('',*,*,#1646,.F.);
#2237=ORIENTED_EDGE('',*,*,#1407,.T.);
#2238=ORIENTED_EDGE('',*,*,#1578,.T.);
#2239=ORIENTED_EDGE('',*,*,#1647,.T.);
#2240=ORIENTED_EDGE('',*,*,#1645,.T.);
#2241=ORIENTED_EDGE('',*,*,#1571,.F.);
#2242=ORIENTED_EDGE('',*,*,#1484,.T.);
#2243=ORIENTED_EDGE('',*,*,#1370,.F.);
#2244=ORIENTED_EDGE('',*,*,#1376,.F.);
#2245=ORIENTED_EDGE('',*,*,#1461,.T.);
#2246=ORIENTED_EDGE('',*,*,#1360,.F.);
#2247=ORIENTED_EDGE('',*,*,#1356,.F.);
#2248=ORIENTED_EDGE('',*,*,#1443,.T.);
#2249=ORIENTED_EDGE('',*,*,#1426,.F.);
#2250=ORIENTED_EDGE('',*,*,#1429,.F.);
#2251=ORIENTED_EDGE('',*,*,#1492,.F.);
#2252=ORIENTED_EDGE('',*,*,#1648,.F.);
#2253=ORIENTED_EDGE('',*,*,#1649,.F.);
#2254=ORIENTED_EDGE('',*,*,#1449,.T.);
#2255=ORIENTED_EDGE('',*,*,#1637,.F.);
#2256=ORIENTED_EDGE('',*,*,#1623,.F.);
#2257=ORIENTED_EDGE('',*,*,#1650,.F.);
#2258=ORIENTED_EDGE('',*,*,#1457,.T.);
#2259=ORIENTED_EDGE('',*,*,#1573,.T.);
#2260=ORIENTED_EDGE('',*,*,#1651,.F.);
#2261=ORIENTED_EDGE('',*,*,#1652,.F.);
#2262=ORIENTED_EDGE('',*,*,#1653,.F.);
#2263=ORIENTED_EDGE('',*,*,#1654,.F.);
#2264=ORIENTED_EDGE('',*,*,#1655,.F.);
#2265=ORIENTED_EDGE('',*,*,#1656,.F.);
#2266=ORIENTED_EDGE('',*,*,#1657,.F.);
#2267=ORIENTED_EDGE('',*,*,#1658,.F.);
#2268=ORIENTED_EDGE('',*,*,#1646,.T.);
#2269=ORIENTED_EDGE('',*,*,#1647,.F.);
#2270=ORIENTED_EDGE('',*,*,#1577,.T.);
#2271=ORIENTED_EDGE('',*,*,#1574,.F.);
#2272=ORIENTED_EDGE('',*,*,#1659,.F.);
#2273=ORIENTED_EDGE('',*,*,#1639,.F.);
#2274=ORIENTED_EDGE('',*,*,#1642,.T.);
#2275=ORIENTED_EDGE('',*,*,#1644,.F.);
#2276=ORIENTED_EDGE('',*,*,#1660,.F.);
#2277=ORIENTED_EDGE('',*,*,#1661,.F.);
#2278=ORIENTED_EDGE('',*,*,#1662,.F.);
#2279=ORIENTED_EDGE('',*,*,#1663,.F.);
#2280=ORIENTED_EDGE('',*,*,#1664,.F.);
#2281=ORIENTED_EDGE('',*,*,#1665,.F.);
#2282=ORIENTED_EDGE('',*,*,#1666,.F.);
#2283=ORIENTED_EDGE('',*,*,#1667,.F.);
#2284=ORIENTED_EDGE('',*,*,#1576,.F.);
#2285=ORIENTED_EDGE('',*,*,#1404,.F.);
#2286=ORIENTED_EDGE('',*,*,#1640,.F.);
#2287=ORIENTED_EDGE('',*,*,#1659,.T.);
#2288=ORIENTED_EDGE('',*,*,#1636,.T.);
#2289=ORIENTED_EDGE('',*,*,#1451,.T.);
#2290=ORIENTED_EDGE('',*,*,#1455,.T.);
#2291=ORIENTED_EDGE('',*,*,#1650,.T.);
#2292=ORIENTED_EDGE('',*,*,#1622,.F.);
#2293=ORIENTED_EDGE('',*,*,#1567,.F.);
#2294=ORIENTED_EDGE('',*,*,#1619,.T.);
#2295=ORIENTED_EDGE('',*,*,#1394,.T.);
#2296=ORIENTED_EDGE('',*,*,#1454,.F.);
#2297=ORIENTED_EDGE('',*,*,#1649,.T.);
#2298=ORIENTED_EDGE('',*,*,#1668,.T.);
#2299=ORIENTED_EDGE('',*,*,#1669,.T.);
#2300=ORIENTED_EDGE('',*,*,#1670,.T.);
#2301=ORIENTED_EDGE('',*,*,#1671,.T.);
#2302=ORIENTED_EDGE('',*,*,#1446,.T.);
#2303=ORIENTED_EDGE('',*,*,#1494,.T.);
#2304=ORIENTED_EDGE('',*,*,#1516,.T.);
#2305=ORIENTED_EDGE('',*,*,#1513,.T.);
#2306=ORIENTED_EDGE('',*,*,#1510,.T.);
#2307=ORIENTED_EDGE('',*,*,#1507,.T.);
#2308=ORIENTED_EDGE('',*,*,#1504,.T.);
#2309=ORIENTED_EDGE('',*,*,#1501,.T.);
#2310=ORIENTED_EDGE('',*,*,#1498,.T.);
#2311=ORIENTED_EDGE('',*,*,#1522,.T.);
#2312=ORIENTED_EDGE('',*,*,#1544,.T.);
#2313=ORIENTED_EDGE('',*,*,#1541,.T.);
#2314=ORIENTED_EDGE('',*,*,#1538,.T.);
#2315=ORIENTED_EDGE('',*,*,#1535,.T.);
#2316=ORIENTED_EDGE('',*,*,#1532,.T.);
#2317=ORIENTED_EDGE('',*,*,#1529,.T.);
#2318=ORIENTED_EDGE('',*,*,#1526,.T.);
#2319=ORIENTED_EDGE('',*,*,#1546,.T.);
#2320=ORIENTED_EDGE('',*,*,#1672,.T.);
#2321=ORIENTED_EDGE('',*,*,#1442,.F.);
#2322=ORIENTED_EDGE('',*,*,#1555,.F.);
#2323=ORIENTED_EDGE('',*,*,#1549,.T.);
#2324=ORIENTED_EDGE('',*,*,#1554,.T.);
#2325=ORIENTED_EDGE('',*,*,#1439,.F.);
#2326=ORIENTED_EDGE('',*,*,#1672,.F.);
#2327=ORIENTED_EDGE('',*,*,#1518,.T.);
#2328=ORIENTED_EDGE('',*,*,#1673,.T.);
#2329=ORIENTED_EDGE('',*,*,#1438,.F.);
#2330=ORIENTED_EDGE('',*,*,#1552,.F.);
#2331=ORIENTED_EDGE('',*,*,#1521,.T.);
#2332=ORIENTED_EDGE('',*,*,#1551,.T.);
#2333=ORIENTED_EDGE('',*,*,#1435,.F.);
#2334=ORIENTED_EDGE('',*,*,#1673,.F.);
#2335=ORIENTED_EDGE('',*,*,#1489,.F.);
#2336=ORIENTED_EDGE('',*,*,#1674,.F.);
#2337=ORIENTED_EDGE('',*,*,#1670,.F.);
#2338=ORIENTED_EDGE('',*,*,#1675,.T.);
#2339=ORIENTED_EDGE('',*,*,#1486,.F.);
#2340=ORIENTED_EDGE('',*,*,#1447,.F.);
#2341=ORIENTED_EDGE('',*,*,#1671,.F.);
#2342=ORIENTED_EDGE('',*,*,#1674,.T.);
#2343=ORIENTED_EDGE('',*,*,#1648,.T.);
#2344=ORIENTED_EDGE('',*,*,#1493,.F.);
#2345=ORIENTED_EDGE('',*,*,#1676,.F.);
#2346=ORIENTED_EDGE('',*,*,#1668,.F.);
#2347=ORIENTED_EDGE('',*,*,#1491,.F.);
#2348=ORIENTED_EDGE('',*,*,#1675,.F.);
#2349=ORIENTED_EDGE('',*,*,#1669,.F.);
#2350=ORIENTED_EDGE('',*,*,#1676,.T.);
#2351=ORIENTED_EDGE('',*,*,#1411,.F.);
#2352=ORIENTED_EDGE('',*,*,#1677,.T.);
#2353=ORIENTED_EDGE('',*,*,#1678,.T.);
#2354=ORIENTED_EDGE('',*,*,#1679,.F.);
#2355=ORIENTED_EDGE('',*,*,#1680,.T.);
#2356=ORIENTED_EDGE('',*,*,#1677,.F.);
#2357=ORIENTED_EDGE('',*,*,#1410,.F.);
#2358=ORIENTED_EDGE('',*,*,#1681,.T.);
#2359=ORIENTED_EDGE('',*,*,#1413,.F.);
#2360=ORIENTED_EDGE('',*,*,#1682,.T.);
#2361=ORIENTED_EDGE('',*,*,#1683,.T.);
#2362=ORIENTED_EDGE('',*,*,#1681,.F.);
#2363=ORIENTED_EDGE('',*,*,#1412,.F.);
#2364=ORIENTED_EDGE('',*,*,#1679,.T.);
#2365=ORIENTED_EDGE('',*,*,#1684,.T.);
#2366=ORIENTED_EDGE('',*,*,#1682,.F.);
#2367=ORIENTED_EDGE('',*,*,#1680,.F.);
#2368=ORIENTED_EDGE('',*,*,#1683,.F.);
#2369=ORIENTED_EDGE('',*,*,#1684,.F.);
#2370=ORIENTED_EDGE('',*,*,#1678,.F.);
#2371=ORIENTED_EDGE('',*,*,#1685,.F.);
#2372=ORIENTED_EDGE('',*,*,#1686,.F.);
#2373=ORIENTED_EDGE('',*,*,#1687,.F.);
#2374=ORIENTED_EDGE('',*,*,#1688,.F.);
#2375=ORIENTED_EDGE('',*,*,#1415,.F.);
#2376=ORIENTED_EDGE('',*,*,#1689,.T.);
#2377=ORIENTED_EDGE('',*,*,#1690,.T.);
#2378=ORIENTED_EDGE('',*,*,#1691,.F.);
#2379=ORIENTED_EDGE('',*,*,#1692,.T.);
#2380=ORIENTED_EDGE('',*,*,#1689,.F.);
#2381=ORIENTED_EDGE('',*,*,#1414,.F.);
#2382=ORIENTED_EDGE('',*,*,#1693,.T.);
#2383=ORIENTED_EDGE('',*,*,#1417,.F.);
#2384=ORIENTED_EDGE('',*,*,#1694,.T.);
#2385=ORIENTED_EDGE('',*,*,#1695,.T.);
#2386=ORIENTED_EDGE('',*,*,#1693,.F.);
#2387=ORIENTED_EDGE('',*,*,#1416,.F.);
#2388=ORIENTED_EDGE('',*,*,#1691,.T.);
#2389=ORIENTED_EDGE('',*,*,#1696,.T.);
#2390=ORIENTED_EDGE('',*,*,#1694,.F.);
#2391=ORIENTED_EDGE('',*,*,#1692,.F.);
#2392=ORIENTED_EDGE('',*,*,#1695,.F.);
#2393=ORIENTED_EDGE('',*,*,#1696,.F.);
#2394=ORIENTED_EDGE('',*,*,#1690,.F.);
#2395=ORIENTED_EDGE('',*,*,#1697,.F.);
#2396=ORIENTED_EDGE('',*,*,#1698,.F.);
#2397=ORIENTED_EDGE('',*,*,#1699,.F.);
#2398=ORIENTED_EDGE('',*,*,#1700,.F.);
#2399=ORIENTED_EDGE('',*,*,#1418,.F.);
#2400=ORIENTED_EDGE('',*,*,#1701,.T.);
#2401=ORIENTED_EDGE('',*,*,#1702,.T.);
#2402=ORIENTED_EDGE('',*,*,#1703,.F.);
#2403=ORIENTED_EDGE('',*,*,#1421,.F.);
#2404=ORIENTED_EDGE('',*,*,#1704,.T.);
#2405=ORIENTED_EDGE('',*,*,#1705,.T.);
#2406=ORIENTED_EDGE('',*,*,#1701,.F.);
#2407=ORIENTED_EDGE('',*,*,#1420,.F.);
#2408=ORIENTED_EDGE('',*,*,#1706,.T.);
#2409=ORIENTED_EDGE('',*,*,#1707,.T.);
#2410=ORIENTED_EDGE('',*,*,#1704,.F.);
#2411=ORIENTED_EDGE('',*,*,#1419,.F.);
#2412=ORIENTED_EDGE('',*,*,#1703,.T.);
#2413=ORIENTED_EDGE('',*,*,#1708,.T.);
#2414=ORIENTED_EDGE('',*,*,#1706,.F.);
#2415=ORIENTED_EDGE('',*,*,#1708,.F.);
#2416=ORIENTED_EDGE('',*,*,#1702,.F.);
#2417=ORIENTED_EDGE('',*,*,#1705,.F.);
#2418=ORIENTED_EDGE('',*,*,#1707,.F.);
#2419=ORIENTED_EDGE('',*,*,#1709,.F.);
#2420=ORIENTED_EDGE('',*,*,#1710,.F.);
#2421=ORIENTED_EDGE('',*,*,#1711,.F.);
#2422=ORIENTED_EDGE('',*,*,#1712,.F.);
#2423=ORIENTED_EDGE('',*,*,#1422,.F.);
#2424=ORIENTED_EDGE('',*,*,#1713,.T.);
#2425=ORIENTED_EDGE('',*,*,#1714,.T.);
#2426=ORIENTED_EDGE('',*,*,#1715,.F.);
#2427=ORIENTED_EDGE('',*,*,#1425,.F.);
#2428=ORIENTED_EDGE('',*,*,#1716,.T.);
#2429=ORIENTED_EDGE('',*,*,#1717,.T.);
#2430=ORIENTED_EDGE('',*,*,#1713,.F.);
#2431=ORIENTED_EDGE('',*,*,#1424,.F.);
#2432=ORIENTED_EDGE('',*,*,#1718,.T.);
#2433=ORIENTED_EDGE('',*,*,#1719,.T.);
#2434=ORIENTED_EDGE('',*,*,#1716,.F.);
#2435=ORIENTED_EDGE('',*,*,#1423,.F.);
#2436=ORIENTED_EDGE('',*,*,#1715,.T.);
#2437=ORIENTED_EDGE('',*,*,#1720,.T.);
#2438=ORIENTED_EDGE('',*,*,#1718,.F.);
#2439=ORIENTED_EDGE('',*,*,#1720,.F.);
#2440=ORIENTED_EDGE('',*,*,#1714,.F.);
#2441=ORIENTED_EDGE('',*,*,#1717,.F.);
#2442=ORIENTED_EDGE('',*,*,#1719,.F.);
#2443=ORIENTED_EDGE('',*,*,#1721,.F.);
#2444=ORIENTED_EDGE('',*,*,#1722,.F.);
#2445=ORIENTED_EDGE('',*,*,#1723,.F.);
#2446=ORIENTED_EDGE('',*,*,#1724,.F.);
#2447=ORIENTED_EDGE('',*,*,#1685,.T.);
#2448=ORIENTED_EDGE('',*,*,#1725,.F.);
#2449=ORIENTED_EDGE('',*,*,#1658,.T.);
#2450=ORIENTED_EDGE('',*,*,#1726,.T.);
#2451=ORIENTED_EDGE('',*,*,#1688,.T.);
#2452=ORIENTED_EDGE('',*,*,#1727,.F.);
#2453=ORIENTED_EDGE('',*,*,#1655,.T.);
#2454=ORIENTED_EDGE('',*,*,#1725,.T.);
#2455=ORIENTED_EDGE('',*,*,#1697,.T.);
#2456=ORIENTED_EDGE('',*,*,#1728,.F.);
#2457=ORIENTED_EDGE('',*,*,#1663,.T.);
#2458=ORIENTED_EDGE('',*,*,#1729,.T.);
#2459=ORIENTED_EDGE('',*,*,#1700,.T.);
#2460=ORIENTED_EDGE('',*,*,#1730,.F.);
#2461=ORIENTED_EDGE('',*,*,#1660,.T.);
#2462=ORIENTED_EDGE('',*,*,#1728,.T.);
#2463=ORIENTED_EDGE('',*,*,#1711,.T.);
#2464=ORIENTED_EDGE('',*,*,#1731,.F.);
#2465=ORIENTED_EDGE('',*,*,#1654,.T.);
#2466=ORIENTED_EDGE('',*,*,#1732,.T.);
#2467=ORIENTED_EDGE('',*,*,#1710,.T.);
#2468=ORIENTED_EDGE('',*,*,#1733,.F.);
#2469=ORIENTED_EDGE('',*,*,#1651,.T.);
#2470=ORIENTED_EDGE('',*,*,#1731,.T.);
#2471=ORIENTED_EDGE('',*,*,#1723,.T.);
#2472=ORIENTED_EDGE('',*,*,#1734,.F.);
#2473=ORIENTED_EDGE('',*,*,#1667,.T.);
#2474=ORIENTED_EDGE('',*,*,#1735,.T.);
#2475=ORIENTED_EDGE('',*,*,#1722,.T.);
#2476=ORIENTED_EDGE('',*,*,#1736,.F.);
#2477=ORIENTED_EDGE('',*,*,#1664,.T.);
#2478=ORIENTED_EDGE('',*,*,#1734,.T.);
#2479=ORIENTED_EDGE('',*,*,#1721,.T.);
#2480=ORIENTED_EDGE('',*,*,#1737,.F.);
#2481=ORIENTED_EDGE('',*,*,#1665,.T.);
#2482=ORIENTED_EDGE('',*,*,#1736,.T.);
#2483=ORIENTED_EDGE('',*,*,#1724,.T.);
#2484=ORIENTED_EDGE('',*,*,#1735,.F.);
#2485=ORIENTED_EDGE('',*,*,#1666,.T.);
#2486=ORIENTED_EDGE('',*,*,#1737,.T.);
#2487=ORIENTED_EDGE('',*,*,#1709,.T.);
#2488=ORIENTED_EDGE('',*,*,#1738,.F.);
#2489=ORIENTED_EDGE('',*,*,#1652,.T.);
#2490=ORIENTED_EDGE('',*,*,#1733,.T.);
#2491=ORIENTED_EDGE('',*,*,#1712,.T.);
#2492=ORIENTED_EDGE('',*,*,#1732,.F.);
#2493=ORIENTED_EDGE('',*,*,#1653,.T.);
#2494=ORIENTED_EDGE('',*,*,#1738,.T.);
#2495=ORIENTED_EDGE('',*,*,#1699,.T.);
#2496=ORIENTED_EDGE('',*,*,#1739,.F.);
#2497=ORIENTED_EDGE('',*,*,#1661,.T.);
#2498=ORIENTED_EDGE('',*,*,#1730,.T.);
#2499=ORIENTED_EDGE('',*,*,#1698,.T.);
#2500=ORIENTED_EDGE('',*,*,#1729,.F.);
#2501=ORIENTED_EDGE('',*,*,#1662,.T.);
#2502=ORIENTED_EDGE('',*,*,#1739,.T.);
#2503=ORIENTED_EDGE('',*,*,#1687,.T.);
#2504=ORIENTED_EDGE('',*,*,#1740,.F.);
#2505=ORIENTED_EDGE('',*,*,#1656,.T.);
#2506=ORIENTED_EDGE('',*,*,#1727,.T.);
#2507=ORIENTED_EDGE('',*,*,#1686,.T.);
#2508=ORIENTED_EDGE('',*,*,#1726,.F.);
#2509=ORIENTED_EDGE('',*,*,#1657,.T.);
#2510=ORIENTED_EDGE('',*,*,#1740,.T.);
#2511=CYLINDRICAL_SURFACE('',#2727,2.);
#2512=CYLINDRICAL_SURFACE('',#2734,2.);
#2513=CYLINDRICAL_SURFACE('',#2741,2.);
#2514=CYLINDRICAL_SURFACE('',#2747,2.);
#2515=CYLINDRICAL_SURFACE('',#2767,2.);
#2516=CYLINDRICAL_SURFACE('',#2777,2.);
#2517=CYLINDRICAL_SURFACE('',#2780,2.);
#2518=CYLINDRICAL_SURFACE('',#2783,1.65091884499224);
#2519=CYLINDRICAL_SURFACE('',#2784,1.60099342901495);
#2520=CYLINDRICAL_SURFACE('',#2785,1.59816028146403);
#2521=CYLINDRICAL_SURFACE('',#2787,2.);
#2522=CYLINDRICAL_SURFACE('',#2804,2.);
#2523=CYLINDRICAL_SURFACE('',#2809,2.);
#2524=CYLINDRICAL_SURFACE('',#2834,1.6);
#2525=CYLINDRICAL_SURFACE('',#2835,1.6);
#2526=CYLINDRICAL_SURFACE('',#2837,2.);
#2527=CYLINDRICAL_SURFACE('',#2846,2.);
#2528=CYLINDRICAL_SURFACE('',#2849,2.);
#2529=CYLINDRICAL_SURFACE('',#2852,1.5);
#2530=CYLINDRICAL_SURFACE('',#2856,1.5);
#2531=CYLINDRICAL_SURFACE('',#2861,3.);
#2532=CYLINDRICAL_SURFACE('',#2864,3.);
#2533=CYLINDRICAL_SURFACE('',#2869,3.);
#2534=CYLINDRICAL_SURFACE('',#2872,3.);
#2535=CYLINDRICAL_SURFACE('',#2879,1.6);
#2536=CYLINDRICAL_SURFACE('',#2882,1.6);
#2537=CYLINDRICAL_SURFACE('',#2885,2.);
#2538=CYLINDRICAL_SURFACE('',#2888,1.6);
#2539=CYLINDRICAL_SURFACE('',#2891,1.6);
#2540=CYLINDRICAL_SURFACE('',#2896,2.);
#2541=CYLINDRICAL_SURFACE('',#2898,2.);
#2542=CYLINDRICAL_SURFACE('',#2901,2.);
#2543=CYLINDRICAL_SURFACE('',#2904,2.);
#2544=CYLINDRICAL_SURFACE('',#2921,1.6);
#2545=CYLINDRICAL_SURFACE('',#2924,1.6);
#2546=CYLINDRICAL_SURFACE('',#2926,4.6);
#2547=CYLINDRICAL_SURFACE('',#2928,4.6);
#2548=CYLINDRICAL_SURFACE('',#2930,3.);
#2549=CYLINDRICAL_SURFACE('',#2933,3.);
#2550=CYLINDRICAL_SURFACE('',#2939,3.);
#2551=CYLINDRICAL_SURFACE('',#2942,3.);
#2552=CYLINDRICAL_SURFACE('',#2948,3.);
#2553=CYLINDRICAL_SURFACE('',#2951,3.);
#2554=CYLINDRICAL_SURFACE('',#2957,3.);
#2555=CYLINDRICAL_SURFACE('',#2960,3.);
#2556=CYLINDRICAL_SURFACE('',#2966,1.6);
#2557=CYLINDRICAL_SURFACE('',#2968,1.6);
#2558=CYLINDRICAL_SURFACE('',#2970,1.6);
#2559=CYLINDRICAL_SURFACE('',#2972,1.6);
#2560=CYLINDRICAL_SURFACE('',#2974,1.6);
#2561=CYLINDRICAL_SURFACE('',#2976,1.6);
#2562=CYLINDRICAL_SURFACE('',#2978,1.6);
#2563=CYLINDRICAL_SURFACE('',#2980,1.6);
#2564=ADVANCED_FACE('',(#144),#2511,.F.);
#2565=ADVANCED_FACE('',(#145,#27,#28,#29),#59,.F.);
#2566=ADVANCED_FACE('',(#146),#2512,.F.);
#2567=ADVANCED_FACE('',(#147,#30,#31,#32),#60,.T.);
#2568=ADVANCED_FACE('',(#148),#2513,.T.);
#2569=ADVANCED_FACE('',(#149),#61,.T.);
#2570=ADVANCED_FACE('',(#150),#62,.T.);
#2571=ADVANCED_FACE('',(#151),#2514,.T.);
#2572=ADVANCED_FACE('',(#152,#33,#34,#35,#36,#37),#63,.T.);
#2573=ADVANCED_FACE('',(#153),#2515,.F.);
#2574=ADVANCED_FACE('',(#154,#38,#39),#64,.F.);
#2575=ADVANCED_FACE('',(#155),#65,.T.);
#2576=ADVANCED_FACE('',(#156),#2516,.T.);
#2577=ADVANCED_FACE('',(#157),#66,.T.);
#2578=ADVANCED_FACE('',(#158),#67,.T.);
#2579=ADVANCED_FACE('',(#159),#2517,.F.);
#2580=ADVANCED_FACE('',(#160),#2518,.F.);
#2581=ADVANCED_FACE('',(#161),#2519,.F.);
#2582=ADVANCED_FACE('',(#162),#2520,.F.);
#2583=ADVANCED_FACE('',(#163),#68,.T.);
#2584=ADVANCED_FACE('',(#164),#2521,.T.);
#2585=ADVANCED_FACE('',(#165),#69,.T.);
#2586=ADVANCED_FACE('',(#166),#70,.T.);
#2587=ADVANCED_FACE('',(#167),#71,.T.);
#2588=ADVANCED_FACE('',(#168),#72,.T.);
#2589=ADVANCED_FACE('',(#169),#15,.T.);
#2590=ADVANCED_FACE('',(#170),#2522,.T.);
#2591=ADVANCED_FACE('',(#171),#16,.T.);
#2592=ADVANCED_FACE('',(#172),#2523,.T.);
#2593=ADVANCED_FACE('',(#173),#73,.F.);
#2594=ADVANCED_FACE('',(#174),#74,.F.);
#2595=ADVANCED_FACE('',(#175),#75,.F.);
#2596=ADVANCED_FACE('',(#176),#76,.F.);
#2597=ADVANCED_FACE('',(#177),#77,.F.);
#2598=ADVANCED_FACE('',(#178),#78,.F.);
#2599=ADVANCED_FACE('',(#179),#79,.F.);
#2600=ADVANCED_FACE('',(#180),#80,.F.);
#2601=ADVANCED_FACE('',(#181,#40),#81,.F.);
#2602=ADVANCED_FACE('',(#182),#82,.F.);
#2603=ADVANCED_FACE('',(#183),#83,.F.);
#2604=ADVANCED_FACE('',(#184),#84,.F.);
#2605=ADVANCED_FACE('',(#185),#85,.F.);
#2606=ADVANCED_FACE('',(#186),#86,.F.);
#2607=ADVANCED_FACE('',(#187),#87,.F.);
#2608=ADVANCED_FACE('',(#188),#88,.F.);
#2609=ADVANCED_FACE('',(#189),#89,.F.);
#2610=ADVANCED_FACE('',(#190,#41),#90,.F.);
#2611=ADVANCED_FACE('',(#191),#91,.T.);
#2612=ADVANCED_FACE('',(#192),#2524,.F.);
#2613=ADVANCED_FACE('',(#193),#2525,.F.);
#2614=ADVANCED_FACE('',(#194),#92,.T.);
#2615=ADVANCED_FACE('',(#195),#2526,.T.);
#2616=ADVANCED_FACE('',(#196),#93,.T.);
#2617=ADVANCED_FACE('',(#197),#94,.T.);
#2618=ADVANCED_FACE('',(#198),#2527,.T.);
#2619=ADVANCED_FACE('',(#199),#95,.T.);
#2620=ADVANCED_FACE('',(#200),#2528,.F.);
#2621=ADVANCED_FACE('',(#201),#96,.T.);
#2622=ADVANCED_FACE('',(#202),#2529,.F.);
#2623=ADVANCED_FACE('',(#203),#97,.T.);
#2624=ADVANCED_FACE('',(#204),#2530,.F.);
#2625=ADVANCED_FACE('',(#205),#98,.T.);
#2626=ADVANCED_FACE('',(#206),#99,.F.);
#2627=ADVANCED_FACE('',(#207),#2531,.F.);
#2628=ADVANCED_FACE('',(#208),#100,.F.);
#2629=ADVANCED_FACE('',(#209),#2532,.F.);
#2630=ADVANCED_FACE('',(#210,#42),#101,.T.);
#2631=ADVANCED_FACE('',(#211),#2533,.F.);
#2632=ADVANCED_FACE('',(#212),#102,.F.);
#2633=ADVANCED_FACE('',(#213),#2534,.F.);
#2634=ADVANCED_FACE('',(#214),#103,.F.);
#2635=ADVANCED_FACE('',(#215,#43),#104,.T.);
#2636=ADVANCED_FACE('',(#216),#105,.F.);
#2637=ADVANCED_FACE('',(#217),#2535,.F.);
#2638=ADVANCED_FACE('',(#218),#106,.F.);
#2639=ADVANCED_FACE('',(#219),#2536,.F.);
#2640=ADVANCED_FACE('',(#220,#44,#45),#107,.T.);
#2641=ADVANCED_FACE('',(#221),#2537,.T.);
#2642=ADVANCED_FACE('',(#222),#108,.F.);
#2643=ADVANCED_FACE('',(#223),#2538,.F.);
#2644=ADVANCED_FACE('',(#224),#109,.F.);
#2645=ADVANCED_FACE('',(#225),#2539,.F.);
#2646=ADVANCED_FACE('',(#226,#46,#47),#110,.T.);
#2647=ADVANCED_FACE('',(#227),#111,.F.);
#2648=ADVANCED_FACE('',(#228),#112,.T.);
#2649=ADVANCED_FACE('',(#229),#2540,.T.);
#2650=ADVANCED_FACE('',(#230),#2541,.F.);
#2651=ADVANCED_FACE('',(#231),#113,.F.);
#2652=ADVANCED_FACE('',(#232),#2542,.F.);
#2653=ADVANCED_FACE('',(#233),#114,.T.);
#2654=ADVANCED_FACE('',(#234),#2543,.F.);
#2655=ADVANCED_FACE('',(#235,#48,#49,#50,#51,#52),#115,.F.);
#2656=ADVANCED_FACE('',(#236),#116,.T.);
#2657=ADVANCED_FACE('',(#237),#117,.F.);
#2658=ADVANCED_FACE('',(#238),#118,.F.);
#2659=ADVANCED_FACE('',(#239,#53,#54),#119,.T.);
#2660=ADVANCED_FACE('',(#240),#2544,.F.);
#2661=ADVANCED_FACE('',(#241),#120,.T.);
#2662=ADVANCED_FACE('',(#242),#121,.T.);
#2663=ADVANCED_FACE('',(#243),#2545,.F.);
#2664=ADVANCED_FACE('',(#244),#122,.T.);
#2665=ADVANCED_FACE('',(#245),#2546,.T.);
#2666=ADVANCED_FACE('',(#246),#123,.T.);
#2667=ADVANCED_FACE('',(#247),#2547,.T.);
#2668=ADVANCED_FACE('',(#248),#124,.F.);
#2669=ADVANCED_FACE('',(#249),#2548,.F.);
#2670=ADVANCED_FACE('',(#250),#125,.F.);
#2671=ADVANCED_FACE('',(#251),#2549,.F.);
#2672=ADVANCED_FACE('',(#252,#55),#126,.T.);
#2673=ADVANCED_FACE('',(#253),#127,.F.);
#2674=ADVANCED_FACE('',(#254),#2550,.F.);
#2675=ADVANCED_FACE('',(#255),#128,.F.);
#2676=ADVANCED_FACE('',(#256),#2551,.F.);
#2677=ADVANCED_FACE('',(#257,#56),#129,.T.);
#2678=ADVANCED_FACE('',(#258),#130,.F.);
#2679=ADVANCED_FACE('',(#259),#2552,.F.);
#2680=ADVANCED_FACE('',(#260),#131,.F.);
#2681=ADVANCED_FACE('',(#261),#2553,.F.);
#2682=ADVANCED_FACE('',(#262,#57),#132,.T.);
#2683=ADVANCED_FACE('',(#263),#133,.F.);
#2684=ADVANCED_FACE('',(#264),#2554,.F.);
#2685=ADVANCED_FACE('',(#265),#134,.F.);
#2686=ADVANCED_FACE('',(#266),#2555,.F.);
#2687=ADVANCED_FACE('',(#267,#58),#135,.T.);
#2688=ADVANCED_FACE('',(#268),#136,.T.);
#2689=ADVANCED_FACE('',(#269),#2556,.F.);
#2690=ADVANCED_FACE('',(#270),#137,.T.);
#2691=ADVANCED_FACE('',(#271),#2557,.F.);
#2692=ADVANCED_FACE('',(#272),#138,.T.);
#2693=ADVANCED_FACE('',(#273),#2558,.F.);
#2694=ADVANCED_FACE('',(#274),#139,.T.);
#2695=ADVANCED_FACE('',(#275),#2559,.F.);
#2696=ADVANCED_FACE('',(#276),#140,.T.);
#2697=ADVANCED_FACE('',(#277),#2560,.F.);
#2698=ADVANCED_FACE('',(#278),#141,.T.);
#2699=ADVANCED_FACE('',(#279),#2561,.F.);
#2700=ADVANCED_FACE('',(#280),#142,.T.);
#2701=ADVANCED_FACE('',(#281),#2562,.F.);
#2702=ADVANCED_FACE('',(#282),#143,.T.);
#2703=ADVANCED_FACE('',(#283),#2563,.F.);
#2704=CLOSED_SHELL('',(#2564,#2565,#2566,#2567,#2568,#2569,#2570,#2571,
#2572,#2573,#2574,#2575,#2576,#2577,#2578,#2579,#2580,#2581,#2582,#2583,
#2584,#2585,#2586,#2587,#2588,#2589,#2590,#2591,#2592,#2593,#2594,#2595,
#2596,#2597,#2598,#2599,#2600,#2601,#2602,#2603,#2604,#2605,#2606,#2607,
#2608,#2609,#2610,#2611,#2612,#2613,#2614,#2615,#2616,#2617,#2618,#2619,
#2620,#2621,#2622,#2623,#2624,#2625,#2626,#2627,#2628,#2629,#2630,#2631,
#2632,#2633,#2634,#2635,#2636,#2637,#2638,#2639,#2640,#2641,#2642,#2643,
#2644,#2645,#2646,#2647,#2648,#2649,#2650,#2651,#2652,#2653,#2654,#2655,
#2656,#2657,#2658,#2659,#2660,#2661,#2662,#2663,#2664,#2665,#2666,#2667,
#2668,#2669,#2670,#2671,#2672,#2673,#2674,#2675,#2676,#2677,#2678,#2679,
#2680,#2681,#2682,#2683,#2684,#2685,#2686,#2687,#2688,#2689,#2690,#2691,
#2692,#2693,#2694,#2695,#2696,#2697,#2698,#2699,#2700,#2701,#2702,#2703));
#2705=DERIVED_UNIT_ELEMENT(#2708,1.);
#2706=DERIVED_UNIT_ELEMENT(#4558,-3.);
#2707=DIMENSIONAL_EXPONENTS(0.,1.,0.,0.,0.,0.,0.);
#2708=(
CONVERSION_BASED_UNIT('gram',#2710)
MASS_UNIT()
NAMED_UNIT(#2707)
);
#2709=(
MASS_UNIT()
NAMED_UNIT(*)
SI_UNIT(.KILO.,.GRAM.)
);
#2710=MASS_MEASURE_WITH_UNIT(MASS_MEASURE(0.001),#2709);
#2711=DERIVED_UNIT((#2705,#2706));
#2712=MEASURE_REPRESENTATION_ITEM('density measure',
POSITIVE_RATIO_MEASURE(1.),#2711);
#2713=PROPERTY_DEFINITION_REPRESENTATION(#2718,#2715);
#2714=PROPERTY_DEFINITION_REPRESENTATION(#2719,#2716);
#2715=REPRESENTATION('material name',(#2717),#4555);
#2716=REPRESENTATION('density',(#2712),#4555);
#2717=DESCRIPTIVE_REPRESENTATION_ITEM('Generic','Generic');
#2718=PROPERTY_DEFINITION('material property','material name',#4565);
#2719=PROPERTY_DEFINITION('material property','density of part',#4565);
#2720=DATE_TIME_ROLE('creation_date');
#2721=APPLIED_DATE_AND_TIME_ASSIGNMENT(#2722,#2720,(#4565));
#2722=DATE_AND_TIME(#2723,#2724);
#2723=CALENDAR_DATE(2024,17,8);
#2724=LOCAL_TIME(0,0,0.,#2725);
#2725=COORDINATED_UNIVERSAL_TIME_OFFSET(0,0,.BEHIND.);
#2726=AXIS2_PLACEMENT_3D('',#3761,#2981,#2982);
#2727=AXIS2_PLACEMENT_3D('',#3762,#2983,#2984);
#2728=AXIS2_PLACEMENT_3D('',#3765,#2985,#2986);
#2729=AXIS2_PLACEMENT_3D('',#3769,#2988,#2989);
#2730=AXIS2_PLACEMENT_3D('',#3771,#2991,#2992);
#2731=AXIS2_PLACEMENT_3D('',#3782,#2998,#2999);
#2732=AXIS2_PLACEMENT_3D('',#3784,#3000,#3001);
#2733=AXIS2_PLACEMENT_3D('',#3786,#3002,#3003);
#2734=AXIS2_PLACEMENT_3D('',#3787,#3004,#3005);
#2735=AXIS2_PLACEMENT_3D('',#3790,#3006,#3007);
#2736=AXIS2_PLACEMENT_3D('',#3794,#3009,#3010);
#2737=AXIS2_PLACEMENT_3D('',#3796,#3012,#3013);
#2738=AXIS2_PLACEMENT_3D('',#3807,#3019,#3020);
#2739=AXIS2_PLACEMENT_3D('',#3809,#3021,#3022);
#2740=AXIS2_PLACEMENT_3D('',#3811,#3023,#3024);
#2741=AXIS2_PLACEMENT_3D('',#3812,#3025,#3026);
#2742=AXIS2_PLACEMENT_3D('',#3814,#3027,#3028);
#2743=AXIS2_PLACEMENT_3D('',#3816,#3029,#3030);
#2744=AXIS2_PLACEMENT_3D('',#3818,#3032,#3033);
#2745=AXIS2_PLACEMENT_3D('',#3824,#3037,#3038);
#2746=AXIS2_PLACEMENT_3D('',#3826,#3040,#3041);
#2747=AXIS2_PLACEMENT_3D('',#3827,#3042,#3043);
#2748=AXIS2_PLACEMENT_3D('',#3828,#3044,#3045);
#2749=AXIS2_PLACEMENT_3D('',#3829,#3046,#3047);
#2750=AXIS2_PLACEMENT_3D('',#3833,#3049,#3050);
#2751=AXIS2_PLACEMENT_3D('',#3837,#3052,#3053);
#2752=AXIS2_PLACEMENT_3D('',#3845,#3057,#3058);
#2753=AXIS2_PLACEMENT_3D('',#3849,#3060,#3061);
#2754=AXIS2_PLACEMENT_3D('',#3853,#3063,#3064);
#2755=AXIS2_PLACEMENT_3D('',#3859,#3067,#3068);
#2756=AXIS2_PLACEMENT_3D('',#3863,#3070,#3071);
#2757=AXIS2_PLACEMENT_3D('',#3867,#3073,#3074);
#2758=AXIS2_PLACEMENT_3D('',#3870,#3076,#3077);
#2759=AXIS2_PLACEMENT_3D('',#3873,#3078,#3079);
#2760=AXIS2_PLACEMENT_3D('',#3877,#3081,#3082);
#2761=AXIS2_PLACEMENT_3D('',#3881,#3084,#3085);
#2762=AXIS2_PLACEMENT_3D('',#3885,#3087,#3088);
#2763=AXIS2_PLACEMENT_3D('',#3891,#3091,#3092);
#2764=AXIS2_PLACEMENT_3D('',#3894,#3094,#3095);
#2765=AXIS2_PLACEMENT_3D('',#3899,#3097,#3098);
#2766=AXIS2_PLACEMENT_3D('',#3902,#3100,#3101);
#2767=AXIS2_PLACEMENT_3D('',#3903,#3102,#3103);
#2768=AXIS2_PLACEMENT_3D('',#3906,#3104,#3105);
#2769=AXIS2_PLACEMENT_3D('',#3909,#3108,#3109);
#2770=AXIS2_PLACEMENT_3D('',#3915,#3112,#3113);
#2771=AXIS2_PLACEMENT_3D('',#3919,#3115,#3116);
#2772=AXIS2_PLACEMENT_3D('',#3923,#3118,#3119);
#2773=AXIS2_PLACEMENT_3D('',#3927,#3121,#3122);
#2774=AXIS2_PLACEMENT_3D('',#3933,#3125,#3126);
#2775=AXIS2_PLACEMENT_3D('',#3936,#3128,#3129);
#2776=AXIS2_PLACEMENT_3D('',#3937,#3130,#3131);
#2777=AXIS2_PLACEMENT_3D('',#3939,#3133,#3134);
#2778=AXIS2_PLACEMENT_3D('',#3954,#3136,#3137);
#2779=AXIS2_PLACEMENT_3D('',#3962,#3142,#3143);
#2780=AXIS2_PLACEMENT_3D('',#3972,#3149,#3150);
#2781=AXIS2_PLACEMENT_3D('',#3974,#3151,#3152);
#2782=AXIS2_PLACEMENT_3D('',#3977,#3154,#3155);
#2783=AXIS2_PLACEMENT_3D('',#3978,#3156,#3157);
#2784=AXIS2_PLACEMENT_3D('',#3980,#3159,#3160);
#2785=AXIS2_PLACEMENT_3D('',#3982,#3162,#3163);
#2786=AXIS2_PLACEMENT_3D('',#3984,#3165,#3166);
#2787=AXIS2_PLACEMENT_3D('',#3986,#3168,#3169);
#2788=AXIS2_PLACEMENT_3D('',#3989,#3170,#3171);
#2789=AXIS2_PLACEMENT_3D('',#3993,#3173,#3174);
#2790=AXIS2_PLACEMENT_3D('',#3996,#3176,#3177);
#2791=AXIS2_PLACEMENT_3D('',#3997,#3178,#3179);
#2792=AXIS2_PLACEMENT_3D('',#4001,#3181,#3182);
#2793=AXIS2_PLACEMENT_3D('',#4003,#3184,#3185);
#2794=AXIS2_PLACEMENT_3D('',#4007,#3188,#3189);
#2795=AXIS2_PLACEMENT_3D('',#4013,#3192,#3193);
#2796=AXIS2_PLACEMENT_3D('',#4017,#3195,#3196);
#2797=AXIS2_PLACEMENT_3D('',#4021,#3198,#3199);
#2798=AXIS2_PLACEMENT_3D('',#4025,#3201,#3202);
#2799=AXIS2_PLACEMENT_3D('',#4030,#3205,#3206);
#2800=AXIS2_PLACEMENT_3D('',#4031,#3207,#3208);
#2801=AXIS2_PLACEMENT_3D('',#4035,#3211,#3212);
#2802=AXIS2_PLACEMENT_3D('',#4037,#3213,#3214);
#2803=AXIS2_PLACEMENT_3D('',#4038,#3215,#3216);
#2804=AXIS2_PLACEMENT_3D('',#4039,#3217,#3218);
#2805=AXIS2_PLACEMENT_3D('',#4041,#3219,#3220);
#2806=AXIS2_PLACEMENT_3D('',#4043,#3222,#3223);
#2807=AXIS2_PLACEMENT_3D('',#4045,#3224,#3225);
#2808=AXIS2_PLACEMENT_3D('',#4046,#3226,#3227);
#2809=AXIS2_PLACEMENT_3D('',#4047,#3228,#3229);
#2810=AXIS2_PLACEMENT_3D('',#4049,#3230,#3231);
#2811=AXIS2_PLACEMENT_3D('',#4051,#3233,#3234);
#2812=AXIS2_PLACEMENT_3D('',#4060,#3239,#3240);
#2813=AXIS2_PLACEMENT_3D('',#4066,#3244,#3245);
#2814=AXIS2_PLACEMENT_3D('',#4072,#3249,#3250);
#2815=AXIS2_PLACEMENT_3D('',#4078,#3254,#3255);
#2816=AXIS2_PLACEMENT_3D('',#4084,#3259,#3260);
#2817=AXIS2_PLACEMENT_3D('',#4090,#3264,#3265);
#2818=AXIS2_PLACEMENT_3D('',#4096,#3269,#3270);
#2819=AXIS2_PLACEMENT_3D('',#4099,#3273,#3274);
#2820=AXIS2_PLACEMENT_3D('',#4104,#3276,#3277);
#2821=AXIS2_PLACEMENT_3D('',#4107,#3279,#3280);
#2822=AXIS2_PLACEMENT_3D('',#4108,#3281,#3282);
#2823=AXIS2_PLACEMENT_3D('',#4117,#3287,#3288);
#2824=AXIS2_PLACEMENT_3D('',#4123,#3292,#3293);
#2825=AXIS2_PLACEMENT_3D('',#4129,#3297,#3298);
#2826=AXIS2_PLACEMENT_3D('',#4135,#3302,#3303);
#2827=AXIS2_PLACEMENT_3D('',#4141,#3307,#3308);
#2828=AXIS2_PLACEMENT_3D('',#4147,#3312,#3313);
#2829=AXIS2_PLACEMENT_3D('',#4153,#3317,#3318);
#2830=AXIS2_PLACEMENT_3D('',#4156,#3321,#3322);
#2831=AXIS2_PLACEMENT_3D('',#4159,#3323,#3324);
#2832=AXIS2_PLACEMENT_3D('',#4163,#3326,#3327);
#2833=AXIS2_PLACEMENT_3D('',#4165,#3329,#3330);
#2834=AXIS2_PLACEMENT_3D('',#4168,#3333,#3334);
#2835=AXIS2_PLACEMENT_3D('',#4170,#3336,#3337);
#2836=AXIS2_PLACEMENT_3D('',#4173,#3340,#3341);
#2837=AXIS2_PLACEMENT_3D('',#4175,#3343,#3344);
#2838=AXIS2_PLACEMENT_3D('',#4178,#3345,#3346);
#2839=AXIS2_PLACEMENT_3D('',#4182,#3348,#3349);
#2840=AXIS2_PLACEMENT_3D('',#4184,#3351,#3352);
#2841=AXIS2_PLACEMENT_3D('',#4187,#3355,#3356);
#2842=AXIS2_PLACEMENT_3D('',#4189,#3357,#3358);
#2843=AXIS2_PLACEMENT_3D('',#4191,#3359,#3360);
#2844=AXIS2_PLACEMENT_3D('',#4194,#3362,#3363);
#2845=AXIS2_PLACEMENT_3D('',#4200,#3367,#3368);
#2846=AXIS2_PLACEMENT_3D('',#4202,#3370,#3371);
#2847=AXIS2_PLACEMENT_3D('',#4204,#3372,#3373);
#2848=AXIS2_PLACEMENT_3D('',#4206,#3375,#3376);
#2849=AXIS2_PLACEMENT_3D('',#4208,#3378,#3379);
#2850=AXIS2_PLACEMENT_3D('',#4211,#3380,#3381);
#2851=AXIS2_PLACEMENT_3D('',#4214,#3384,#3385);
#2852=AXIS2_PLACEMENT_3D('',#4218,#3388,#3389);
#2853=AXIS2_PLACEMENT_3D('',#4220,#3390,#3391);
#2854=AXIS2_PLACEMENT_3D('',#4223,#3393,#3394);
#2855=AXIS2_PLACEMENT_3D('',#4224,#3395,#3396);
#2856=AXIS2_PLACEMENT_3D('',#4225,#3397,#3398);
#2857=AXIS2_PLACEMENT_3D('',#4227,#3399,#3400);
#2858=AXIS2_PLACEMENT_3D('',#4230,#3402,#3403);
#2859=AXIS2_PLACEMENT_3D('',#4231,#3404,#3405);
#2860=AXIS2_PLACEMENT_3D('',#4232,#3406,#3407);
#2861=AXIS2_PLACEMENT_3D('',#4238,#3411,#3412);
#2862=AXIS2_PLACEMENT_3D('',#4241,#3414,#3415);
#2863=AXIS2_PLACEMENT_3D('',#4242,#3416,#3417);
#2864=AXIS2_PLACEMENT_3D('',#4246,#3420,#3421);
#2865=AXIS2_PLACEMENT_3D('',#4247,#3422,#3423);
#2866=AXIS2_PLACEMENT_3D('',#4248,#3424,#3425);
#2867=AXIS2_PLACEMENT_3D('',#4253,#3427,#3428);
#2868=AXIS2_PLACEMENT_3D('',#4256,#3430,#3431);
#2869=AXIS2_PLACEMENT_3D('',#4257,#3432,#3433);
#2870=AXIS2_PLACEMENT_3D('',#4261,#3435,#3436);
#2871=AXIS2_PLACEMENT_3D('',#4263,#3438,#3439);
#2872=AXIS2_PLACEMENT_3D('',#4267,#3442,#3443);
#2873=AXIS2_PLACEMENT_3D('',#4270,#3445,#3446);
#2874=AXIS2_PLACEMENT_3D('',#4271,#3447,#3448);
#2875=AXIS2_PLACEMENT_3D('',#4273,#3450,#3451);
#2876=AXIS2_PLACEMENT_3D('',#4278,#3453,#3454);
#2877=AXIS2_PLACEMENT_3D('',#4281,#3456,#3457);
#2878=AXIS2_PLACEMENT_3D('',#4282,#3458,#3459);
#2879=AXIS2_PLACEMENT_3D('',#4288,#3463,#3464);
#2880=AXIS2_PLACEMENT_3D('',#4291,#3466,#3467);
#2881=AXIS2_PLACEMENT_3D('',#4292,#3468,#3469);
#2882=AXIS2_PLACEMENT_3D('',#4298,#3473,#3474);
#2883=AXIS2_PLACEMENT_3D('',#4301,#3476,#3477);
#2884=AXIS2_PLACEMENT_3D('',#4302,#3478,#3479);
#2885=AXIS2_PLACEMENT_3D('',#4313,#3486,#3487);
#2886=AXIS2_PLACEMENT_3D('',#4316,#3489,#3490);
#2887=AXIS2_PLACEMENT_3D('',#4317,#3491,#3492);
#2888=AXIS2_PLACEMENT_3D('',#4321,#3495,#3496);
#2889=AXIS2_PLACEMENT_3D('',#4322,#3497,#3498);
#2890=AXIS2_PLACEMENT_3D('',#4323,#3499,#3500);
#2891=AXIS2_PLACEMENT_3D('',#4327,#3503,#3504);
#2892=AXIS2_PLACEMENT_3D('',#4328,#3505,#3506);
#2893=AXIS2_PLACEMENT_3D('',#4329,#3507,#3508);
#2894=AXIS2_PLACEMENT_3D('',#4333,#3511,#3512);
#2895=AXIS2_PLACEMENT_3D('',#4335,#3514,#3515);
#2896=AXIS2_PLACEMENT_3D('',#4337,#3517,#3518);
#2897=AXIS2_PLACEMENT_3D('',#4338,#3519,#3520);
#2898=AXIS2_PLACEMENT_3D('',#4339,#3521,#3522);
#2899=AXIS2_PLACEMENT_3D('',#4343,#3524,#3525);
#2900=AXIS2_PLACEMENT_3D('',#4345,#3527,#3528);
#2901=AXIS2_PLACEMENT_3D('',#4349,#3531,#3532);
#2902=AXIS2_PLACEMENT_3D('',#4352,#3534,#3535);
#2903=AXIS2_PLACEMENT_3D('',#4353,#3536,#3537);
#2904=AXIS2_PLACEMENT_3D('',#4357,#3540,#3541);
#2905=AXIS2_PLACEMENT_3D('',#4358,#3542,#3543);
#2906=AXIS2_PLACEMENT_3D('',#4359,#3544,#3545);
#2907=AXIS2_PLACEMENT_3D('',#4366,#3549,#3550);
#2908=AXIS2_PLACEMENT_3D('',#4370,#3552,#3553);
#2909=AXIS2_PLACEMENT_3D('',#4374,#3555,#3556);
#2910=AXIS2_PLACEMENT_3D('',#4378,#3558,#3559);
#2911=AXIS2_PLACEMENT_3D('',#4383,#3562,#3563);
#2912=AXIS2_PLACEMENT_3D('',#4387,#3565,#3566);
#2913=AXIS2_PLACEMENT_3D('',#4391,#3568,#3569);
#2914=AXIS2_PLACEMENT_3D('',#4395,#3571,#3572);
#2915=AXIS2_PLACEMENT_3D('',#4397,#3574,#3575);
#2916=AXIS2_PLACEMENT_3D('',#4398,#3576,#3577);
#2917=AXIS2_PLACEMENT_3D('',#4399,#3578,#3579);
#2918=AXIS2_PLACEMENT_3D('',#4400,#3580,#3581);
#2919=AXIS2_PLACEMENT_3D('',#4404,#3583,#3584);
#2920=AXIS2_PLACEMENT_3D('',#4407,#3586,#3587);
#2921=AXIS2_PLACEMENT_3D('',#4408,#3588,#3589);
#2922=AXIS2_PLACEMENT_3D('',#4410,#3591,#3592);
#2923=AXIS2_PLACEMENT_3D('',#4411,#3593,#3594);
#2924=AXIS2_PLACEMENT_3D('',#4413,#3596,#3597);
#2925=AXIS2_PLACEMENT_3D('',#4414,#3598,#3599);
#2926=AXIS2_PLACEMENT_3D('',#4417,#3602,#3603);
#2927=AXIS2_PLACEMENT_3D('',#4418,#3604,#3605);
#2928=AXIS2_PLACEMENT_3D('',#4420,#3607,#3608);
#2929=AXIS2_PLACEMENT_3D('',#4421,#3609,#3610);
#2930=AXIS2_PLACEMENT_3D('',#4427,#3614,#3615);
#2931=AXIS2_PLACEMENT_3D('',#4429,#3616,#3617);
#2932=AXIS2_PLACEMENT_3D('',#4431,#3619,#3620);
#2933=AXIS2_PLACEMENT_3D('',#4435,#3623,#3624);
#2934=AXIS2_PLACEMENT_3D('',#4436,#3625,#3626);
#2935=AXIS2_PLACEMENT_3D('',#4437,#3627,#3628);
#2936=AXIS2_PLACEMENT_3D('',#4442,#3630,#3631);
#2937=AXIS2_PLACEMENT_3D('',#4445,#3633,#3634);
#2938=AXIS2_PLACEMENT_3D('',#4446,#3635,#3636);
#2939=AXIS2_PLACEMENT_3D('',#4452,#3640,#3641);
#2940=AXIS2_PLACEMENT_3D('',#4454,#3642,#3643);
#2941=AXIS2_PLACEMENT_3D('',#4456,#3645,#3646);
#2942=AXIS2_PLACEMENT_3D('',#4460,#3649,#3650);
#2943=AXIS2_PLACEMENT_3D('',#4461,#3651,#3652);
#2944=AXIS2_PLACEMENT_3D('',#4462,#3653,#3654);
#2945=AXIS2_PLACEMENT_3D('',#4467,#3656,#3657);
#2946=AXIS2_PLACEMENT_3D('',#4470,#3659,#3660);
#2947=AXIS2_PLACEMENT_3D('',#4471,#3661,#3662);
#2948=AXIS2_PLACEMENT_3D('',#4477,#3666,#3667);
#2949=AXIS2_PLACEMENT_3D('',#4480,#3669,#3670);
#2950=AXIS2_PLACEMENT_3D('',#4481,#3671,#3672);
#2951=AXIS2_PLACEMENT_3D('',#4485,#3675,#3676);
#2952=AXIS2_PLACEMENT_3D('',#4486,#3677,#3678);
#2953=AXIS2_PLACEMENT_3D('',#4487,#3679,#3680);
#2954=AXIS2_PLACEMENT_3D('',#4492,#3682,#3683);
#2955=AXIS2_PLACEMENT_3D('',#4495,#3685,#3686);
#2956=AXIS2_PLACEMENT_3D('',#4496,#3687,#3688);
#2957=AXIS2_PLACEMENT_3D('',#4502,#3692,#3693);
#2958=AXIS2_PLACEMENT_3D('',#4505,#3695,#3696);
#2959=AXIS2_PLACEMENT_3D('',#4506,#3697,#3698);
#2960=AXIS2_PLACEMENT_3D('',#4510,#3701,#3702);
#2961=AXIS2_PLACEMENT_3D('',#4511,#3703,#3704);
#2962=AXIS2_PLACEMENT_3D('',#4512,#3705,#3706);
#2963=AXIS2_PLACEMENT_3D('',#4517,#3708,#3709);
#2964=AXIS2_PLACEMENT_3D('',#4520,#3711,#3712);
#2965=AXIS2_PLACEMENT_3D('',#4521,#3713,#3714);
#2966=AXIS2_PLACEMENT_3D('',#4524,#3717,#3718);
#2967=AXIS2_PLACEMENT_3D('',#4526,#3720,#3721);
#2968=AXIS2_PLACEMENT_3D('',#4529,#3724,#3725);
#2969=AXIS2_PLACEMENT_3D('',#4531,#3727,#3728);
#2970=AXIS2_PLACEMENT_3D('',#4534,#3731,#3732);
#2971=AXIS2_PLACEMENT_3D('',#4536,#3734,#3735);
#2972=AXIS2_PLACEMENT_3D('',#4539,#3738,#3739);
#2973=AXIS2_PLACEMENT_3D('',#4541,#3741,#3742);
#2974=AXIS2_PLACEMENT_3D('',#4543,#3744,#3745);
#2975=AXIS2_PLACEMENT_3D('',#4544,#3746,#3747);
#2976=AXIS2_PLACEMENT_3D('',#4546,#3749,#3750);
#2977=AXIS2_PLACEMENT_3D('',#4547,#3751,#3752);
#2978=AXIS2_PLACEMENT_3D('',#4549,#3754,#3755);
#2979=AXIS2_PLACEMENT_3D('',#4550,#3756,#3757);
#2980=AXIS2_PLACEMENT_3D('',#4552,#3759,#3760);
#2981=DIRECTION('axis',(0.,0.,1.));
#2982=DIRECTION('refdir',(1.,0.,0.));
#2983=DIRECTION('center_axis',(1.,2.26978929478914E-14,1.21955034594628E-27));
#2984=DIRECTION('ref_axis',(-1.02241624951238E-14,0.495329277706069,0.86870530483426));
#2985=DIRECTION('center_axis',(1.,2.28097634356493E-14,-8.32667268468893E-17));
#2986=DIRECTION('ref_axis',(-1.02241624951238E-14,0.495329277706069,0.86870530483426));
#2987=DIRECTION('',(-1.,-2.26978929478914E-14,-1.21955034594628E-27));
#2988=DIRECTION('center_axis',(-1.,-2.28097634356493E-14,8.32667268468893E-17));
#2989=DIRECTION('ref_axis',(-1.02241624951238E-14,0.495329277706069,0.86870530483426));
#2990=DIRECTION('',(1.,2.26978929478914E-14,1.21820204380086E-27));
#2991=DIRECTION('center_axis',(3.15544361864684E-30,-5.3868691352627E-14,
1.));
#2992=DIRECTION('ref_axis',(1.,0.,-3.15544361864685E-30));
#2993=DIRECTION('',(-2.28097634356493E-14,1.,5.3868691352627E-14));
#2994=DIRECTION('',(1.,-4.15307517356837E-26,-3.15544362088405E-30));
#2995=DIRECTION('',(-4.15307517356837E-26,-1.,-5.3868691352627E-14));
#2996=DIRECTION('',(1.,-4.15307517356837E-26,-3.15544362088405E-30));
#2997=DIRECTION('',(4.15307517356837E-26,1.,5.3868691352627E-14));
#2998=DIRECTION('center_axis',(3.15544361864684E-30,-5.3868691352627E-14,
1.));
#2999=DIRECTION('ref_axis',(-1.,4.15307517356837E-26,3.15544362088405E-30));
#3000=DIRECTION('center_axis',(3.15544361864684E-30,-5.3868691352627E-14,
1.));
#3001=DIRECTION('ref_axis',(-1.,4.15307517356837E-26,3.15544362088405E-30));
#3002=DIRECTION('center_axis',(3.15544361864684E-30,-5.3868691352627E-14,
1.));
#3003=DIRECTION('ref_axis',(-1.,4.15307517356837E-26,3.15544362088405E-30));
#3004=DIRECTION('center_axis',(1.,2.28212510617102E-14,1.22619548610543E-27));
#3005=DIRECTION('ref_axis',(-2.51214793389404E-14,0.707106781186585,-0.70710678118651));
#3006=DIRECTION('center_axis',(-1.,-2.28097634356493E-14,8.32667268468893E-17));
#3007=DIRECTION('ref_axis',(-2.51214793389404E-14,0.707106781186585,-0.70710678118651));
#3008=DIRECTION('',(1.,2.28212510617102E-14,1.22619548610543E-27));
#3009=DIRECTION('center_axis',(1.,2.28097634356493E-14,-8.32667268468893E-17));
#3010=DIRECTION('ref_axis',(-2.51214793389404E-14,0.707106781186585,-0.70710678118651));
#3011=DIRECTION('',(-1.,-2.28212510617102E-14,-1.22619548610543E-27));
#3012=DIRECTION('center_axis',(3.15544361864684E-30,-5.3868691352627E-14,
1.));
#3013=DIRECTION('ref_axis',(1.,0.,-3.15544361864685E-30));
#3014=DIRECTION('',(-4.15307517356837E-26,-1.,-5.3868691352627E-14));
#3015=DIRECTION('',(-1.,4.15307517356837E-26,3.15544362088405E-30));
#3016=DIRECTION('',(4.15307517356837E-26,1.,5.3868691352627E-14));
#3017=DIRECTION('',(-1.,4.15307517356837E-26,3.15544362088405E-30));
#3018=DIRECTION('',(4.15307517356837E-26,1.,5.3868691352627E-14));
#3019=DIRECTION('center_axis',(-3.15544361864684E-30,5.3868691352627E-14,
-1.));
#3020=DIRECTION('ref_axis',(-1.,4.15307517356837E-26,3.15544362088405E-30));
#3021=DIRECTION('center_axis',(-3.15544361864684E-30,5.3868691352627E-14,
-1.));
#3022=DIRECTION('ref_axis',(-1.,4.15307517356837E-26,3.15544362088405E-30));
#3023=DIRECTION('center_axis',(-3.15544361864684E-30,5.3868691352627E-14,
-1.));
#3024=DIRECTION('ref_axis',(-1.,4.15307517356837E-26,3.15544362088405E-30));
#3025=DIRECTION('center_axis',(-1.,4.15307517356837E-26,3.15544362088405E-30));
#3026=DIRECTION('ref_axis',(0.,-0.70710678118651,-0.707106781186585));
#3027=DIRECTION('center_axis',(1.,2.28097634356493E-14,-8.32667268468893E-17));
#3028=DIRECTION('ref_axis',(0.,-0.70710678118651,-0.707106781186585));
#3029=DIRECTION('center_axis',(-1.,4.15307517356837E-26,2.2439419779381E-39));
#3030=DIRECTION('ref_axis',(0.,-0.70710678118651,-0.707106781186585));
#3031=DIRECTION('',(-1.,4.15307517356837E-26,3.15544362088405E-30));
#3032=DIRECTION('center_axis',(-4.15307517356837E-26,-1.,-5.4030853865091E-14));
#3033=DIRECTION('ref_axis',(-1.,4.15307517356837E-26,3.15544362088405E-30));
#3034=DIRECTION('',(0.,5.4030853865091E-14,-1.));
#3035=DIRECTION('',(1.,-4.15307517356837E-26,-3.15544362088405E-30));
#3036=DIRECTION('',(0.,5.4030853865091E-14,-1.));
#3037=DIRECTION('center_axis',(1.,-4.15307517356837E-26,-2.2439419779381E-39));
#3038=DIRECTION('ref_axis',(-4.15307517356837E-26,-1.,-5.3868691352627E-14));
#3039=DIRECTION('',(0.,5.4030853865091E-14,-1.));
#3040=DIRECTION('center_axis',(-1.,4.15307517356837E-26,2.2439419779381E-39));
#3041=DIRECTION('ref_axis',(0.,-0.707106781186585,0.70710678118651));
#3042=DIRECTION('center_axis',(1.,-4.15307517356837E-26,-3.15544362088405E-30));
#3043=DIRECTION('ref_axis',(0.,-0.707106781186585,0.70710678118651));
#3044=DIRECTION('center_axis',(1.,2.28097634356493E-14,-8.32667268468893E-17));
#3045=DIRECTION('ref_axis',(0.,-0.707106781186585,0.70710678118651));
#3046=DIRECTION('center_axis',(-1.,-2.28097634356493E-14,8.32667268468893E-17));
#3047=DIRECTION('ref_axis',(8.32667268468893E-17,0.,1.));
#3048=DIRECTION('',(8.32667268480928E-17,-5.2761569381133E-14,1.));
#3049=DIRECTION('center_axis',(1.,2.28097634356493E-14,-8.32667268468893E-17));
#3050=DIRECTION('ref_axis',(1.25607396694702E-14,-0.707106781186585,0.70710678118651));
#3051=DIRECTION('',(-2.28097634356493E-14,1.,5.38686913526272E-14));
#3052=DIRECTION('center_axis',(-1.,-2.28097634356493E-14,8.32667268468893E-17));
#3053=DIRECTION('ref_axis',(-1.25607396694702E-14,0.707106781186587,-0.707106781186508));
#3054=DIRECTION('',(8.32667268481181E-17,-5.38686913526272E-14,1.));
#3055=DIRECTION('',(2.28537137232713E-14,-1.,-5.38880181543044E-14));
#3056=DIRECTION('',(9.86864910779088E-16,-5.38686913526272E-14,1.));
#3057=DIRECTION('center_axis',(1.,2.28097634356493E-14,-8.32667268468893E-17));
#3058=DIRECTION('ref_axis',(-2.51214793389404E-14,0.707106781186588,-0.707106781186507));
#3059=DIRECTION('',(2.27841404579999E-14,-1.,-5.32907051820075E-14));
#3060=DIRECTION('center_axis',(1.,2.28097634356493E-14,-8.32667268468893E-17));
#3061=DIRECTION('ref_axis',(1.25607396694702E-14,-0.707106781186511,-0.707106781186584));
#3062=DIRECTION('',(9.47404847837073E-15,5.38686913526276E-14,-1.));
#3063=DIRECTION('center_axis',(-1.,-2.28097634356493E-14,8.32667268468893E-17));
#3064=DIRECTION('ref_axis',(-1.84170399053627E-14,0.964518103087228,0.264016720714836));
#3065=DIRECTION('',(1.16886211805018E-14,-0.509297813294322,0.860590342365996));
#3066=DIRECTION('',(-2.28097634356493E-14,1.,5.38686913526272E-14));
#3067=DIRECTION('center_axis',(-1.,-2.28097634356493E-14,8.32667268468893E-17));
#3068=DIRECTION('ref_axis',(-2.51214793389403E-14,0.707106781186584,-0.707106781186511));
#3069=DIRECTION('',(8.32667268481181E-17,-5.38686913526272E-14,1.));
#3070=DIRECTION('center_axis',(-1.,-2.28097634356493E-14,8.32667268468893E-17));
#3071=DIRECTION('ref_axis',(-2.51214793389404E-14,0.707106781186511,0.707106781186584));
#3072=DIRECTION('',(2.28097634356493E-14,-1.,-5.38686913526272E-14));
#3073=DIRECTION('center_axis',(-1.,-2.28097634356493E-14,8.32667268468893E-17));
#3074=DIRECTION('ref_axis',(1.25607396694702E-14,-0.707106781186585,0.70710678118651));
#3075=DIRECTION('',(-8.32667268481181E-17,5.38686913526272E-14,-1.));
#3076=DIRECTION('center_axis',(-1.,-2.28097634356493E-14,8.32667268468893E-17));
#3077=DIRECTION('ref_axis',(2.51214793389404E-14,-0.707106781186511,-0.707106781186584));
#3078=DIRECTION('center_axis',(1.,2.28097634356493E-14,-8.32667268468893E-17));
#3079=DIRECTION('ref_axis',(1.23030459172731E-27,-5.38686913526272E-14,
1.));
#3080=DIRECTION('',(8.32667268481181E-17,-5.38686913526272E-14,1.));
#3081=DIRECTION('center_axis',(1.,2.28097634356493E-14,-8.32667268468893E-17));
#3082=DIRECTION('ref_axis',(1.23030459172731E-27,-5.38686913526272E-14,
1.));
#3083=DIRECTION('',(-8.32667268481181E-17,5.38686913526272E-14,-1.));
#3084=DIRECTION('center_axis',(1.,2.28097634356493E-14,-8.32667268468893E-17));
#3085=DIRECTION('ref_axis',(1.18472938552333E-27,-5.38686913526272E-14,
1.));
#3086=DIRECTION('',(8.32667268481181E-17,-5.38686913526272E-14,1.));
#3087=DIRECTION('center_axis',(1.,2.28097634356493E-14,-8.32667268468893E-17));
#3088=DIRECTION('ref_axis',(1.23030459172731E-27,-5.38686913526272E-14,
1.));
#3089=DIRECTION('',(-8.32667268481181E-17,5.38686913526272E-14,-1.));
#3090=DIRECTION('',(8.32667268481181E-17,-5.38686913526272E-14,1.));
#3091=DIRECTION('center_axis',(1.,2.28097634356493E-14,-8.32667268468893E-17));
#3092=DIRECTION('ref_axis',(1.23030459172731E-27,-5.38686913526272E-14,
1.));
#3093=DIRECTION('',(-8.32667268481181E-17,5.38686913526272E-14,-1.));
#3094=DIRECTION('center_axis',(1.,2.28097634356493E-14,-8.32667268468893E-17));
#3095=DIRECTION('ref_axis',(-2.28388736494318E-14,1.,5.38686913526272E-14));
#3096=DIRECTION('',(8.32667268481181E-17,-5.38686913526272E-14,1.));
#3097=DIRECTION('center_axis',(1.,2.28097634356493E-14,-8.32667268468893E-17));
#3098=DIRECTION('ref_axis',(1.23030459172731E-27,-5.38686913526272E-14,
1.));
#3099=DIRECTION('',(-8.32667268481181E-17,5.38686913526272E-14,-1.));
#3100=DIRECTION('center_axis',(1.,2.28097634356493E-14,-8.32667268468893E-17));
#3101=DIRECTION('ref_axis',(-2.28388736494318E-14,1.,5.38686913526272E-14));
#3102=DIRECTION('center_axis',(1.,2.20275186979534E-14,1.132770630874E-15));
#3103=DIRECTION('ref_axis',(-1.84170399053627E-14,0.964518103087228,0.264016720714836));
#3104=DIRECTION('center_axis',(1.,2.28097634356493E-14,-8.32667268468893E-17));
#3105=DIRECTION('ref_axis',(-1.84170399053627E-14,0.964518103087228,0.264016720714836));
#3106=DIRECTION('',(-1.,-2.20275186979534E-14,-1.132770630874E-15));
#3107=DIRECTION('',(1.,2.20275186979534E-14,1.132770630874E-15));
#3108=DIRECTION('center_axis',(-2.20275186979534E-14,1.,5.38686913526274E-14));
#3109=DIRECTION('ref_axis',(0.,-5.38686913526274E-14,1.));
#3110=DIRECTION('',(-8.32667268481181E-17,5.38686913526274E-14,-1.));
#3111=DIRECTION('',(-1.,-2.20275186979536E-14,2.72718828762844E-15));
#3112=DIRECTION('center_axis',(-2.20275186979534E-14,1.,5.38686913526274E-14));
#3113=DIRECTION('ref_axis',(0.776974288569539,5.10268984671068E-14,-0.629532330307077));
#3114=DIRECTION('',(-4.51028104191945E-17,5.38686913526274E-14,-1.));
#3115=DIRECTION('center_axis',(-2.20275186979534E-14,1.,5.38686913526274E-14));
#3116=DIRECTION('ref_axis',(0.707106781186549,-2.25151091050516E-14,0.707106781186547));
#3117=DIRECTION('',(1.,2.20275186979534E-14,6.70374249896376E-16));
#3118=DIRECTION('center_axis',(-2.20275186979534E-14,1.,5.38686913526274E-14));
#3119=DIRECTION('ref_axis',(-1.,-2.20275186979535E-14,2.25167107186051E-15));
#3120=DIRECTION('',(4.66744698446754E-14,-5.38686913526264E-14,1.));
#3121=DIRECTION('center_axis',(-2.20275186979534E-14,1.,5.38686913526274E-14));
#3122=DIRECTION('ref_axis',(1.,2.20275186979559E-14,-4.7007536752064E-14));
#3123=DIRECTION('',(-4.70075367520637E-14,5.38686913526264E-14,-1.));
#3124=DIRECTION('',(1.5612511288171E-16,-5.38686913526274E-14,1.));
#3125=DIRECTION('center_axis',(-2.20275186979534E-14,1.,5.38686913526274E-14));
#3126=DIRECTION('ref_axis',(1.,2.20275186979535E-14,-1.21083698627444E-15));
#3127=DIRECTION('',(-2.67147415344223E-16,5.38686913526274E-14,-1.));
#3128=DIRECTION('center_axis',(-2.20275186979534E-14,1.,5.38686913526274E-14));
#3129=DIRECTION('ref_axis',(-1.,-2.20275186979534E-14,1.70002900688326E-16));
#3130=DIRECTION('center_axis',(1.95335874630132E-14,-0.860590342365996,
-0.509297813294322));
#3131=DIRECTION('ref_axis',(-1.16886211805018E-14,0.509297813294322,-0.860590342365996));
#3132=DIRECTION('',(-1.16886211805018E-14,0.509297813294322,-0.860590342365996));
#3133=DIRECTION('center_axis',(1.,2.20275186979536E-14,-2.72718828762844E-15));
#3134=DIRECTION('ref_axis',(1.25607396694702E-14,-0.707106781186511,-0.707106781186584));
#3135=DIRECTION('',(1.,2.20275186979536E-14,-2.72718828762844E-15));
#3136=DIRECTION('center_axis',(-2.72718828762962E-15,5.32907051820075E-14,
-1.));
#3137=DIRECTION('ref_axis',(1.,2.20275186979536E-14,-2.72718828762844E-15));
#3138=DIRECTION('',(-1.,-2.20275186979536E-14,2.72718828762844E-15));
#3139=DIRECTION('',(2.368475785867E-14,-1.,-5.32907051820075E-14));
#3140=DIRECTION('',(-1.,-2.26978929478923E-14,2.72718828762841E-15));
#3141=DIRECTION('',(-2.31763820011756E-14,1.,5.32907051820075E-14));
#3142=DIRECTION('center_axis',(2.26978929478921E-14,-1.,-5.38686913526272E-14));
#3143=DIRECTION('ref_axis',(8.32667268481181E-17,-5.38686913526272E-14,
1.));
#3144=DIRECTION('',(-1.,-2.26978929478921E-14,6.6451401591068E-30));
#3145=DIRECTION('',(-0.708638264951942,2.17449064117811E-14,-0.705571973257088));
#3146=DIRECTION('',(-0.749302307866564,-5.26809444899857E-14,0.662228096222021));
#3147=DIRECTION('',(0.707106781186545,-2.20410829269871E-14,0.70710678118655));
#3148=DIRECTION('',(-0.70863826495192,2.11873447089142E-14,-0.705571973257111));
#3149=DIRECTION('center_axis',(1.,2.26978929478921E-14,-6.6451401591068E-30));
#3150=DIRECTION('ref_axis',(-1.25607396694702E-14,0.707106781186587,-0.707106781186508));
#3151=DIRECTION('center_axis',(0.705571973257088,5.41288136212898E-14,-0.708638264951942));
#3152=DIRECTION('ref_axis',(-0.708638264951942,2.19825418973663E-14,-0.705571973257088));
#3153=DIRECTION('',(1.,2.26978929478921E-14,-6.6451401591068E-30));
#3154=DIRECTION('center_axis',(1.,2.28097634356493E-14,-8.32667268468893E-17));
#3155=DIRECTION('ref_axis',(-1.25607396694702E-14,0.707106781186587,-0.707106781186508));
#3156=DIRECTION('center_axis',(0.,5.4030853865091E-14,-1.));
#3157=DIRECTION('ref_axis',(-1.,4.15307517356837E-26,2.24394211948153E-39));
#3158=DIRECTION('',(0.,-5.4030853865091E-14,1.));
#3159=DIRECTION('center_axis',(0.,5.4030853865091E-14,-1.));
#3160=DIRECTION('ref_axis',(-1.,4.15307517356837E-26,2.24394176643041E-39));
#3161=DIRECTION('',(0.,-5.4030853865091E-14,1.));
#3162=DIRECTION('center_axis',(0.,5.4030853865091E-14,-1.));
#3163=DIRECTION('ref_axis',(-1.,4.15307517356837E-26,2.24394170520353E-39));
#3164=DIRECTION('',(0.,-5.4030853865091E-14,1.));
#3165=DIRECTION('center_axis',(4.15307517356837E-26,1.,5.4030853865091E-14));
#3166=DIRECTION('ref_axis',(1.,-4.15307517356837E-26,-3.15544362088405E-30));
#3167=DIRECTION('',(0.,5.4030853865091E-14,-1.));
#3168=DIRECTION('center_axis',(1.,2.26978929478921E-14,-5.19898803278971E-30));
#3169=DIRECTION('ref_axis',(-1.25607396694699E-14,0.707106781186527,0.707106781186568));
#3170=DIRECTION('center_axis',(-1.,-2.73855012740872E-14,0.));
#3171=DIRECTION('ref_axis',(-1.25607396694699E-14,0.707106781186527,0.707106781186568));
#3172=DIRECTION('',(-1.,-2.26978929478921E-14,5.19898803278971E-30));
#3173=DIRECTION('center_axis',(1.,2.71387850463928E-14,9.86864910777919E-16));
#3174=DIRECTION('ref_axis',(-1.25607396694699E-14,0.707106781186527,0.707106781186568));
#3175=DIRECTION('',(1.,2.26978929478921E-14,-5.19898803278971E-30));
#3176=DIRECTION('center_axis',(-0.707106781186543,-1.85802273128073E-14,
-0.707106781186552));
#3177=DIRECTION('ref_axis',(-0.707106781186552,-1.36892436241491E-14,0.707106781186543));
#3178=DIRECTION('center_axis',(0.707106781186543,1.85802273128073E-14,0.707106781186552));
#3179=DIRECTION('ref_axis',(0.707106781186552,0.,-0.707106781186543));
#3180=DIRECTION('',(2.73855012740872E-14,-1.,-1.10909181633989E-15));
#3181=DIRECTION('center_axis',(-0.707106781186543,-1.85802273128073E-14,
-0.707106781186552));
#3182=DIRECTION('ref_axis',(-0.707106781186552,-1.99696134588841E-14,0.707106781186543));
#3183=DIRECTION('',(-2.73855012740872E-14,1.,1.10909181633989E-15));
#3184=DIRECTION('center_axis',(3.03730353494558E-29,-1.10909181633989E-15,
1.));
#3185=DIRECTION('ref_axis',(2.71310751642775E-14,-1.,-1.10909181633989E-15));
#3186=DIRECTION('',(2.71387850463928E-14,-1.,-1.10909181633989E-15));
#3187=DIRECTION('',(-1.,-2.73032625315003E-14,9.12103163892432E-32));
#3188=DIRECTION('center_axis',(-1.,-2.71387850463928E-14,-9.86864910777919E-16));
#3189=DIRECTION('ref_axis',(-9.86864910777919E-16,0.,1.));
#3190=DIRECTION('',(-9.86864910776457E-16,-5.38686913526272E-14,1.));
#3191=DIRECTION('',(-2.71387850463928E-14,1.,5.37740742123195E-14));
#3192=DIRECTION('center_axis',(1.,2.71387850463928E-14,9.86864910777919E-16));
#3193=DIRECTION('ref_axis',(-1.4802973661669E-15,9.19017948162006E-16,1.));
#3194=DIRECTION('',(2.71387850463928E-14,-1.,-1.0547118733939E-15));
#3195=DIRECTION('center_axis',(1.,2.71387850463928E-14,9.86864910777919E-16));
#3196=DIRECTION('ref_axis',(1.48029736616685E-15,1.05471187339394E-15,-1.));
#3197=DIRECTION('',(-2.71387850463928E-14,1.,5.37740742123195E-14));
#3198=DIRECTION('center_axis',(1.,2.71387850463928E-14,9.86864910777919E-16));
#3199=DIRECTION('ref_axis',(-7.4014868308341E-16,-1.05471187339392E-15,
1.));
#3200=DIRECTION('',(2.71387850463928E-14,-1.,-8.32667268468867E-16));
#3201=DIRECTION('center_axis',(1.,2.71387850463928E-14,9.86864910777919E-16));
#3202=DIRECTION('ref_axis',(7.4014868308341E-16,1.05471187339392E-15,-1.));
#3203=DIRECTION('',(-2.71387850463928E-14,1.,5.37740742123195E-14));
#3204=DIRECTION('',(9.8686491077789E-16,1.05471187339393E-15,-1.));
#3205=DIRECTION('center_axis',(1.,2.71387850463928E-14,9.86864910777919E-16));
#3206=DIRECTION('ref_axis',(2.51214793389404E-14,-0.707106781186548,0.707106781186548));
#3207=DIRECTION('center_axis',(2.28212510617102E-14,-1.,-5.2761569381133E-14));
#3208=DIRECTION('ref_axis',(-8.32667268480928E-17,5.2761569381133E-14,-1.));
#3209=DIRECTION('',(-1.23536834142905E-15,5.2761569381133E-14,-1.));
#3210=DIRECTION('',(1.,2.28212510617102E-14,0.));
#3211=DIRECTION('center_axis',(2.20275186979534E-14,-1.,-5.38686913526274E-14));
#3212=DIRECTION('ref_axis',(0.,5.40630342426163E-14,-1.));
#3213=DIRECTION('center_axis',(2.20275186979534E-14,-1.,-5.38686913526274E-14));
#3214=DIRECTION('ref_axis',(0.776974288569539,5.10461238496131E-14,-0.629532330307077));
#3215=DIRECTION('center_axis',(-1.24245592572309E-27,5.32907051820072E-14,
-1.));
#3216=DIRECTION('ref_axis',(1.,2.33146835171284E-14,0.));
#3217=DIRECTION('center_axis',(4.51028104191945E-17,-5.38686913526274E-14,
1.));
#3218=DIRECTION('ref_axis',(0.707106781186561,-0.707106781186534,-3.76822190084108E-14));
#3219=DIRECTION('center_axis',(-1.2424559257231E-27,5.32907051820075E-14,
-1.));
#3220=DIRECTION('ref_axis',(1.,2.33146835171284E-14,0.));
#3221=DIRECTION('',(4.51028104191945E-17,-5.38686913526274E-14,1.));
#3222=DIRECTION('center_axis',(2.20275186979534E-14,-1.,-5.38686913526274E-14));
#3223=DIRECTION('ref_axis',(0.,5.40630342426163E-14,-1.));
#3224=DIRECTION('center_axis',(1.,1.77635683940024E-14,9.66354608895735E-28));
#3225=DIRECTION('ref_axis',(0.,-5.44009282066329E-14,1.));
#3226=DIRECTION('center_axis',(2.20275186979534E-14,-1.,-5.38686913526274E-14));
#3227=DIRECTION('ref_axis',(0.707106781186548,-2.25061515318034E-14,0.707106781186547));
#3228=DIRECTION('center_axis',(-1.,-2.20275186979534E-14,-6.70374249896376E-16));
#3229=DIRECTION('ref_axis',(1.25607396694702E-14,-0.707106781186583,0.707106781186512));
#3230=DIRECTION('center_axis',(1.,2.28097634356493E-14,-8.32667268468893E-17));
#3231=DIRECTION('ref_axis',(1.25607396694702E-14,-0.707106781186583,0.707106781186512));
#3232=DIRECTION('',(-1.,-2.20275186979534E-14,-6.70374249896376E-16));
#3233=DIRECTION('center_axis',(-0.86602540378445,9.06397945835279E-15,-0.499999999999981));
#3234=DIRECTION('ref_axis',(0.499999999999981,5.76654145289753E-14,-0.86602540378445));
#3235=DIRECTION('',(0.499999999999981,5.76654145289753E-14,-0.86602540378445));
#3236=DIRECTION('',(2.03012210217171E-14,-1.,-5.32907051820075E-14));
#3237=DIRECTION('',(0.499999999999981,5.76654145289753E-14,-0.86602540378445));
#3238=DIRECTION('',(2.03012210217171E-14,-1.,-5.32907051820075E-14));
#3239=DIRECTION('center_axis',(-1.,-2.03012210217183E-14,2.24716079078463E-14));
#3240=DIRECTION('ref_axis',(-2.24716079078474E-14,5.38686913526269E-14,
-1.));
#3241=DIRECTION('',(-2.24716079078474E-14,5.38686913526269E-14,-1.));
#3242=DIRECTION('',(2.03012210217171E-14,-1.,-5.32907051820075E-14));
#3243=DIRECTION('',(-2.24716079078474E-14,5.38686913526269E-14,-1.));
#3244=DIRECTION('center_axis',(-0.866025403784428,-4.42267257236542E-14,
0.500000000000018));
#3245=DIRECTION('ref_axis',(-0.500000000000018,3.56378958310207E-14,-0.866025403784428));
#3246=DIRECTION('',(-0.500000000000018,3.56378958310208E-14,-0.866025403784428));
#3247=DIRECTION('',(2.03012210217171E-14,-1.,-5.32907051820075E-14));
#3248=DIRECTION('',(-0.500000000000018,3.56378958310207E-14,-0.866025403784428));
#3249=DIRECTION('center_axis',(2.20275186979973E-14,-5.32907051820071E-14,
1.));
#3250=DIRECTION('ref_axis',(-1.,-2.20275186979546E-14,2.20275186979961E-14));
#3251=DIRECTION('',(-1.,-2.20275186979546E-14,2.20275186979961E-14));
#3252=DIRECTION('',(2.03012210217171E-14,-1.,-5.32907051820075E-14));
#3253=DIRECTION('',(-1.,-2.20275186979546E-14,2.20275186979961E-14));
#3254=DIRECTION('center_axis',(0.866025403784449,-9.06397945835283E-15,
0.499999999999982));
#3255=DIRECTION('ref_axis',(-0.499999999999982,-5.76654145289753E-14,0.866025403784449));
#3256=DIRECTION('',(-0.499999999999982,-5.76654145289753E-14,0.866025403784449));
#3257=DIRECTION('',(2.03012210217171E-14,-1.,-5.32907051820075E-14));
#3258=DIRECTION('',(-0.499999999999982,-5.76654145289753E-14,0.866025403784449));
#3259=DIRECTION('center_axis',(1.,2.03012210217181E-14,-1.84748050191957E-14));
#3260=DIRECTION('ref_axis',(1.84748050191968E-14,-5.3868691352627E-14,1.));
#3261=DIRECTION('',(1.84748050191968E-14,-5.3868691352627E-14,1.));
#3262=DIRECTION('',(2.03012210217171E-14,-1.,-5.32907051820075E-14));
#3263=DIRECTION('',(1.84748050191968E-14,-5.3868691352627E-14,1.));
#3264=DIRECTION('center_axis',(0.866025403784428,4.42267257236543E-14,-0.500000000000019));
#3265=DIRECTION('ref_axis',(0.500000000000019,-3.56378958310207E-14,0.866025403784428));
#3266=DIRECTION('',(0.500000000000019,-3.56378958310207E-14,0.866025403784428));
#3267=DIRECTION('',(2.03012210217171E-14,-1.,-5.32907051820075E-14));
#3268=DIRECTION('',(0.500000000000019,-3.56378958310207E-14,0.866025403784428));
#3269=DIRECTION('center_axis',(-2.22039372930783E-14,5.32907051820071E-14,
-1.));
#3270=DIRECTION('ref_axis',(1.,2.20275186979546E-14,-2.22039372930772E-14));
#3271=DIRECTION('',(1.,2.20275186979546E-14,-2.22039372930772E-14));
#3272=DIRECTION('',(1.,2.20275186979546E-14,-2.22039372930772E-14));
#3273=DIRECTION('center_axis',(2.03012210217171E-14,-1.,-5.32907051820075E-14));
#3274=DIRECTION('ref_axis',(0.,5.32907051820075E-14,-1.));
#3275=DIRECTION('',(-4.70075367520637E-14,5.32907051820065E-14,-1.));
#3276=DIRECTION('center_axis',(-2.03012210217171E-14,1.,5.32907051820075E-14));
#3277=DIRECTION('ref_axis',(1.,2.36847578586725E-14,-4.70075367520639E-14));
#3278=DIRECTION('',(4.66744698446754E-14,-5.32907051820066E-14,1.));
#3279=DIRECTION('center_axis',(-2.03012210217171E-14,1.,5.32907051820075E-14));
#3280=DIRECTION('ref_axis',(-1.,-2.36847578586701E-14,2.25167107186042E-15));
#3281=DIRECTION('center_axis',(-0.866025403784408,-4.42267257236557E-14,
0.500000000000053));
#3282=DIRECTION('ref_axis',(-0.500000000000053,3.56378958310189E-14,-0.866025403784408));
#3283=DIRECTION('',(-0.500000000000053,3.56378958310189E-14,-0.866025403784408));
#3284=DIRECTION('',(2.03012210217171E-14,-1.,-5.32907051820075E-14));
#3285=DIRECTION('',(-0.500000000000053,3.56378958310189E-14,-0.866025403784408));
#3286=DIRECTION('',(2.03012210217171E-14,-1.,-5.32907051820075E-14));
#3287=DIRECTION('center_axis',(6.15452839961549E-14,-5.32907051820063E-14,
1.));
#3288=DIRECTION('ref_axis',(-1.,-2.20275186979567E-14,6.15452839961537E-14));
#3289=DIRECTION('',(-1.,-2.20275186979567E-14,6.15452839961537E-14));
#3290=DIRECTION('',(2.03012210217171E-14,-1.,-5.32907051820075E-14));
#3291=DIRECTION('',(-1.,-2.20275186979567E-14,6.15452839961537E-14));
#3292=DIRECTION('center_axis',(0.866025403784469,-9.06397945835056E-15,
0.499999999999947));
#3293=DIRECTION('ref_axis',(-0.499999999999947,-5.76654145289756E-14,0.866025403784469));
#3294=DIRECTION('',(-0.499999999999947,-5.76654145289756E-14,0.866025403784469));
#3295=DIRECTION('',(2.03012210217171E-14,-1.,-5.32907051820075E-14));
#3296=DIRECTION('',(-0.499999999999947,-5.76654145289756E-14,0.866025403784469));
#3297=DIRECTION('center_axis',(1.,2.0301221021716E-14,2.08270900525359E-14));
#3298=DIRECTION('ref_axis',(-2.08270900525348E-14,-5.38686913526279E-14,
1.));
#3299=DIRECTION('',(-2.08270900525348E-14,-5.38686913526279E-14,1.));
#3300=DIRECTION('',(2.03012210217171E-14,-1.,-5.32907051820075E-14));
#3301=DIRECTION('',(-2.08270900525348E-14,-5.38686913526279E-14,1.));
#3302=DIRECTION('center_axis',(0.866025403784428,4.42267257236543E-14,-0.500000000000019));
#3303=DIRECTION('ref_axis',(0.500000000000019,-3.56378958310207E-14,0.866025403784428));
#3304=DIRECTION('',(0.500000000000019,-3.56378958310207E-14,0.866025403784428));
#3305=DIRECTION('',(2.03012210217171E-14,-1.,-5.32907051820075E-14));
#3306=DIRECTION('',(0.500000000000019,-3.56378958310207E-14,0.866025403784428));
#3307=DIRECTION('center_axis',(-2.1983414049227E-14,5.32907051820071E-14,
-1.));
#3308=DIRECTION('ref_axis',(1.,2.20275186979546E-14,-2.19834140492258E-14));
#3309=DIRECTION('',(1.,2.20275186979546E-14,-2.19834140492258E-14));
#3310=DIRECTION('',(2.03012210217171E-14,-1.,-5.32907051820075E-14));
#3311=DIRECTION('',(1.,2.20275186979546E-14,-2.19834140492258E-14));
#3312=DIRECTION('center_axis',(-0.866025403784449,9.06397945835281E-15,
-0.499999999999981));
#3313=DIRECTION('ref_axis',(0.499999999999981,5.76654145289753E-14,-0.86602540378445));
#3314=DIRECTION('',(0.499999999999981,5.76654145289753E-14,-0.86602540378445));
#3315=DIRECTION('',(2.03012210217171E-14,-1.,-5.32907051820075E-14));
#3316=DIRECTION('',(0.499999999999981,5.76654145289753E-14,-0.86602540378445));
#3317=DIRECTION('center_axis',(-1.,-2.03012210217183E-14,2.19720075467649E-14));
#3318=DIRECTION('ref_axis',(-2.1972007546766E-14,5.38686913526269E-14,-1.));
#3319=DIRECTION('',(-2.1972007546766E-14,5.38686913526269E-14,-1.));
#3320=DIRECTION('',(-2.1972007546766E-14,5.38686913526269E-14,-1.));
#3321=DIRECTION('center_axis',(2.03012210217171E-14,-1.,-5.32907051820075E-14));
#3322=DIRECTION('ref_axis',(0.,5.32907051820075E-14,-1.));
#3323=DIRECTION('center_axis',(-2.03012210217171E-14,1.,5.32907051820075E-14));
#3324=DIRECTION('ref_axis',(-1.,-2.368475785867E-14,1.70002900688237E-16));
#3325=DIRECTION('',(-2.67147415344209E-16,5.32907051820075E-14,-1.));
#3326=DIRECTION('center_axis',(-2.03012210217171E-14,1.,5.32907051820075E-14));
#3327=DIRECTION('ref_axis',(1.,2.36847578586701E-14,-1.21083698627435E-15));
#3328=DIRECTION('',(1.56125112881697E-16,-5.32907051820075E-14,1.));
#3329=DIRECTION('center_axis',(1.,2.36847578586725E-14,-4.66744698446741E-14));
#3330=DIRECTION('ref_axis',(4.66744698446754E-14,-5.38686913526264E-14,
1.));
#3331=DIRECTION('',(2.368475785867E-14,-1.,-5.32907051820075E-14));
#3332=DIRECTION('',(2.368475785867E-14,-1.,-5.32907051820075E-14));
#3333=DIRECTION('center_axis',(2.368475785867E-14,-1.,-5.32907051820075E-14));
#3334=DIRECTION('ref_axis',(1.,2.36847578586725E-14,-4.70075367520639E-14));
#3335=DIRECTION('',(2.368475785867E-14,-1.,-5.32907051820075E-14));
#3336=DIRECTION('center_axis',(2.368475785867E-14,-1.,-5.32907051820075E-14));
#3337=DIRECTION('ref_axis',(1.,2.36847578586701E-14,-1.21083698627435E-15));
#3338=DIRECTION('',(2.368475785867E-14,-1.,-5.32907051820075E-14));
#3339=DIRECTION('',(2.368475785867E-14,-1.,-5.32907051820075E-14));
#3340=DIRECTION('center_axis',(-1.,-2.368475785867E-14,2.67147415342947E-16));
#3341=DIRECTION('ref_axis',(-2.67147415344223E-16,5.38686913526274E-14,
-1.));
#3342=DIRECTION('',(2.368475785867E-14,-1.,-5.32907051820075E-14));
#3343=DIRECTION('center_axis',(0.749302307866564,2.11568574631202E-14,-0.662228096222021));
#3344=DIRECTION('ref_axis',(-0.468265977530833,-0.707106781186548,-0.52983674305119));
#3345=DIRECTION('center_axis',(-0.707106781186548,-5.79890152676682E-14,
0.707106781186547));
#3346=DIRECTION('ref_axis',(-0.707106781186547,5.9007210085885E-13,-0.707106781186548));
#3347=DIRECTION('',(-0.749302307866564,-2.11568574631202E-14,0.662228096222021));
#3348=DIRECTION('center_axis',(0.70710678118655,5.72140314670282E-14,-0.707106781186545));
#3349=DIRECTION('ref_axis',(-0.707106781186545,5.9007210085885E-13,-0.70710678118655));
#3350=DIRECTION('',(0.749302307866564,2.11568574631202E-14,-0.662228096222021));
#3351=DIRECTION('center_axis',(-0.662228096222021,2.55252435393029E-14,
-0.749302307866564));
#3352=DIRECTION('ref_axis',(0.749302307866564,5.26809444899857E-14,-0.662228096222021));
#3353=DIRECTION('',(2.4868715925392E-14,-1.,-5.60441433333204E-14));
#3354=DIRECTION('',(2.23202661302937E-14,-1.,-5.37918413740077E-14));
#3355=DIRECTION('center_axis',(-0.70710678118655,-5.72140314670282E-14,
0.707106781186545));
#3356=DIRECTION('ref_axis',(0.707106781186545,0.,0.70710678118655));
#3357=DIRECTION('center_axis',(0.70710678118655,5.72140314670282E-14,-0.707106781186545));
#3358=DIRECTION('ref_axis',(0.707106781186545,1.80953155863305E-14,0.70710678118655));
#3359=DIRECTION('center_axis',(0.70710678118655,5.72140314670282E-14,-0.707106781186545));
#3360=DIRECTION('ref_axis',(-0.707106781186545,-1.80953155863304E-14,-0.70710678118655));
#3361=DIRECTION('',(-7.98581473853182E-14,1.,1.05471187339382E-15));
#3362=DIRECTION('center_axis',(0.70710678118655,5.72140314670282E-14,-0.707106781186545));
#3363=DIRECTION('ref_axis',(0.707106781186545,1.94909533273827E-14,0.70710678118655));
#3364=DIRECTION('',(-0.707106781186545,2.20410829269871E-14,-0.70710678118655));
#3365=DIRECTION('',(2.71310751642775E-14,-1.,-1.05471187339383E-15));
#3366=DIRECTION('',(0.707106781186545,1.85605281666656E-14,0.70710678118655));
#3367=DIRECTION('center_axis',(0.70710678118655,5.72140314670282E-14,-0.707106781186545));
#3368=DIRECTION('ref_axis',(-0.707106781186545,-1.80953155863305E-14,-0.70710678118655));
#3369=DIRECTION('',(-8.03022365951682E-14,1.,6.10622663543797E-16));
#3370=DIRECTION('center_axis',(1.,2.28212510617102E-14,0.));
#3371=DIRECTION('ref_axis',(1.25607396694702E-14,-0.707106781186585,0.70710678118651));
#3372=DIRECTION('center_axis',(-1.,-2.28097634356493E-14,8.32667268468893E-17));
#3373=DIRECTION('ref_axis',(1.25607396694702E-14,-0.707106781186585,0.70710678118651));
#3374=DIRECTION('',(-1.,-2.28212510617102E-14,0.));
#3375=DIRECTION('center_axis',(1.22935092972408E-27,-5.38686913526272E-14,
1.));
#3376=DIRECTION('ref_axis',(2.28097634356493E-14,-1.,-5.38686913526272E-14));
#3377=DIRECTION('',(2.28150831560462E-14,-1.,-5.38686913526272E-14));
#3378=DIRECTION('center_axis',(-1.,-2.26978929478921E-14,6.6451401591068E-30));
#3379=DIRECTION('ref_axis',(-2.51214793389404E-14,0.707106781186511,0.707106781186584));
#3380=DIRECTION('center_axis',(1.,2.28097634356493E-14,-8.32667268468893E-17));
#3381=DIRECTION('ref_axis',(-2.51214793389404E-14,0.707106781186511,0.707106781186584));
#3382=DIRECTION('',(-1.,-2.26978929478921E-14,6.6451401591068E-30));
#3383=DIRECTION('',(1.,2.26978929478921E-14,-6.6451401591068E-30));
#3384=DIRECTION('center_axis',(-1.22935092972408E-27,5.38686913526272E-14,
-1.));
#3385=DIRECTION('ref_axis',(-2.28097634356493E-14,1.,5.38686913526272E-14));
#3386=DIRECTION('',(-2.28150831560462E-14,1.,5.38686913526272E-14));
#3387=DIRECTION('',(1.,2.28212510617102E-14,0.));
#3388=DIRECTION('center_axis',(2.22044604925031E-14,-1.,-5.38458166943201E-14));
#3389=DIRECTION('ref_axis',(1.,2.22044604925032E-14,-1.02661848815704E-15));
#3390=DIRECTION('center_axis',(2.26978929478921E-14,-1.,-5.38686913526272E-14));
#3391=DIRECTION('ref_axis',(1.,2.22044604925032E-14,-1.02661848815704E-15));
#3392=DIRECTION('',(2.22044604925031E-14,-1.,-5.38458166943201E-14));
#3393=DIRECTION('center_axis',(2.26978929478921E-14,-1.,-5.38686913526272E-14));
#3394=DIRECTION('ref_axis',(1.,2.26978929478922E-14,-1.02661848815701E-15));
#3395=DIRECTION('center_axis',(-2.26978929478921E-14,1.,5.38686913526272E-14));
#3396=DIRECTION('ref_axis',(0.,-5.38686913526272E-14,1.));
#3397=DIRECTION('center_axis',(2.22044604925031E-14,-1.,-5.38458166943201E-14));
#3398=DIRECTION('ref_axis',(1.,2.22044604925032E-14,-1.02661848815704E-15));
#3399=DIRECTION('center_axis',(2.26978929478921E-14,-1.,-5.38686913526272E-14));
#3400=DIRECTION('ref_axis',(1.,2.22044604925032E-14,-1.02661848815704E-15));
#3401=DIRECTION('',(2.22044604925031E-14,-1.,-5.38458166943201E-14));
#3402=DIRECTION('center_axis',(2.26978929478921E-14,-1.,-5.38686913526272E-14));
#3403=DIRECTION('ref_axis',(1.,2.26978929478922E-14,-1.02661848815701E-15));
#3404=DIRECTION('center_axis',(-2.26978929478921E-14,1.,5.38686913526272E-14));
#3405=DIRECTION('ref_axis',(0.,-5.38686913526272E-14,1.));
#3406=DIRECTION('center_axis',(-7.40148683083416E-16,-8.32667268468888E-16,
1.));
#3407=DIRECTION('ref_axis',(2.71387850463928E-14,-1.,-8.32667268468867E-16));
#3408=DIRECTION('',(1.,2.66453525910038E-14,7.40148683083438E-16));
#3409=DIRECTION('',(2.71387850463928E-14,-1.,-8.32667268468867E-16));
#3410=DIRECTION('',(1.,2.66453525910038E-14,7.40148683083438E-16));
#3411=DIRECTION('center_axis',(1.,2.66453525910038E-14,7.40148683083438E-16));
#3412=DIRECTION('ref_axis',(-7.4014868308341E-16,-1.05471187339392E-15,
1.));
#3413=DIRECTION('',(1.,2.66453525910038E-14,7.40148683083438E-16));
#3414=DIRECTION('center_axis',(1.,2.71387850463928E-14,9.86864910777919E-16));
#3415=DIRECTION('ref_axis',(-9.8686491077789E-16,-1.05471187339393E-15,
1.));
#3416=DIRECTION('center_axis',(7.40148683083422E-16,6.10622663543856E-16,
-1.));
#3417=DIRECTION('ref_axis',(-2.71387850463928E-14,1.,6.10622663543836E-16));
#3418=DIRECTION('',(-1.,-2.66453525910038E-14,-7.40148683083438E-16));
#3419=DIRECTION('',(-2.71387850463928E-14,1.,6.10622663543836E-16));
#3420=DIRECTION('center_axis',(1.,2.66453525910038E-14,7.40148683083438E-16));
#3421=DIRECTION('ref_axis',(7.4014868308341E-16,1.05471187339392E-15,-1.));
#3422=DIRECTION('center_axis',(1.,2.71387850463928E-14,9.86864910777919E-16));
#3423=DIRECTION('ref_axis',(9.8686491077789E-16,1.05471187339393E-15,-1.));
#3424=DIRECTION('center_axis',(-1.,-2.71387850463928E-14,-9.86864910777919E-16));
#3425=DIRECTION('ref_axis',(-9.86864910777919E-16,0.,1.));
#3426=DIRECTION('',(2.71387850463928E-14,-1.,-1.16573417585641E-15));
#3427=DIRECTION('center_axis',(-1.,-2.71387850463928E-14,-9.86864910777919E-16));
#3428=DIRECTION('ref_axis',(4.44089209850034E-16,1.05471187339391E-15,-1.));
#3429=DIRECTION('',(-2.71387850463928E-14,1.,1.0547118733939E-15));
#3430=DIRECTION('center_axis',(-1.,-2.71387850463928E-14,-9.86864910777919E-16));
#3431=DIRECTION('ref_axis',(-4.44089209850034E-16,-1.05471187339391E-15,
1.));
#3432=DIRECTION('center_axis',(1.,2.66453525910038E-14,1.48029736616688E-15));
#3433=DIRECTION('ref_axis',(-1.4802973661669E-15,9.19017948162006E-16,1.));
#3434=DIRECTION('',(1.,2.66453525910038E-14,1.48029736616688E-15));
#3435=DIRECTION('center_axis',(1.,2.71387850463928E-14,9.86864910777919E-16));
#3436=DIRECTION('ref_axis',(-9.86864910777944E-16,9.1901794816202E-16,1.));
#3437=DIRECTION('',(1.,2.66453525910038E-14,1.48029736616688E-15));
#3438=DIRECTION('center_axis',(1.48029736616685E-15,1.05471187339394E-15,
-1.));
#3439=DIRECTION('ref_axis',(-2.71387850463928E-14,1.,1.0547118733939E-15));
#3440=DIRECTION('',(1.,2.66453525910038E-14,1.48029736616688E-15));
#3441=DIRECTION('',(-2.71387850463928E-14,1.,1.0547118733939E-15));
#3442=DIRECTION('center_axis',(1.,2.66453525910038E-14,1.48029736616688E-15));
#3443=DIRECTION('ref_axis',(1.48029736616685E-15,1.05471187339394E-15,-1.));
#3444=DIRECTION('',(1.,2.66453525910038E-14,1.48029736616688E-15));
#3445=DIRECTION('center_axis',(1.,2.71387850463928E-14,9.86864910777919E-16));
#3446=DIRECTION('ref_axis',(9.8686491077789E-16,1.05471187339393E-15,-1.));
#3447=DIRECTION('center_axis',(-1.48029736616685E-15,-1.05471187339394E-15,
1.));
#3448=DIRECTION('ref_axis',(2.71387850463928E-14,-1.,-1.0547118733939E-15));
#3449=DIRECTION('',(2.71387850463928E-14,-1.,-1.0547118733939E-15));
#3450=DIRECTION('center_axis',(-1.,-2.71387850463928E-14,-9.86864910777919E-16));
#3451=DIRECTION('ref_axis',(-9.86864910777919E-16,0.,1.));
#3452=DIRECTION('',(2.71387850463928E-14,-1.,-2.6256774532385E-14));
#3453=DIRECTION('center_axis',(-1.,-2.71387850463928E-14,-9.86864910777919E-16));
#3454=DIRECTION('ref_axis',(4.4408920984936E-16,2.63816746226553E-14,-1.));
#3455=DIRECTION('',(-2.71387850463928E-14,1.,2.59237076249974E-14));
#3456=DIRECTION('center_axis',(-1.,-2.71387850463928E-14,-9.86864910777919E-16));
#3457=DIRECTION('ref_axis',(-4.44089209849369E-16,-2.60347299274599E-14,
1.));
#3458=DIRECTION('center_axis',(-4.44089209850034E-16,-1.05471187339391E-15,
1.));
#3459=DIRECTION('ref_axis',(2.71310751642775E-14,-1.,-1.0547118733939E-15));
#3460=DIRECTION('',(1.,2.75335310107039E-14,4.44089209850063E-16));
#3461=DIRECTION('',(-2.73855012740872E-14,1.,1.0547118733939E-15));
#3462=DIRECTION('',(1.,2.75335310107039E-14,4.44089209850063E-16));
#3463=DIRECTION('center_axis',(1.,2.75335310107039E-14,4.44089209850063E-16));
#3464=DIRECTION('ref_axis',(4.44089209850034E-16,1.05471187339391E-15,-1.));
#3465=DIRECTION('',(-1.,-2.75335310107039E-14,-4.44089209850063E-16));
#3466=DIRECTION('center_axis',(-1.,-2.73855012740872E-14,0.));
#3467=DIRECTION('ref_axis',(4.44089209850034E-16,1.05471187339391E-15,-1.));
#3468=DIRECTION('center_axis',(-4.44089209849372E-16,-2.59237076249974E-14,
1.));
#3469=DIRECTION('ref_axis',(2.71310751642775E-14,-1.,-2.59237076249974E-14));
#3470=DIRECTION('',(1.,2.66453525910038E-14,4.44089209850063E-16));
#3471=DIRECTION('',(-2.73855012740872E-14,1.,2.59237076249974E-14));
#3472=DIRECTION('',(1.,2.66453525910038E-14,4.44089209850063E-16));
#3473=DIRECTION('center_axis',(1.,2.66453525910038E-14,4.44089209850063E-16));
#3474=DIRECTION('ref_axis',(4.4408920984936E-16,2.63816746226553E-14,-1.));
#3475=DIRECTION('',(-1.,-2.66453525910038E-14,-4.44089209850063E-16));
#3476=DIRECTION('center_axis',(-1.,-2.73855012740872E-14,0.));
#3477=DIRECTION('ref_axis',(4.4408920984936E-16,2.63816746226553E-14,-1.));
#3478=DIRECTION('center_axis',(-2.26978929478921E-14,1.,5.38686913526272E-14));
#3479=DIRECTION('ref_axis',(-8.32667268481181E-17,5.38686913526272E-14,
-1.));
#3480=DIRECTION('',(-0.70863826495194,2.20794434335008E-14,-0.70557197325709));
#3481=DIRECTION('',(-5.30825383647662E-16,-5.35058129766313E-14,1.));
#3482=DIRECTION('',(0.707106781186547,-2.2041082926987E-14,0.707106781186548));
#3483=DIRECTION('',(-0.708638264951942,2.18564187523543E-14,-0.705571973257088));
#3484=DIRECTION('',(-8.32667268481181E-17,5.38686913526272E-14,-1.));
#3485=DIRECTION('',(1.,2.26978929478923E-14,-2.72718828762841E-15));
#3486=DIRECTION('center_axis',(1.,2.73032625315003E-14,-9.12103163892432E-32));
#3487=DIRECTION('ref_axis',(2.51214793389404E-14,-0.707106781186548,0.707106781186548));
#3488=DIRECTION('',(1.,2.73032625315003E-14,-9.12103163892432E-32));
#3489=DIRECTION('center_axis',(-1.,-2.73855012740872E-14,0.));
#3490=DIRECTION('ref_axis',(2.51214793389404E-14,-0.707106781186548,0.707106781186548));
#3491=DIRECTION('center_axis',(4.44089209850031E-16,1.16573417585643E-15,
-1.));
#3492=DIRECTION('ref_axis',(-2.71310751642775E-14,1.,1.16573417585641E-15));
#3493=DIRECTION('',(1.,2.75335310107039E-14,4.44089209850063E-16));
#3494=DIRECTION('',(2.73855012740872E-14,-1.,-1.16573417585641E-15));
#3495=DIRECTION('center_axis',(1.,2.75335310107039E-14,4.44089209850063E-16));
#3496=DIRECTION('ref_axis',(-4.44089209850034E-16,-1.05471187339391E-15,
1.));
#3497=DIRECTION('center_axis',(-1.,-2.73855012740872E-14,0.));
#3498=DIRECTION('ref_axis',(-4.44089209850034E-16,-1.05471187339391E-15,
1.));
#3499=DIRECTION('center_axis',(4.44089209849363E-16,2.6256774532385E-14,
-1.));
#3500=DIRECTION('ref_axis',(-2.71310751642775E-14,1.,2.6256774532385E-14));
#3501=DIRECTION('',(1.,2.66453525910038E-14,4.44089209850063E-16));
#3502=DIRECTION('',(2.73855012740872E-14,-1.,-2.6256774532385E-14));
#3503=DIRECTION('center_axis',(1.,2.66453525910038E-14,4.44089209850063E-16));
#3504=DIRECTION('ref_axis',(-4.44089209849369E-16,-2.60347299274599E-14,
1.));
#3505=DIRECTION('center_axis',(-1.,-2.73855012740872E-14,0.));
#3506=DIRECTION('ref_axis',(-4.44089209849369E-16,-2.60347299274599E-14,
1.));
#3507=DIRECTION('center_axis',(1.,2.73855012740872E-14,0.));
#3508=DIRECTION('ref_axis',(0.,0.,-1.));
#3509=DIRECTION('',(5.30825383649085E-16,1.05471187339391E-15,-1.));
#3510=DIRECTION('',(2.73855012740872E-14,-1.,-5.46233505861096E-14));
#3511=DIRECTION('center_axis',(-2.73032625315003E-14,1.,1.0547118733939E-15));
#3512=DIRECTION('ref_axis',(-9.8686491077789E-16,-1.05471187339393E-15,
1.));
#3513=DIRECTION('',(-0.707106781186547,-1.85605281666656E-14,-0.707106781186548));
#3514=DIRECTION('center_axis',(0.707106781186548,5.79890152676682E-14,-0.707106781186547));
#3515=DIRECTION('ref_axis',(-0.707106781186547,0.,-0.707106781186548));
#3516=DIRECTION('',(2.2680579528398E-14,-1.,-5.38880181543044E-14));
#3517=DIRECTION('center_axis',(-1.,-2.26978929478923E-14,2.72718828762841E-15));
#3518=DIRECTION('ref_axis',(-2.51214793389404E-14,0.707106781186588,-0.707106781186507));
#3519=DIRECTION('center_axis',(-1.,-2.28097634356493E-14,8.32667268468893E-17));
#3520=DIRECTION('ref_axis',(-2.51214793389404E-14,0.707106781186588,-0.707106781186507));
#3521=DIRECTION('center_axis',(1.,2.26978929478921E-14,-1.77203737606558E-29));
#3522=DIRECTION('ref_axis',(-2.51214793389403E-14,0.707106781186584,-0.707106781186511));
#3523=DIRECTION('',(1.,2.26978929478921E-14,-1.77203737606558E-29));
#3524=DIRECTION('center_axis',(1.,2.28097634356493E-14,-8.32667268468893E-17));
#3525=DIRECTION('ref_axis',(-2.51214793389403E-14,0.707106781186584,-0.707106781186511));
#3526=DIRECTION('',(-1.,-2.26978929478921E-14,1.77203737606558E-29));
#3527=DIRECTION('center_axis',(-1.24042616332563E-27,5.38686913526272E-14,
-1.));
#3528=DIRECTION('ref_axis',(-2.28097634356493E-14,1.,5.38686913526272E-14));
#3529=DIRECTION('',(-1.,-2.28212510617102E-14,1.10752336015488E-29));
#3530=DIRECTION('',(2.28097634356493E-14,-1.,-5.38686913526272E-14));
#3531=DIRECTION('center_axis',(1.,2.28212510617102E-14,-1.10752336015488E-29));
#3532=DIRECTION('ref_axis',(2.51214793389404E-14,-0.707106781186511,-0.707106781186584));
#3533=DIRECTION('',(1.,2.28212510617102E-14,-1.10752336015488E-29));
#3534=DIRECTION('center_axis',(1.,2.28097634356493E-14,-8.32667268468893E-17));
#3535=DIRECTION('ref_axis',(2.51214793389404E-14,-0.707106781186511,-0.707106781186584));
#3536=DIRECTION('center_axis',(-2.28212510617102E-14,1.,5.38686913526272E-14));
#3537=DIRECTION('ref_axis',(8.32667268481181E-17,-5.38686913526272E-14,
1.));
#3538=DIRECTION('',(-1.,-2.28212510617102E-14,0.));
#3539=DIRECTION('',(1.23536834142907E-15,-5.38686913526271E-14,1.));
#3540=DIRECTION('center_axis',(1.,2.28212510617102E-14,0.));
#3541=DIRECTION('ref_axis',(1.25607396694702E-14,-0.707106781186585,0.70710678118651));
#3542=DIRECTION('center_axis',(1.,2.28097634356493E-14,-8.32667268468893E-17));
#3543=DIRECTION('ref_axis',(1.25607396694702E-14,-0.707106781186585,0.70710678118651));
#3544=DIRECTION('center_axis',(-1.,-2.28097634356493E-14,8.32667268468893E-17));
#3545=DIRECTION('ref_axis',(8.32667268468893E-17,0.,1.));
#3546=DIRECTION('',(2.28097634356493E-14,-1.,-5.32907051820075E-14));
#3547=DIRECTION('',(-3.10552475794393E-30,-5.38686913526274E-14,1.));
#3548=DIRECTION('',(-2.28097634356493E-14,1.,5.36732007084754E-14));
#3549=DIRECTION('center_axis',(1.,2.28097634356493E-14,-8.32667268468893E-17));
#3550=DIRECTION('ref_axis',(2.28097634356493E-14,-1.,-5.38686913526272E-14));
#3551=DIRECTION('',(-8.32667268481181E-17,5.38686913526272E-14,-1.));
#3552=DIRECTION('center_axis',(1.,2.28097634356493E-14,-8.32667268468893E-17));
#3553=DIRECTION('ref_axis',(8.32667268481181E-17,-5.38686913526272E-14,
1.));
#3554=DIRECTION('',(8.32667268481181E-17,-5.38686913526272E-14,1.));
#3555=DIRECTION('center_axis',(1.,2.28097634356493E-14,-8.32667268468893E-17));
#3556=DIRECTION('ref_axis',(2.28097634356493E-14,-1.,-5.38686913526272E-14));
#3557=DIRECTION('',(-8.32667268481181E-17,5.38686913526272E-14,-1.));
#3558=DIRECTION('center_axis',(1.,2.28097634356493E-14,-8.32667268468893E-17));
#3559=DIRECTION('ref_axis',(8.32667268481181E-17,-5.38686913526272E-14,
1.));
#3560=DIRECTION('',(8.32667268481181E-17,-5.38686913526272E-14,1.));
#3561=DIRECTION('',(8.32667268481181E-17,-5.38686913526272E-14,1.));
#3562=DIRECTION('center_axis',(1.,2.28097634356493E-14,-8.32667268468893E-17));
#3563=DIRECTION('ref_axis',(2.28097634356493E-14,-1.,-5.38686913526272E-14));
#3564=DIRECTION('',(-8.32667268481181E-17,5.38686913526272E-14,-1.));
#3565=DIRECTION('center_axis',(1.,2.28097634356493E-14,-8.32667268468893E-17));
#3566=DIRECTION('ref_axis',(8.32667268481181E-17,-5.38686913526272E-14,
1.));
#3567=DIRECTION('',(8.32667268481181E-17,-5.38686913526272E-14,1.));
#3568=DIRECTION('center_axis',(1.,2.28097634356493E-14,-8.32667268468893E-17));
#3569=DIRECTION('ref_axis',(2.28097634356493E-14,-1.,-5.38686913526272E-14));
#3570=DIRECTION('',(-8.32667268481181E-17,5.38686913526272E-14,-1.));
#3571=DIRECTION('center_axis',(1.,2.28097634356493E-14,-8.32667268468893E-17));
#3572=DIRECTION('ref_axis',(8.32667268481181E-17,-5.38686913526272E-14,
1.));
#3573=DIRECTION('',(8.32667268481181E-17,-5.38686913526272E-14,1.));
#3574=DIRECTION('center_axis',(2.26978929478921E-14,-1.,-5.38686913526272E-14));
#3575=DIRECTION('ref_axis',(8.32667268481181E-17,-5.38686913526272E-14,
1.));
#3576=DIRECTION('center_axis',(-0.705571973257088,-5.41288136212898E-14,
0.708638264951942));
#3577=DIRECTION('ref_axis',(0.708638264951942,0.,0.705571973257088));
#3578=DIRECTION('center_axis',(0.705571973257111,2.02053687079431E-14,-0.70863826495192));
#3579=DIRECTION('ref_axis',(-0.70863826495192,0.,-0.705571973257111));
#3580=DIRECTION('center_axis',(-2.20275186979534E-14,1.,5.38686913526274E-14));
#3581=DIRECTION('ref_axis',(0.,-5.38686913526274E-14,1.));
#3582=DIRECTION('',(1.,2.20275186979534E-14,6.70374249896376E-16));
#3583=DIRECTION('center_axis',(-2.20275186979534E-14,1.,5.38686913526274E-14));
#3584=DIRECTION('ref_axis',(-1.,-2.20275186979534E-14,3.05763868373487E-16));
#3585=DIRECTION('',(-4.51028104191945E-17,5.38686913526274E-14,-1.));
#3586=DIRECTION('center_axis',(-2.20275186979534E-14,1.,5.38686913526274E-14));
#3587=DIRECTION('ref_axis',(1.,2.20275186979534E-14,-1.85087452653362E-16));
#3588=DIRECTION('center_axis',(2.368475785867E-14,-1.,-5.32907051820075E-14));
#3589=DIRECTION('ref_axis',(-1.,-2.368475785867E-14,1.70002900688237E-16));
#3590=DIRECTION('',(2.368475785867E-14,-1.,-5.32907051820075E-14));
#3591=DIRECTION('center_axis',(1.,2.368475785867E-14,-1.56125112880434E-16));
#3592=DIRECTION('ref_axis',(1.5612511288171E-16,-5.38686913526274E-14,1.));
#3593=DIRECTION('center_axis',(-1.,-2.36847578586725E-14,4.70075367520624E-14));
#3594=DIRECTION('ref_axis',(-4.70075367520637E-14,5.38686913526264E-14,
-1.));
#3595=DIRECTION('',(2.368475785867E-14,-1.,-5.32907051820075E-14));
#3596=DIRECTION('center_axis',(2.368475785867E-14,-1.,-5.32907051820075E-14));
#3597=DIRECTION('ref_axis',(-1.,-2.36847578586701E-14,2.25167107186042E-15));
#3598=DIRECTION('center_axis',(1.,2.368475785867E-14,-4.51028104179187E-17));
#3599=DIRECTION('ref_axis',(4.51028104191945E-17,-5.38686913526274E-14,
1.));
#3600=DIRECTION('',(2.368475785867E-14,-1.,-5.32907051820075E-14));
#3601=DIRECTION('',(2.368475785867E-14,-1.,-5.32907051820075E-14));
#3602=DIRECTION('center_axis',(2.368475785867E-14,-1.,-5.32907051820075E-14));
#3603=DIRECTION('ref_axis',(1.,2.368475785867E-14,-1.85087452653273E-16));
#3604=DIRECTION('center_axis',(-6.70374249895202E-16,-5.32907051820075E-14,
1.));
#3605=DIRECTION('ref_axis',(-1.,-2.20275186979534E-14,-6.70374249896376E-16));
#3606=DIRECTION('',(2.368475785867E-14,-1.,-5.32907051820075E-14));
#3607=DIRECTION('center_axis',(2.368475785867E-14,-1.,-5.32907051820075E-14));
#3608=DIRECTION('ref_axis',(-1.,-2.368475785867E-14,3.05763868373399E-16));
#3609=DIRECTION('center_axis',(-2.28388736494318E-14,1.,5.38686913526272E-14));
#3610=DIRECTION('ref_axis',(8.32667268481181E-17,-5.38686913526272E-14,
1.));
#3611=DIRECTION('',(1.,2.28388736494318E-14,0.));
#3612=DIRECTION('',(8.32667268481181E-17,-5.38686913526272E-14,1.));
#3613=DIRECTION('',(1.,2.28388736494318E-14,0.));
#3614=DIRECTION('center_axis',(1.,2.28388736494318E-14,0.));
#3615=DIRECTION('ref_axis',(-2.28388736494318E-14,1.,5.38686913526272E-14));
#3616=DIRECTION('center_axis',(1.,2.28097634356493E-14,-8.32667268468893E-17));
#3617=DIRECTION('ref_axis',(-2.28097634356493E-14,1.,5.38686913526272E-14));
#3618=DIRECTION('',(1.,2.28388736494318E-14,0.));
#3619=DIRECTION('center_axis',(2.28388736494318E-14,-1.,-5.38686913526272E-14));
#3620=DIRECTION('ref_axis',(-8.32667268481181E-17,5.38686913526272E-14,
-1.));
#3621=DIRECTION('',(1.,2.28388736494318E-14,0.));
#3622=DIRECTION('',(-8.32667268481181E-17,5.38686913526272E-14,-1.));
#3623=DIRECTION('center_axis',(1.,2.28388736494318E-14,0.));
#3624=DIRECTION('ref_axis',(1.23030459172731E-27,-5.38686913526272E-14,
1.));
#3625=DIRECTION('center_axis',(1.,2.28097634356493E-14,-8.32667268468893E-17));
#3626=DIRECTION('ref_axis',(8.32667268481181E-17,-5.38686913526272E-14,
1.));
#3627=DIRECTION('center_axis',(-1.,-2.28097634356493E-14,8.32667268468893E-17));
#3628=DIRECTION('ref_axis',(8.32667268468893E-17,0.,1.));
#3629=DIRECTION('',(-8.32667268481181E-17,5.38686913526272E-14,-1.));
#3630=DIRECTION('center_axis',(-1.,-2.28097634356493E-14,8.32667268468893E-17));
#3631=DIRECTION('ref_axis',(1.2227055141434E-27,-5.38686913526272E-14,1.));
#3632=DIRECTION('',(8.32667268481181E-17,-5.38686913526272E-14,1.));
#3633=DIRECTION('center_axis',(-1.,-2.28097634356493E-14,8.32667268468893E-17));
#3634=DIRECTION('ref_axis',(2.26978929478921E-14,-1.,-5.38686913526272E-14));
#3635=DIRECTION('center_axis',(-2.28388736494318E-14,1.,5.38686913526272E-14));
#3636=DIRECTION('ref_axis',(8.32667268481181E-17,-5.38686913526272E-14,
1.));
#3637=DIRECTION('',(1.,2.28388736494318E-14,0.));
#3638=DIRECTION('',(8.32667268481181E-17,-5.38686913526272E-14,1.));
#3639=DIRECTION('',(1.,2.28388736494318E-14,0.));
#3640=DIRECTION('center_axis',(1.,2.28388736494318E-14,0.));
#3641=DIRECTION('ref_axis',(-2.28388736494318E-14,1.,5.38686913526272E-14));
#3642=DIRECTION('center_axis',(1.,2.28097634356493E-14,-8.32667268468893E-17));
#3643=DIRECTION('ref_axis',(-2.28097634356493E-14,1.,5.38686913526272E-14));
#3644=DIRECTION('',(1.,2.28388736494318E-14,0.));
#3645=DIRECTION('center_axis',(2.28388736494318E-14,-1.,-5.38686913526272E-14));
#3646=DIRECTION('ref_axis',(-8.32667268481181E-17,5.38686913526272E-14,
-1.));
#3647=DIRECTION('',(1.,2.28388736494318E-14,0.));
#3648=DIRECTION('',(-8.32667268481181E-17,5.38686913526272E-14,-1.));
#3649=DIRECTION('center_axis',(1.,2.28388736494318E-14,0.));
#3650=DIRECTION('ref_axis',(1.23030459172731E-27,-5.38686913526272E-14,
1.));
#3651=DIRECTION('center_axis',(1.,2.28097634356493E-14,-8.32667268468893E-17));
#3652=DIRECTION('ref_axis',(8.32667268481181E-17,-5.38686913526272E-14,
1.));
#3653=DIRECTION('center_axis',(-1.,-2.28097634356493E-14,8.32667268468893E-17));
#3654=DIRECTION('ref_axis',(8.32667268468893E-17,0.,1.));
#3655=DIRECTION('',(-8.32667268481181E-17,5.38686913526272E-14,-1.));
#3656=DIRECTION('center_axis',(-1.,-2.28097634356493E-14,8.32667268468893E-17));
#3657=DIRECTION('ref_axis',(1.2227055141434E-27,-5.38686913526272E-14,1.));
#3658=DIRECTION('',(8.32667268481181E-17,-5.38686913526272E-14,1.));
#3659=DIRECTION('center_axis',(-1.,-2.28097634356493E-14,8.32667268468893E-17));
#3660=DIRECTION('ref_axis',(2.26978929478921E-14,-1.,-5.38686913526272E-14));
#3661=DIRECTION('center_axis',(-2.28388736494318E-14,1.,5.38686913526272E-14));
#3662=DIRECTION('ref_axis',(8.32667268481181E-17,-5.38686913526272E-14,
1.));
#3663=DIRECTION('',(1.,2.28388736494318E-14,0.));
#3664=DIRECTION('',(8.32667268481181E-17,-5.38686913526272E-14,1.));
#3665=DIRECTION('',(1.,2.28388736494318E-14,0.));
#3666=DIRECTION('center_axis',(1.,2.28388736494318E-14,0.));
#3667=DIRECTION('ref_axis',(-2.28388736494318E-14,1.,5.38686913526272E-14));
#3668=DIRECTION('',(1.,2.28388736494318E-14,0.));
#3669=DIRECTION('center_axis',(1.,2.28097634356493E-14,-8.32667268468893E-17));
#3670=DIRECTION('ref_axis',(-2.28097634356493E-14,1.,5.38686913526272E-14));
#3671=DIRECTION('center_axis',(2.28388736494318E-14,-1.,-5.38686913526272E-14));
#3672=DIRECTION('ref_axis',(-8.32667268481181E-17,5.38686913526272E-14,
-1.));
#3673=DIRECTION('',(1.,2.28388736494318E-14,0.));
#3674=DIRECTION('',(-8.32667268481181E-17,5.38686913526272E-14,-1.));
#3675=DIRECTION('center_axis',(1.,2.28388736494318E-14,0.));
#3676=DIRECTION('ref_axis',(1.23030459172731E-27,-5.38686913526272E-14,
1.));
#3677=DIRECTION('center_axis',(1.,2.28097634356493E-14,-8.32667268468893E-17));
#3678=DIRECTION('ref_axis',(8.32667268481181E-17,-5.38686913526272E-14,
1.));
#3679=DIRECTION('center_axis',(-1.,-2.28097634356493E-14,8.32667268468893E-17));
#3680=DIRECTION('ref_axis',(8.32667268468893E-17,0.,1.));
#3681=DIRECTION('',(8.32667268481181E-17,-5.38686913526272E-14,1.));
#3682=DIRECTION('center_axis',(-1.,-2.28097634356493E-14,8.32667268468893E-17));
#3683=DIRECTION('ref_axis',(2.26978929478921E-14,-1.,-5.38686913526272E-14));
#3684=DIRECTION('',(-8.32667268481181E-17,5.38686913526272E-14,-1.));
#3685=DIRECTION('center_axis',(-1.,-2.28097634356493E-14,8.32667268468893E-17));
#3686=DIRECTION('ref_axis',(1.2227055141434E-27,-5.38686913526272E-14,1.));
#3687=DIRECTION('center_axis',(-2.28388736494318E-14,1.,5.38686913526272E-14));
#3688=DIRECTION('ref_axis',(8.32667268481181E-17,-5.38686913526272E-14,
1.));
#3689=DIRECTION('',(1.,2.28388736494318E-14,0.));
#3690=DIRECTION('',(8.32667268481181E-17,-5.38686913526272E-14,1.));
#3691=DIRECTION('',(1.,2.28388736494318E-14,0.));
#3692=DIRECTION('center_axis',(1.,2.28388736494318E-14,0.));
#3693=DIRECTION('ref_axis',(-2.28388736494318E-14,1.,5.38686913526272E-14));
#3694=DIRECTION('',(1.,2.28388736494318E-14,0.));
#3695=DIRECTION('center_axis',(1.,2.28097634356493E-14,-8.32667268468893E-17));
#3696=DIRECTION('ref_axis',(-2.28097634356493E-14,1.,5.38686913526272E-14));
#3697=DIRECTION('center_axis',(2.28388736494318E-14,-1.,-5.38686913526272E-14));
#3698=DIRECTION('ref_axis',(-8.32667268481181E-17,5.38686913526272E-14,
-1.));
#3699=DIRECTION('',(1.,2.28388736494318E-14,0.));
#3700=DIRECTION('',(-8.32667268481181E-17,5.38686913526272E-14,-1.));
#3701=DIRECTION('center_axis',(1.,2.28388736494318E-14,0.));
#3702=DIRECTION('ref_axis',(1.23030459172731E-27,-5.38686913526272E-14,
1.));
#3703=DIRECTION('center_axis',(1.,2.28097634356493E-14,-8.32667268468893E-17));
#3704=DIRECTION('ref_axis',(8.32667268481181E-17,-5.38686913526272E-14,
1.));
#3705=DIRECTION('center_axis',(-1.,-2.28097634356493E-14,8.32667268468893E-17));
#3706=DIRECTION('ref_axis',(8.32667268468893E-17,0.,1.));
#3707=DIRECTION('',(8.32667268481181E-17,-5.38686913526272E-14,1.));
#3708=DIRECTION('center_axis',(-1.,-2.28097634356493E-14,8.32667268468893E-17));
#3709=DIRECTION('ref_axis',(2.26978929478921E-14,-1.,-5.38686913526272E-14));
#3710=DIRECTION('',(-8.32667268481181E-17,5.38686913526272E-14,-1.));
#3711=DIRECTION('center_axis',(-1.,-2.28097634356493E-14,8.32667268468893E-17));
#3712=DIRECTION('ref_axis',(1.2227055141434E-27,-5.38686913526272E-14,1.));
#3713=DIRECTION('center_axis',(2.26978929478921E-14,-1.,-5.38686913526272E-14));
#3714=DIRECTION('ref_axis',(8.32667268481181E-17,-5.38686913526272E-14,
1.));
#3715=DIRECTION('',(-1.,-2.26978929478921E-14,0.));
#3716=DIRECTION('',(-1.,-2.26978929478921E-14,0.));
#3717=DIRECTION('center_axis',(-1.,-2.26978929478921E-14,0.));
#3718=DIRECTION('ref_axis',(2.26978929478921E-14,-1.,-5.38686913526272E-14));
#3719=DIRECTION('',(-1.,-2.26978929478921E-14,0.));
#3720=DIRECTION('center_axis',(2.26978929478921E-14,-1.,-5.38686913526272E-14));
#3721=DIRECTION('ref_axis',(8.32667268481181E-17,-5.38686913526272E-14,
1.));
#3722=DIRECTION('',(-1.,-2.26978929478921E-14,0.));
#3723=DIRECTION('',(-1.,-2.26978929478921E-14,0.));
#3724=DIRECTION('center_axis',(-1.,-2.26978929478921E-14,0.));
#3725=DIRECTION('ref_axis',(2.26978929478921E-14,-1.,-5.38686913526272E-14));
#3726=DIRECTION('',(-1.,-2.26978929478921E-14,0.));
#3727=DIRECTION('center_axis',(2.26978929478921E-14,-1.,-5.38686913526272E-14));
#3728=DIRECTION('ref_axis',(8.32667268481181E-17,-5.38686913526272E-14,
1.));
#3729=DIRECTION('',(-1.,-2.26978929478921E-14,0.));
#3730=DIRECTION('',(-1.,-2.26978929478921E-14,0.));
#3731=DIRECTION('center_axis',(-1.,-2.26978929478921E-14,0.));
#3732=DIRECTION('ref_axis',(2.26978929478921E-14,-1.,-5.38686913526272E-14));
#3733=DIRECTION('',(-1.,-2.26978929478921E-14,0.));
#3734=DIRECTION('center_axis',(2.26978929478921E-14,-1.,-5.38686913526272E-14));
#3735=DIRECTION('ref_axis',(8.32667268481181E-17,-5.38686913526272E-14,
1.));
#3736=DIRECTION('',(-1.,-2.26978929478921E-14,0.));
#3737=DIRECTION('',(-1.,-2.26978929478921E-14,0.));
#3738=DIRECTION('center_axis',(-1.,-2.26978929478921E-14,0.));
#3739=DIRECTION('ref_axis',(2.26978929478921E-14,-1.,-5.38686913526272E-14));
#3740=DIRECTION('',(-1.,-2.26978929478921E-14,0.));
#3741=DIRECTION('center_axis',(-2.26978929478921E-14,1.,5.38686913526272E-14));
#3742=DIRECTION('ref_axis',(-8.32667268481181E-17,5.38686913526272E-14,
-1.));
#3743=DIRECTION('',(-1.,-2.26978929478921E-14,0.));
#3744=DIRECTION('center_axis',(-1.,-2.26978929478921E-14,0.));
#3745=DIRECTION('ref_axis',(1.2227055141434E-27,-5.38686913526272E-14,1.));
#3746=DIRECTION('center_axis',(-2.26978929478921E-14,1.,5.38686913526272E-14));
#3747=DIRECTION('ref_axis',(-8.32667268481181E-17,5.38686913526272E-14,
-1.));
#3748=DIRECTION('',(-1.,-2.26978929478921E-14,0.));
#3749=DIRECTION('center_axis',(-1.,-2.26978929478921E-14,0.));
#3750=DIRECTION('ref_axis',(1.2227055141434E-27,-5.38686913526272E-14,1.));
#3751=DIRECTION('center_axis',(-2.26978929478921E-14,1.,5.38686913526272E-14));
#3752=DIRECTION('ref_axis',(-8.32667268481181E-17,5.38686913526272E-14,
-1.));
#3753=DIRECTION('',(-1.,-2.26978929478921E-14,0.));
#3754=DIRECTION('center_axis',(-1.,-2.26978929478921E-14,0.));
#3755=DIRECTION('ref_axis',(1.2227055141434E-27,-5.38686913526272E-14,1.));
#3756=DIRECTION('center_axis',(-2.26978929478921E-14,1.,5.38686913526272E-14));
#3757=DIRECTION('ref_axis',(-8.32667268481181E-17,5.38686913526272E-14,
-1.));
#3758=DIRECTION('',(-1.,-2.26978929478921E-14,0.));
#3759=DIRECTION('center_axis',(-1.,-2.26978929478921E-14,0.));
#3760=DIRECTION('ref_axis',(1.2227055141434E-27,-5.38686913526272E-14,1.));
#3761=CARTESIAN_POINT('',(0.,0.,0.));
#3762=CARTESIAN_POINT('Origin',(-102.41889066097,-24.6041625739786,-42.9126721219771));
#3763=CARTESIAN_POINT('',(-106.31417105361,-22.8829818892467,-41.8940764953885));
#3764=CARTESIAN_POINT('',(-106.31417105361,-24.6041625739788,-40.9126721219771));
#3765=CARTESIAN_POINT('Origin',(-106.31417105361,-24.6041625739787,-42.9126721219771));
#3766=CARTESIAN_POINT('',(-110.814171053611,-24.6041625739789,-40.9126721219771));
#3767=CARTESIAN_POINT('',(-102.41889066097,-24.6041625739787,-40.9126721219771));
#3768=CARTESIAN_POINT('',(-110.81417105361,-22.8829818892468,-41.8940764953885));
#3769=CARTESIAN_POINT('Origin',(-110.81417105361,-24.6041625739788,-42.9126721219771));
#3770=CARTESIAN_POINT('',(-102.41889066097,-22.8829818892466,-41.8940764953885));
#3771=CARTESIAN_POINT('Origin',(-94.0236102683295,-18.861022008568,-40.9126721219768));
#3772=CARTESIAN_POINT('',(-106.314171053611,-15.2074633798421,-40.9126721219766));
#3773=CARTESIAN_POINT('',(-106.314171053611,-1.39012116607687,-40.9126721219759));
#3774=CARTESIAN_POINT('',(-77.2330494830483,-15.2074633798421,-40.9126721219766));
#3775=CARTESIAN_POINT('',(-77.2330494830483,-15.2074633798421,-40.9126721219766));
#3776=CARTESIAN_POINT('',(-77.2330494830483,-25.0145806372939,-40.9126721219771));
#3777=CARTESIAN_POINT('',(-77.2330494830483,-27.0145806372939,-40.9126721219772));
#3778=CARTESIAN_POINT('',(-110.814171053611,-25.0145806372939,-40.9126721219771));
#3779=CARTESIAN_POINT('',(-85.6283298756888,-25.0145806372939,-40.9126721219771));
#3780=CARTESIAN_POINT('',(-110.814171053611,-10.7074633798423,-40.9126721219764));
#3781=CARTESIAN_POINT('',(-89.582130638056,-21.111022008568,-40.9126721219769));
#3782=CARTESIAN_POINT('Origin',(-91.2330494830483,-21.111022008568,-40.9126721219769));
#3783=CARTESIAN_POINT('',(-98.6322011729845,-21.1120910333007,-40.9126721219769));
#3784=CARTESIAN_POINT('Origin',(-100.233194601999,-21.1120910333007,-40.9126721219769));
#3785=CARTESIAN_POINT('',(-80.636915749905,-21.110405775493,-40.9126721219769));
#3786=CARTESIAN_POINT('Origin',(-82.235076031369,-21.110405775493,-40.9126721219769));
#3787=CARTESIAN_POINT('Origin',(-102.41889066097,-12.7074633798425,-32.9126721219765));
#3788=CARTESIAN_POINT('',(-110.814171053611,-10.7074633798427,-32.9126721219764));
#3789=CARTESIAN_POINT('',(-110.814171053611,-12.7074633798425,-34.9126721219765));
#3790=CARTESIAN_POINT('Origin',(-110.814171053611,-12.7074633798427,-32.9126721219765));
#3791=CARTESIAN_POINT('',(-106.314171053611,-12.7074633798424,-34.9126721219765));
#3792=CARTESIAN_POINT('',(-102.41889066097,-12.7074633798424,-34.9126721219765));
#3793=CARTESIAN_POINT('',(-106.314171053611,-10.7074633798426,-32.9126721219764));
#3794=CARTESIAN_POINT('Origin',(-106.314171053611,-12.7074633798426,-32.9126721219765));
#3795=CARTESIAN_POINT('',(-102.41889066097,-10.7074633798425,-32.9126721219764));
#3796=CARTESIAN_POINT('Origin',(-94.0236102683295,-18.8610220085684,-34.9126721219768));
#3797=CARTESIAN_POINT('',(-110.814171053611,-25.0145806372942,-34.9126721219771));
#3798=CARTESIAN_POINT('',(-110.814171053611,-10.7074633798426,-34.9126721219764));
#3799=CARTESIAN_POINT('',(-77.2330494830483,-25.0145806372942,-34.9126721219771));
#3800=CARTESIAN_POINT('',(-85.6283298756888,-25.0145806372942,-34.9126721219771));
#3801=CARTESIAN_POINT('',(-77.2330494830483,-15.2074633798424,-34.9126721219766));
#3802=CARTESIAN_POINT('',(-77.2330494830483,-27.0145806372942,-34.9126721219772));
#3803=CARTESIAN_POINT('',(-106.314171053611,-15.2074633798424,-34.9126721219766));
#3804=CARTESIAN_POINT('',(-77.2330494830483,-15.2074633798424,-34.9126721219766));
#3805=CARTESIAN_POINT('',(-106.314171053611,-27.0145806372942,-34.9126721219773));
#3806=CARTESIAN_POINT('',(-89.582130638056,-21.1110220085683,-34.9126721219769));
#3807=CARTESIAN_POINT('Origin',(-91.2330494830483,-21.1110220085683,-34.9126721219769));
#3808=CARTESIAN_POINT('',(-98.6322011729845,-21.112091033301,-34.9126721219769));
#3809=CARTESIAN_POINT('Origin',(-100.233194601999,-21.112091033301,-34.9126721219769));
#3810=CARTESIAN_POINT('',(-80.636915749905,-21.1104057754934,-34.9126721219769));
#3811=CARTESIAN_POINT('Origin',(-82.235076031369,-21.1104057754934,-34.9126721219769));
#3812=CARTESIAN_POINT('Origin',(-85.6283298756888,-25.014580637294,-38.9126721219771));
#3813=CARTESIAN_POINT('',(-110.814171053611,-27.014580637294,-38.9126721219772));
#3814=CARTESIAN_POINT('Origin',(-110.814171053612,-25.014580637294,-38.9126721219771));
#3815=CARTESIAN_POINT('',(-77.2330494830483,-27.014580637294,-38.9126721219772));
#3816=CARTESIAN_POINT('Origin',(-77.2330494830483,-25.014580637294,-38.9126721219771));
#3817=CARTESIAN_POINT('',(-85.6283298756888,-27.014580637294,-38.9126721219772));
#3818=CARTESIAN_POINT('Origin',(-77.2330494830483,-27.0145806372942,-34.9126721219773));
#3819=CARTESIAN_POINT('',(-77.2330494830483,-27.0145806372941,-36.9126721219773));
#3820=CARTESIAN_POINT('',(-77.2330494830483,-27.0145806372942,-34.9126721219773));
#3821=CARTESIAN_POINT('',(-110.814171053611,-27.0145806372941,-36.9126721219773));
#3822=CARTESIAN_POINT('',(-85.6283298756888,-27.0145806372941,-36.9126721219773));
#3823=CARTESIAN_POINT('',(-110.814171053611,-27.0145806372942,-34.9126721219773));
#3824=CARTESIAN_POINT('Origin',(-77.2330494830483,-15.2074633798424,-34.9126721219766));
#3825=CARTESIAN_POINT('',(-77.2330494830483,-15.2074633798424,-34.9126721219766));
#3826=CARTESIAN_POINT('Origin',(-77.2330494830483,-25.0145806372941,-36.9126721219771));
#3827=CARTESIAN_POINT('Origin',(-85.6283298756888,-25.0145806372941,-36.9126721219771));
#3828=CARTESIAN_POINT('Origin',(-110.814171053612,-25.0145806372941,-36.9126721219771));
#3829=CARTESIAN_POINT('Origin',(-110.814171053612,42.0761399901225,-40.0165863775402));
#3830=CARTESIAN_POINT('',(-110.814171053611,-10.7074633798433,-20.4165863775428));
#3831=CARTESIAN_POINT('',(-110.814171053611,-10.7074633798413,-59.5062185072878));
#3832=CARTESIAN_POINT('',(-110.814171053611,-8.70746337984343,-18.4165863775427));
#3833=CARTESIAN_POINT('Origin',(-110.814171053611,-8.70746337984332,-20.4165863775427));
#3834=CARTESIAN_POINT('',(-110.814171053611,22.9761399901214,-18.416586377541));
#3835=CARTESIAN_POINT('',(-110.814171053611,-10.7074633798434,-18.4165863775428));
#3836=CARTESIAN_POINT('',(-110.814171053611,24.9761399901213,-16.4165863775409));
#3837=CARTESIAN_POINT('Origin',(-110.814171053611,22.9761399901212,-16.416586377541));
#3838=CARTESIAN_POINT('',(-110.814171053611,24.9761399901211,-13.0548826781837));
#3839=CARTESIAN_POINT('',(-110.814171053611,24.9761399901238,-63.016586377541));
#3840=CARTESIAN_POINT('',(-110.814171053612,59.1761399901211,-13.0548826781819));
#3841=CARTESIAN_POINT('',(-110.814171053612,59.1761399901211,-13.0548826781819));
#3842=CARTESIAN_POINT('',(-110.814171053612,59.1761399901239,-64.9638496378667));
#3843=CARTESIAN_POINT('',(-110.814171053612,59.1761399901213,-17.0165863775393));
#3844=CARTESIAN_POINT('',(-110.814171053612,57.1761399901239,-66.9638496378668));
#3845=CARTESIAN_POINT('Origin',(-110.814171053612,57.1761399901239,-64.9638496378668));
#3846=CARTESIAN_POINT('',(-110.814171053611,-13.2074633798408,-66.9638496378706));
#3847=CARTESIAN_POINT('',(-110.814171053611,6.76343746265046,-66.9638496378695));
#3848=CARTESIAN_POINT('',(-110.814171053611,-15.2074633798409,-64.9638496378707));
#3849=CARTESIAN_POINT('Origin',(-110.814171053611,-13.2074633798409,-64.9638496378706));
#3850=CARTESIAN_POINT('',(-110.814171053611,-15.2074633798414,-55.4113079411383));
#3851=CARTESIAN_POINT('',(-110.814171053611,-15.2074633798408,-66.9638496378707));
#3852=CARTESIAN_POINT('',(-110.814171053611,-15.4862826951095,-54.3927123145497));
#3853=CARTESIAN_POINT('Origin',(-110.814171053611,-17.2074633798414,-55.4113079411384));
#3854=CARTESIAN_POINT('',(-110.814171053611,-15.2074633798415,-54.8638496407296));
#3855=CARTESIAN_POINT('',(-110.814171053611,0.292536620158701,-57.9226721219757));
#3856=CARTESIAN_POINT('',(-110.814171053611,22.9761399901235,-57.9226721219744));
#3857=CARTESIAN_POINT('',(-110.814171053611,18.1433657349711,-57.9226721219747));
#3858=CARTESIAN_POINT('',(-110.814171053611,24.9761399901234,-55.9226721219743));
#3859=CARTESIAN_POINT('Origin',(-110.814171053611,22.9761399901234,-55.9226721219744));
#3860=CARTESIAN_POINT('',(-110.814171053611,24.976139990122,-29.4165863775409));
#3861=CARTESIAN_POINT('',(-110.814171053611,24.9761399901238,-63.016586377541));
#3862=CARTESIAN_POINT('',(-110.814171053611,22.9761399901218,-27.416586377541));
#3863=CARTESIAN_POINT('Origin',(-110.814171053611,22.976139990122,-29.416586377541));
#3864=CARTESIAN_POINT('',(-110.814171053611,0.29253662015706,-27.4165863775422));
#3865=CARTESIAN_POINT('',(-110.814171053611,24.9761399901218,-27.4165863775409));
#3866=CARTESIAN_POINT('',(-110.814171053611,-1.70746337984283,-29.4165863775424));
#3867=CARTESIAN_POINT('Origin',(-110.814171053611,0.292536620157166,-29.4165863775422));
#3868=CARTESIAN_POINT('',(-110.814171053611,-1.70746337984141,-55.9226721219758));
#3869=CARTESIAN_POINT('',(-110.814171053611,-1.70746337984294,-27.4165863775423));
#3870=CARTESIAN_POINT('Origin',(-110.814171053611,0.292536620158594,-55.9226721219757));
#3871=CARTESIAN_POINT('',(-110.814171053612,27.9761399901236,-61.0165863775408));
#3872=CARTESIAN_POINT('',(-110.814171053612,33.9761399901236,-61.0165863775405));
#3873=CARTESIAN_POINT('Origin',(-110.814171053612,30.9761399901237,-61.0165863775407));
#3874=CARTESIAN_POINT('',(-110.814171053612,33.9761399901234,-57.0165863775405));
#3875=CARTESIAN_POINT('',(-110.814171053612,33.9761399901231,-50.5165863775406));
#3876=CARTESIAN_POINT('',(-110.814171053612,27.9761399901234,-57.0165863775408));
#3877=CARTESIAN_POINT('Origin',(-110.814171053612,30.9761399901234,-57.0165863775407));
#3878=CARTESIAN_POINT('',(-110.814171053612,27.976139990123,-48.5165863775409));
#3879=CARTESIAN_POINT('',(-110.814171053612,50.1761399901236,-61.0165863775396));
#3880=CARTESIAN_POINT('',(-110.814171053612,56.1761399901236,-61.0165863775393));
#3881=CARTESIAN_POINT('Origin',(-110.814171053612,53.1761399901236,-61.0165863775395));
#3882=CARTESIAN_POINT('',(-110.814171053612,56.1761399901234,-57.0165863775393));
#3883=CARTESIAN_POINT('',(-110.814171053612,56.1761399901231,-50.5165863775394));
#3884=CARTESIAN_POINT('',(-110.814171053612,50.1761399901234,-57.0165863775396));
#3885=CARTESIAN_POINT('Origin',(-110.814171053612,53.1761399901234,-57.0165863775395));
#3886=CARTESIAN_POINT('',(-110.814171053612,50.176139990123,-48.5165863775397));
#3887=CARTESIAN_POINT('',(-110.814171053612,33.9761399901218,-27.0165863775407));
#3888=CARTESIAN_POINT('',(-110.814171053612,33.9761399901216,-23.0165863775407));
#3889=CARTESIAN_POINT('',(-110.814171053612,33.9761399901222,-33.5165863775406));
#3890=CARTESIAN_POINT('',(-110.814171053612,27.9761399901216,-23.016586377541));
#3891=CARTESIAN_POINT('Origin',(-110.814171053612,30.9761399901216,-23.0165863775409));
#3892=CARTESIAN_POINT('',(-110.814171053612,27.9761399901218,-27.016586377541));
#3893=CARTESIAN_POINT('',(-110.814171053612,27.9761399901221,-31.516586377541));
#3894=CARTESIAN_POINT('Origin',(-110.814171053612,30.9761399901218,-27.0165863775408));
#3895=CARTESIAN_POINT('',(-110.814171053612,56.1761399901218,-27.0165863775395));
#3896=CARTESIAN_POINT('',(-110.814171053612,56.1761399901216,-23.0165863775395));
#3897=CARTESIAN_POINT('',(-110.814171053612,56.1761399901221,-33.5165863775394));
#3898=CARTESIAN_POINT('',(-110.814171053612,50.1761399901216,-23.0165863775398));
#3899=CARTESIAN_POINT('Origin',(-110.814171053612,53.1761399901216,-23.0165863775397));
#3900=CARTESIAN_POINT('',(-110.814171053612,50.1761399901218,-27.0165863775398));
#3901=CARTESIAN_POINT('',(-110.814171053612,50.1761399901221,-31.5165863775398));
#3902=CARTESIAN_POINT('Origin',(-110.814171053612,53.1761399901227,-27.0165863775396));
#3903=CARTESIAN_POINT('Origin',(-103.439211154723,-17.2074633798413,-55.4113079411384));
#3904=CARTESIAN_POINT('',(-106.314171053611,-15.2074633798413,-55.4113079411383));
#3905=CARTESIAN_POINT('',(-106.314171053611,-15.4862826951094,-54.3927123145497));
#3906=CARTESIAN_POINT('Origin',(-106.314171053611,-17.2074633798413,-55.4113079411384));
#3907=CARTESIAN_POINT('',(-103.439211154723,-15.4862826951093,-54.3927123145497));
#3908=CARTESIAN_POINT('',(-103.439211154723,-15.2074633798413,-55.4113079411383));
#3909=CARTESIAN_POINT('Origin',(-96.064251255836,-15.2074633798409,-59.9138496393002));
#3910=CARTESIAN_POINT('',(-106.314171053611,-15.2074633798414,-54.8638496407296));
#3911=CARTESIAN_POINT('',(-106.314171053611,-15.2074633798416,-49.9652180084217));
#3912=CARTESIAN_POINT('',(-85.2001886051991,-15.2074633798404,-64.9638496378708));
#3913=CARTESIAN_POINT('',(-103.439211154723,-15.2074633798408,-64.9638496378707));
#3914=CARTESIAN_POINT('',(-83.3143314580613,-15.2074633798405,-62.4638496407296));
#3915=CARTESIAN_POINT('Origin',(-85.9143314580613,-15.2074633798405,-62.4638496407296));
#3916=CARTESIAN_POINT('',(-83.3143314580613,-15.2074633798407,-57.4638496407296));
#3917=CARTESIAN_POINT('',(-83.3143314580613,-15.2074633798405,-61.1888496400149));
#3918=CARTESIAN_POINT('',(-85.9143314580613,-15.2074633798409,-54.8638496407296));
#3919=CARTESIAN_POINT('Origin',(-85.9143314580613,-15.2074633798408,-57.4638496407296));
#3920=CARTESIAN_POINT('',(-90.9892913569486,-15.207463379841,-54.8638496407296));
#3921=CARTESIAN_POINT('',(-94.8938588576869,-15.2074633798407,-62.3638496378707));
#3922=CARTESIAN_POINT('',(-98.0938588576869,-15.2074633798408,-62.3638496378707));
#3923=CARTESIAN_POINT('Origin',(-96.4938588576869,-15.2074633798408,-62.3638496378707));
#3924=CARTESIAN_POINT('',(-98.0938588576867,-15.2074633798411,-57.3638496378706));
#3925=CARTESIAN_POINT('',(-98.0938588576867,-15.2074633798411,-57.3638496378706));
#3926=CARTESIAN_POINT('',(-94.8938588576867,-15.207463379841,-57.3638496378708));
#3927=CARTESIAN_POINT('Origin',(-96.4938588576868,-15.207463379841,-57.3638496378707));
#3928=CARTESIAN_POINT('',(-94.8938588576869,-15.2074633798407,-62.3638496378707));
#3929=CARTESIAN_POINT('',(-87.5143314580613,-15.2074633798405,-62.4638496407296));
#3930=CARTESIAN_POINT('',(-87.5143314580613,-15.2074633798408,-57.4638496407296));
#3931=CARTESIAN_POINT('',(-87.5143314580613,-15.2074633798408,-57.4638496407296));
#3932=CARTESIAN_POINT('',(-84.3143314580613,-15.2074633798407,-57.4638496407296));
#3933=CARTESIAN_POINT('Origin',(-85.9143314580613,-15.2074633798408,-57.4638496407296));
#3934=CARTESIAN_POINT('',(-84.3143314580613,-15.2074633798405,-62.4638496407296));
#3935=CARTESIAN_POINT('',(-84.3143314580613,-15.2074633798405,-62.4638496407296));
#3936=CARTESIAN_POINT('Origin',(-85.9143314580613,-15.2074633798405,-62.4638496407296));
#3937=CARTESIAN_POINT('Origin',(-110.81417105361,-27.014580637295,-34.9126721219772));
#3938=CARTESIAN_POINT('',(-106.314171053611,-15.2074633798414,-54.8638496407296));
#3939=CARTESIAN_POINT('Origin',(-103.439211154723,-13.2074633798408,-64.9638496378706));
#3940=CARTESIAN_POINT('',(-84.9603922431585,-13.2074633798402,-66.9638496378707));
#3941=CARTESIAN_POINT('',(-103.439211154723,-13.2074633798407,-66.9638496378706));
#3942=CARTESIAN_POINT('Ctrl Pts',(-85.2001886051991,-15.2074633798403,-64.9638496378708));
#3943=CARTESIAN_POINT('Ctrl Pts',(-85.1996792007861,-15.2074633798403,-64.9674875129744));
#3944=CARTESIAN_POINT('Ctrl Pts',(-85.1991703318249,-15.2074534542377,-64.9711254567001));
#3945=CARTESIAN_POINT('Ctrl Pts',(-85.1611728999491,-15.2059695059347,-65.2430614613854));
#3946=CARTESIAN_POINT('Ctrl Pts',(-85.1269941128057,-15.1505294247758,-65.5087802723389));
#3947=CARTESIAN_POINT('Ctrl Pts',(-85.067613213476,-14.9411341237607,-65.9942600634853));
#3948=CARTESIAN_POINT('Ctrl Pts',(-85.0426763545639,-14.7927685710252,-66.2106781681127));
#3949=CARTESIAN_POINT('Ctrl Pts',(-85.0019495474115,-14.4217518794536,-66.5739910235022));
#3950=CARTESIAN_POINT('Ctrl Pts',(-84.986493354296,-14.2030912675164,-66.717721721552));
#3951=CARTESIAN_POINT('Ctrl Pts',(-84.9656274656694,-13.7230933757558,-66.9135029004549));
#3952=CARTESIAN_POINT('Ctrl Pts',(-84.9603922431585,-13.4665504108092,-66.9638496378707));
#3953=CARTESIAN_POINT('Ctrl Pts',(-84.9603922431585,-13.2074633798403,-66.9638496378707));
#3954=CARTESIAN_POINT('Origin',(-110.814171053611,-10.7074633798408,-66.9638496378705));
#3955=CARTESIAN_POINT('',(-84.9603922431585,-10.7074633798403,-66.9638496378705));
#3956=CARTESIAN_POINT('',(-106.314171053611,-10.7074633798406,-66.9638496378705));
#3957=CARTESIAN_POINT('',(-84.9603922431585,-10.7074633798403,-66.9638496378705));
#3958=CARTESIAN_POINT('',(-84.9603922431585,-10.7074633798403,-66.9638496378705));
#3959=CARTESIAN_POINT('',(-106.314171053612,57.1761399901241,-66.9638496378668));
#3960=CARTESIAN_POINT('',(-108.564171053612,57.176139990124,-66.9638496378668));
#3961=CARTESIAN_POINT('',(-106.314171053612,41.7052391476329,-66.9638496378677));
#3962=CARTESIAN_POINT('Origin',(-106.314171053611,24.9761399901239,-63.016586377541));
#3963=CARTESIAN_POINT('',(-105.711563559143,24.9761399901214,-16.4165863775409));
#3964=CARTESIAN_POINT('',(-108.564171053611,24.9761399901213,-16.4165863775409));
#3965=CARTESIAN_POINT('',(-78.0932041602345,24.9761399901205,11.0822678376391));
#3966=CARTESIAN_POINT('',(-78.0932041602345,24.9761399901205,11.0822678376391));
#3967=CARTESIAN_POINT('',(-82.5850479717786,24.9761399901202,15.0521277254524));
#3968=CARTESIAN_POINT('',(-69.8726377154299,24.9761399901211,3.81698917846927));
#3969=CARTESIAN_POINT('',(-82.5932041602346,24.9761399901202,15.0439715369966));
#3970=CARTESIAN_POINT('',(-107.288585362213,24.976139990121,-9.6514096649822));
#3971=CARTESIAN_POINT('',(-82.5932041602344,24.9761399901202,15.0439715369984));
#3972=CARTESIAN_POINT('Origin',(-108.564171053611,22.9761399901213,-16.416586377541));
#3973=CARTESIAN_POINT('',(-106.314171053611,24.8840183929552,-17.0165863775412));
#3974=CARTESIAN_POINT('Origin',(-105.711563559143,22.9761399901214,-16.416586377541));
#3975=CARTESIAN_POINT('',(-106.314171053611,22.9761399901215,-18.416586377541));
#3976=CARTESIAN_POINT('',(-108.564171053611,22.9761399901214,-18.416586377541));
#3977=CARTESIAN_POINT('Origin',(-106.314171053611,22.9761399901214,-16.416586377541));
#3978=CARTESIAN_POINT('Origin',(-91.2330494830483,-21.1110220085683,-34.9126721219769));
#3979=CARTESIAN_POINT('',(-89.582130638056,-21.1110220085683,-34.9126721219769));
#3980=CARTESIAN_POINT('Origin',(-100.233194601999,-21.112091033301,-34.9126721219769));
#3981=CARTESIAN_POINT('',(-98.6322011729845,-21.112091033301,-34.9126721219769));
#3982=CARTESIAN_POINT('Origin',(-82.235076031369,-21.1104057754934,-34.9126721219769));
#3983=CARTESIAN_POINT('',(-80.636915749905,-21.1104057754934,-34.9126721219769));
#3984=CARTESIAN_POINT('Origin',(-106.314171053611,-15.2074633798424,-34.9126721219766));
#3985=CARTESIAN_POINT('',(-106.314171053611,-15.2074633798424,-34.9126721219766));
#3986=CARTESIAN_POINT('Origin',(-92.2036876069238,57.1761399901196,22.6970180086126));
#3987=CARTESIAN_POINT('',(-75.0932041602354,59.1126316632237,23.1970180086126));
#3988=CARTESIAN_POINT('',(-75.0932041602354,59.1761399901199,22.6970180086127));
#3989=CARTESIAN_POINT('Origin',(-75.0932041602352,57.1761399901199,22.6970180086126));
#3990=CARTESIAN_POINT('',(-79.5932041602354,59.1761399901198,22.6970180086127));
#3991=CARTESIAN_POINT('',(-92.2036876069238,59.1761399901196,22.6970180086127));
#3992=CARTESIAN_POINT('',(-79.5932041602353,57.1761399901198,24.6970180086126));
#3993=CARTESIAN_POINT('Origin',(-79.5932041602352,57.1761399901198,22.6970180086126));
#3994=CARTESIAN_POINT('',(-76.5932041602353,57.1761399901199,24.6970180086126));
#3995=CARTESIAN_POINT('',(-92.2036876069238,57.1761399901196,24.6970180086126));
#3996=CARTESIAN_POINT('Origin',(-74.5932041602353,57.17613999012,22.6970180086126));
#3997=CARTESIAN_POINT('Origin',(-75.8432041602351,48.968120594736,23.9470180086126));
#3998=CARTESIAN_POINT('',(-76.5932041602343,20.3440624085837,24.6970180086126));
#3999=CARTESIAN_POINT('',(-76.5932041602351,48.968120594736,24.6970180086126));
#4000=CARTESIAN_POINT('',(-75.0932041602343,18.40757073548,23.1970180086126));
#4001=CARTESIAN_POINT('Origin',(-74.5932041602343,20.3440624085837,22.6970180086126));
#4002=CARTESIAN_POINT('',(-75.0932041602351,48.968120594736,23.1970180086126));
#4003=CARTESIAN_POINT('Origin',(-78.0932041602354,59.1761399901199,24.6970180086126));
#4004=CARTESIAN_POINT('',(-79.5932041602343,20.3440624085836,24.6970180086126));
#4005=CARTESIAN_POINT('',(-79.5932041602351,48.9681205947359,24.6970180086126));
#4006=CARTESIAN_POINT('',(-80.3432041602343,20.3440624085836,24.6970180086126));
#4007=CARTESIAN_POINT('Origin',(-79.5932041602348,38.7601011993519,19.8704947728046));
#4008=CARTESIAN_POINT('',(-79.5932041602354,59.1761399901201,18.0439715369984));
#4009=CARTESIAN_POINT('',(-79.5932041602353,59.176139990121,1.42695419763319));
#4010=CARTESIAN_POINT('',(-79.5932041602353,56.4702100587893,18.0439715369983));
#4011=CARTESIAN_POINT('',(-79.5932041602345,28.5520818039677,18.0439715369968));
#4012=CARTESIAN_POINT('',(-79.5932041602352,54.2827457309906,23.0970180086126));
#4013=CARTESIAN_POINT('Origin',(-79.5932041602352,54.2827457309906,20.0970180086126));
#4014=CARTESIAN_POINT('',(-79.5932041602349,44.2827457309906,23.0970180086126));
#4015=CARTESIAN_POINT('',(-79.593204160235,46.5214234651713,23.0970180086126));
#4016=CARTESIAN_POINT('',(-79.5932041602349,42.0952814031926,18.0439715369975));
#4017=CARTESIAN_POINT('Origin',(-79.5932041602349,44.2827457309906,20.0970180086126));
#4018=CARTESIAN_POINT('',(-79.5932041602347,35.4245267363812,18.0439715369971));
#4019=CARTESIAN_POINT('',(-79.5932041602345,28.5520818039677,18.0439715369968));
#4020=CARTESIAN_POINT('',(-79.5932041602346,33.2370624085836,23.0970180086126));
#4021=CARTESIAN_POINT('Origin',(-79.5932041602346,33.2370624085836,20.0970180086126));
#4022=CARTESIAN_POINT('',(-79.5932041602344,23.2370624085836,23.0970180086126));
#4023=CARTESIAN_POINT('',(-79.5932041602347,35.9985818039677,23.0970180086126));
#4024=CARTESIAN_POINT('',(-79.5932041602343,21.0495980807866,18.0439715369964));
#4025=CARTESIAN_POINT('Origin',(-79.5932041602344,23.2370624085836,20.0970180086126));
#4026=CARTESIAN_POINT('',(-79.5932041602343,18.3440624085836,18.0439715369962));
#4027=CARTESIAN_POINT('',(-79.5932041602345,28.5520818039677,18.0439715369968));
#4028=CARTESIAN_POINT('',(-79.5932041602343,18.3440624085836,22.6970180086126));
#4029=CARTESIAN_POINT('',(-79.5932041602343,18.3440624085836,17.4572331549008));
#4030=CARTESIAN_POINT('Origin',(-79.5932041602343,20.3440624085836,22.6970180086126));
#4031=CARTESIAN_POINT('Origin',(-110.814171053611,-10.7074633798434,-18.4165863775428));
#4032=CARTESIAN_POINT('',(-106.314171053611,-10.7074633798432,-20.4165863775428));
#4033=CARTESIAN_POINT('',(-106.314171053611,-10.7074633798428,-28.6889944099791));
#4034=CARTESIAN_POINT('',(-110.814171053611,-10.7074633798433,-20.4165863775428));
#4035=CARTESIAN_POINT('Origin',(-85.9143314580614,-13.2074633798405,-62.4638496407295));
#4036=CARTESIAN_POINT('',(-81.3143314580614,-13.2074633798404,-62.4638496407295));
#4037=CARTESIAN_POINT('Origin',(-85.9143314580614,-13.2074633798405,-62.4638496407295));
#4038=CARTESIAN_POINT('Origin',(-83.3143314580614,-13.2074633798404,-62.4638496407295));
#4039=CARTESIAN_POINT('Origin',(-83.3143314580614,-13.2074633798405,-61.1888496400148));
#4040=CARTESIAN_POINT('',(-81.3143314580614,-13.2074633798407,-57.4638496407295));
#4041=CARTESIAN_POINT('Origin',(-83.3143314580614,-13.2074633798407,-57.4638496407295));
#4042=CARTESIAN_POINT('',(-81.3143314580614,-13.2074633798405,-61.1888496400148));
#4043=CARTESIAN_POINT('Origin',(-85.9143314580614,-13.2074633798408,-57.4638496407295));
#4044=CARTESIAN_POINT('',(-85.9143314580614,-13.207463379841,-52.8638496407295));
#4045=CARTESIAN_POINT('Origin',(-85.9143314580614,-13.2074633798409,-54.8638496407295));
#4046=CARTESIAN_POINT('Origin',(-85.9143314580614,-13.2074633798408,-57.4638496407295));
#4047=CARTESIAN_POINT('Origin',(-90.9892913569487,-13.207463379841,-54.8638496407295));
#4048=CARTESIAN_POINT('',(-106.314171053611,-13.2074633798415,-52.8638496407295));
#4049=CARTESIAN_POINT('Origin',(-106.314171053611,-13.2074633798414,-54.8638496407295));
#4050=CARTESIAN_POINT('',(-90.9892913569487,-13.2074633798411,-52.8638496407295));
#4051=CARTESIAN_POINT('Origin',(-99.6404178247705,-10.7074633798408,-62.3638496378704));
#4052=CARTESIAN_POINT('',(-99.6404178247705,-10.7074633798408,-62.3638496378704));
#4053=CARTESIAN_POINT('',(-98.0671383412288,-10.7074633798406,-65.0888496378704));
#4054=CARTESIAN_POINT('',(-99.7238375631622,-10.7074633798408,-62.2193624126219));
#4055=CARTESIAN_POINT('',(-99.6404178247704,-14.2074633798408,-62.3638496378706));
#4056=CARTESIAN_POINT('',(-99.6404178247705,-10.7074633798408,-62.3638496378704));
#4057=CARTESIAN_POINT('',(-98.0671383412287,-14.2074633798406,-65.0888496378706));
#4058=CARTESIAN_POINT('',(-98.0671383412287,-14.2074633798406,-65.0888496378706));
#4059=CARTESIAN_POINT('',(-98.0671383412288,-10.7074633798406,-65.0888496378704));
#4060=CARTESIAN_POINT('Origin',(-99.6404178247704,-10.7074633798411,-57.3638496378704));
#4061=CARTESIAN_POINT('',(-99.6404178247704,-10.7074633798411,-57.3638496378704));
#4062=CARTESIAN_POINT('',(-99.6404178247704,-10.707463379841,-58.6388496385851));
#4063=CARTESIAN_POINT('',(-99.6404178247703,-14.2074633798411,-57.3638496378706));
#4064=CARTESIAN_POINT('',(-99.6404178247704,-10.7074633798411,-57.3638496378704));
#4065=CARTESIAN_POINT('',(-99.6404178247704,-14.2074633798408,-62.3638496378706));
#4066=CARTESIAN_POINT('Origin',(-98.0671383412286,-10.7074633798412,-54.6388496378704));
#4067=CARTESIAN_POINT('',(-98.0671383412286,-10.7074633798412,-54.6388496378704));
#4068=CARTESIAN_POINT('',(-98.9588484571047,-10.7074633798411,-56.183336864191));
#4069=CARTESIAN_POINT('',(-98.0671383412285,-14.2074633798412,-54.6388496378706));
#4070=CARTESIAN_POINT('',(-98.0671383412286,-10.7074633798412,-54.6388496378704));
#4071=CARTESIAN_POINT('',(-99.6404178247703,-14.2074633798411,-57.3638496378706));
#4072=CARTESIAN_POINT('Origin',(-94.9205793741451,-10.7074633798411,-54.6388496378705));
#4073=CARTESIAN_POINT('',(-94.9205793741451,-10.7074633798411,-54.6388496378705));
#4074=CARTESIAN_POINT('',(-95.4924153149905,-10.7074633798411,-54.6388496378705));
#4075=CARTESIAN_POINT('',(-94.920579374145,-14.2074633798411,-54.6388496378707));
#4076=CARTESIAN_POINT('',(-94.9205793741451,-10.7074633798411,-54.6388496378705));
#4077=CARTESIAN_POINT('',(-98.0671383412285,-14.2074633798412,-54.6388496378706));
#4078=CARTESIAN_POINT('Origin',(-93.3472998906034,-10.707463379841,-57.3638496378705));
#4079=CARTESIAN_POINT('',(-93.3472998906034,-10.707463379841,-57.3638496378705));
#4080=CARTESIAN_POINT('',(-93.1348276160354,-10.7074633798409,-57.731862412622));
#4081=CARTESIAN_POINT('',(-93.3472998906034,-14.207463379841,-57.3638496378707));
#4082=CARTESIAN_POINT('',(-93.3472998906034,-10.707463379841,-57.3638496378705));
#4083=CARTESIAN_POINT('',(-94.920579374145,-14.2074633798411,-54.6388496378707));
#4084=CARTESIAN_POINT('Origin',(-93.3472998906035,-10.7074633798407,-62.3638496378706));
#4085=CARTESIAN_POINT('',(-93.3472998906035,-10.7074633798407,-62.3638496378706));
#4086=CARTESIAN_POINT('',(-93.3472998906035,-10.7074633798407,-61.1388496385853));
#4087=CARTESIAN_POINT('',(-93.3472998906035,-14.2074633798407,-62.3638496378708));
#4088=CARTESIAN_POINT('',(-93.3472998906035,-10.7074633798407,-62.3638496378706));
#4089=CARTESIAN_POINT('',(-93.3472998906034,-14.207463379841,-57.3638496378707));
#4090=CARTESIAN_POINT('Origin',(-94.9205793741453,-10.7074633798406,-65.0888496378705));
#4091=CARTESIAN_POINT('',(-94.9205793741453,-10.7074633798406,-65.0888496378705));
#4092=CARTESIAN_POINT('',(-93.94311799352,-10.7074633798406,-63.3958368641911));
#4093=CARTESIAN_POINT('',(-94.9205793741453,-14.2074633798406,-65.0888496378707));
#4094=CARTESIAN_POINT('',(-94.9205793741453,-10.7074633798406,-65.0888496378705));
#4095=CARTESIAN_POINT('',(-93.3472998906035,-14.2074633798407,-62.3638496378707));
#4096=CARTESIAN_POINT('Origin',(-98.0671383412288,-10.7074633798406,-65.0888496378704));
#4097=CARTESIAN_POINT('',(-97.0656947985325,-10.7074633798406,-65.0888496378705));
#4098=CARTESIAN_POINT('',(-94.9205793741453,-14.2074633798406,-65.0888496378707));
#4099=CARTESIAN_POINT('Origin',(-96.4938588576869,-14.2074633798409,-59.8638496378707));
#4100=CARTESIAN_POINT('',(-94.8938588576867,-14.207463379841,-57.3638496378707));
#4101=CARTESIAN_POINT('',(-94.8938588576869,-14.2074633798407,-62.3638496378707));
#4102=CARTESIAN_POINT('',(-94.8938588576868,-14.2074633798409,-58.6138496378707));
#4103=CARTESIAN_POINT('',(-98.0938588576867,-14.207463379841,-57.3638496378706));
#4104=CARTESIAN_POINT('Origin',(-96.4938588576868,-14.207463379841,-57.3638496378707));
#4105=CARTESIAN_POINT('',(-98.0938588576869,-14.2074633798408,-62.3638496378707));
#4106=CARTESIAN_POINT('',(-98.0938588576869,-14.2074633798408,-61.1138496378706));
#4107=CARTESIAN_POINT('Origin',(-96.4938588576869,-14.2074633798407,-62.3638496378707));
#4108=CARTESIAN_POINT('Origin',(-87.487610941603,-10.707463379841,-54.7388496407292));
#4109=CARTESIAN_POINT('',(-87.487610941603,-10.707463379841,-54.7388496407292));
#4110=CARTESIAN_POINT('',(-89.0608904251449,-10.7074633798409,-57.4638496407292));
#4111=CARTESIAN_POINT('',(-89.6801113467191,-10.7074633798408,-58.5363717380051));
#4112=CARTESIAN_POINT('',(-87.4876109416029,-14.207463379841,-54.7388496407294));
#4113=CARTESIAN_POINT('',(-87.487610941603,-10.707463379841,-54.7388496407292));
#4114=CARTESIAN_POINT('',(-89.0608904251448,-14.2074633798409,-57.4638496407293));
#4115=CARTESIAN_POINT('',(-89.0608904251448,-14.2074633798409,-57.4638496407293));
#4116=CARTESIAN_POINT('',(-89.0608904251449,-10.7074633798409,-57.4638496407292));
#4117=CARTESIAN_POINT('Origin',(-84.3410519745195,-10.7074633798409,-54.7388496407294));
#4118=CARTESIAN_POINT('',(-84.3410519745195,-10.7074633798409,-54.7388496407294));
#4119=CARTESIAN_POINT('',(-90.2026516151776,-10.707463379841,-54.7388496407291));
#4120=CARTESIAN_POINT('',(-84.3410519745194,-14.2074633798409,-54.7388496407296));
#4121=CARTESIAN_POINT('',(-84.3410519745195,-10.7074633798409,-54.7388496407294));
#4122=CARTESIAN_POINT('',(-87.4876109416029,-14.207463379841,-54.7388496407294));
#4123=CARTESIAN_POINT('Origin',(-82.767772490978,-10.7074633798407,-57.4638496407295));
#4124=CARTESIAN_POINT('',(-82.767772490978,-10.7074633798407,-57.4638496407295));
#4125=CARTESIAN_POINT('',(-83.8993917770765,-10.7074633798408,-55.5038275423818));
#4126=CARTESIAN_POINT('',(-82.7677724909779,-14.2074633798407,-57.4638496407297));
#4127=CARTESIAN_POINT('',(-82.767772490978,-10.7074633798407,-57.4638496407295));
#4128=CARTESIAN_POINT('',(-84.3410519745195,-14.2074633798409,-54.7388496407296));
#4129=CARTESIAN_POINT('Origin',(-82.7677724909779,-10.7074633798404,-62.4638496407294));
#4130=CARTESIAN_POINT('',(-82.7677724909779,-10.7074633798404,-62.4638496407294));
#4131=CARTESIAN_POINT('',(-82.7677724909779,-10.7074633798405,-61.1888496400145));
#4132=CARTESIAN_POINT('',(-82.7677724909778,-14.2074633798404,-62.4638496407296));
#4133=CARTESIAN_POINT('',(-82.7677724909779,-10.7074633798404,-62.4638496407294));
#4134=CARTESIAN_POINT('',(-82.7677724909779,-14.2074633798407,-57.4638496407297));
#4135=CARTESIAN_POINT('Origin',(-84.3410519745197,-10.7074633798403,-65.1888496407295));
#4136=CARTESIAN_POINT('',(-84.3410519745197,-10.7074633798403,-65.1888496407295));
#4137=CARTESIAN_POINT('',(-84.6643808831341,-10.7074633798403,-65.7488717380054));
#4138=CARTESIAN_POINT('',(-84.3410519745196,-14.2074633798403,-65.1888496407297));
#4139=CARTESIAN_POINT('',(-84.3410519745197,-10.7074633798403,-65.1888496407295));
#4140=CARTESIAN_POINT('',(-82.7677724909778,-14.2074633798404,-62.4638496407296));
#4141=CARTESIAN_POINT('Origin',(-87.4876109416033,-10.7074633798404,-65.1888496407294));
#4142=CARTESIAN_POINT('',(-87.4876109416033,-10.7074633798404,-65.1888496407294));
#4143=CARTESIAN_POINT('',(-91.7759310987197,-10.7074633798405,-65.1888496407293));
#4144=CARTESIAN_POINT('',(-87.4876109416032,-14.2074633798404,-65.1888496407296));
#4145=CARTESIAN_POINT('',(-87.4876109416033,-10.7074633798404,-65.1888496407294));
#4146=CARTESIAN_POINT('',(-84.3410519745196,-14.2074633798403,-65.1888496407297));
#4147=CARTESIAN_POINT('Origin',(-89.060890425145,-10.7074633798406,-62.4638496407293));
#4148=CARTESIAN_POINT('',(-89.060890425145,-10.7074633798406,-62.4638496407293));
#4149=CARTESIAN_POINT('',(-90.4884017242034,-10.7074633798407,-59.9913275423815));
#4150=CARTESIAN_POINT('',(-89.0608904251449,-14.2074633798406,-62.4638496407295));
#4151=CARTESIAN_POINT('',(-89.060890425145,-10.7074633798406,-62.4638496407293));
#4152=CARTESIAN_POINT('',(-87.4876109416032,-14.2074633798404,-65.1888496407296));
#4153=CARTESIAN_POINT('Origin',(-89.0608904251449,-10.7074633798409,-57.4638496407292));
#4154=CARTESIAN_POINT('',(-89.0608904251449,-10.7074633798408,-58.6888496400146));
#4155=CARTESIAN_POINT('',(-89.0608904251449,-14.2074633798406,-62.4638496407295));
#4156=CARTESIAN_POINT('Origin',(-85.9143314580614,-14.2074633798407,-59.9638496407295));
#4157=CARTESIAN_POINT('',(-84.3143314580613,-14.2074633798405,-62.4638496407295));
#4158=CARTESIAN_POINT('',(-87.5143314580613,-14.2074633798406,-62.4638496407295));
#4159=CARTESIAN_POINT('Origin',(-85.9143314580613,-14.2074633798405,-62.4638496407295));
#4160=CARTESIAN_POINT('',(-84.3143314580613,-14.2074633798408,-57.4638496407295));
#4161=CARTESIAN_POINT('',(-84.3143314580613,-14.2074633798407,-58.7138496407295));
#4162=CARTESIAN_POINT('',(-87.5143314580613,-14.2074633798408,-57.4638496407295));
#4163=CARTESIAN_POINT('Origin',(-85.9143314580613,-14.2074633798408,-57.4638496407295));
#4164=CARTESIAN_POINT('',(-87.5143314580613,-14.2074633798406,-61.2138496407295));
#4165=CARTESIAN_POINT('Origin',(-98.093858857687,-10.7074633798408,-62.3638496378705));
#4166=CARTESIAN_POINT('',(-98.0938588576868,-10.7074633798411,-57.3638496378704));
#4167=CARTESIAN_POINT('',(-98.093858857687,-10.7074633798408,-62.3638496378705));
#4168=CARTESIAN_POINT('Origin',(-96.4938588576869,-10.707463379841,-57.3638496378705));
#4169=CARTESIAN_POINT('',(-94.8938588576868,-10.707463379841,-57.3638496378706));
#4170=CARTESIAN_POINT('Origin',(-85.9143314580614,-10.7074633798408,-57.4638496407294));
#4171=CARTESIAN_POINT('',(-84.3143314580614,-10.7074633798407,-57.4638496407294));
#4172=CARTESIAN_POINT('',(-87.5143314580614,-10.7074633798408,-57.4638496407294));
#4173=CARTESIAN_POINT('Origin',(-84.3143314580614,-10.7074633798407,-57.4638496407294));
#4174=CARTESIAN_POINT('',(-84.3143314580614,-10.7074633798405,-62.4638496407294));
#4175=CARTESIAN_POINT('Origin',(-81.2562435446844,20.3440624085836,16.5468894020618));
#4176=CARTESIAN_POINT('',(-78.0932041602344,20.3440624085837,11.0822678376388));
#4177=CARTESIAN_POINT('',(-76.6763023391988,18.3440624085837,12.4991696586741));
#4178=CARTESIAN_POINT('Origin',(-76.6763023391989,20.3440624085837,12.4991696586742));
#4179=CARTESIAN_POINT('',(-81.1681461507429,18.3440624085836,16.4690295464876));
#4180=CARTESIAN_POINT('',(-81.2562435446843,18.3440624085836,16.5468894020618));
#4181=CARTESIAN_POINT('',(-82.5850479717784,20.3440624085836,15.0521277254522));
#4182=CARTESIAN_POINT('Origin',(-81.168146150743,20.3440624085836,16.4690295464876));
#4183=CARTESIAN_POINT('',(-82.5806997371284,20.3440624085836,15.0482847863287));
#4184=CARTESIAN_POINT('Origin',(-82.5758193527147,24.9761399901202,15.0439715369966));
#4185=CARTESIAN_POINT('',(-82.5850479717786,26.764110897044,15.0521277254525));
#4186=CARTESIAN_POINT('',(-78.0932041602345,24.9761399901205,11.0822678376391));
#4187=CARTESIAN_POINT('Origin',(-81.0932041602345,28.5520818039678,16.5439715369968));
#4188=CARTESIAN_POINT('',(-80.5401576886191,33.2370624085836,17.0970180086126));
#4189=CARTESIAN_POINT('Origin',(-77.5401576886191,33.2370624085836,20.0970180086126));
#4190=CARTESIAN_POINT('',(-80.54015768862,44.2827457309906,17.0970180086126));
#4191=CARTESIAN_POINT('Origin',(-77.54015768862,44.2827457309907,20.0970180086126));
#4192=CARTESIAN_POINT('',(-80.5401576886207,54.2827457309906,17.0970180086126));
#4193=CARTESIAN_POINT('',(-80.5401576886197,41.4174137674792,17.0970180086126));
#4194=CARTESIAN_POINT('Origin',(-77.5401576886208,54.2827457309907,20.0970180086126));
#4195=CARTESIAN_POINT('',(-82.5932041602354,59.1761399901202,15.0439715369984));
#4196=CARTESIAN_POINT('',(-95.7885853622139,59.1761399901206,1.84859033501973));
#4197=CARTESIAN_POINT('',(-82.5932041602336,-7.29154507189853,15.0439715369984));
#4198=CARTESIAN_POINT('',(-81.8432041602339,18.3440624085835,15.7939715369965));
#4199=CARTESIAN_POINT('',(-80.5401576886183,23.2370624085835,17.0970180086126));
#4200=CARTESIAN_POINT('Origin',(-77.5401576886183,23.2370624085836,20.0970180086126));
#4201=CARTESIAN_POINT('',(-80.5401576886189,30.8945721062757,17.0970180086126));
#4202=CARTESIAN_POINT('Origin',(-110.814171053611,-8.70746337984332,-20.4165863775427));
#4203=CARTESIAN_POINT('',(-106.314171053611,-8.70746337984333,-18.4165863775427));
#4204=CARTESIAN_POINT('Origin',(-106.314171053611,-8.70746337984322,-20.4165863775427));
#4205=CARTESIAN_POINT('',(-110.814171053611,-8.70746337984343,-18.4165863775427));
#4206=CARTESIAN_POINT('Origin',(-110.814171053611,24.9761399901214,-18.4165863775409));
#4207=CARTESIAN_POINT('',(-106.314171053611,16.0552391476298,-18.4165863775414));
#4208=CARTESIAN_POINT('Origin',(-108.564171053611,22.976139990122,-29.416586377541));
#4209=CARTESIAN_POINT('',(-106.314171053611,24.9761399901221,-29.4165863775409));
#4210=CARTESIAN_POINT('',(-106.314171053611,22.976139990122,-27.416586377541));
#4211=CARTESIAN_POINT('Origin',(-106.314171053611,22.976139990122,-29.416586377541));
#4212=CARTESIAN_POINT('',(-108.564171053611,22.9761399901219,-27.416586377541));
#4213=CARTESIAN_POINT('',(-108.564171053611,24.976139990122,-29.4165863775409));
#4214=CARTESIAN_POINT('Origin',(-110.814171053611,-1.70746337984294,-27.4165863775424));
#4215=CARTESIAN_POINT('',(-106.314171053611,0.292536620157161,-27.4165863775422));
#4216=CARTESIAN_POINT('',(-106.314171053611,2.71343746264792,-27.4165863775421));
#4217=CARTESIAN_POINT('',(-110.814171053611,0.292536620157058,-27.4165863775422));
#4218=CARTESIAN_POINT('Origin',(-98.2673698268016,59.1761399901209,-4.77920655648627));
#4219=CARTESIAN_POINT('',(-99.7673698268016,59.1761399901209,-4.77920655648627));
#4220=CARTESIAN_POINT('Origin',(-98.2673698268016,59.1761399901209,-4.77920655648627));
#4221=CARTESIAN_POINT('',(-99.7673698268014,51.1761399901209,-4.7792065564867));
#4222=CARTESIAN_POINT('',(-99.7673698268016,59.1761399901209,-4.77920655648627));
#4223=CARTESIAN_POINT('Origin',(-98.2673698268014,51.1761399901209,-4.77920655648671));
#4224=CARTESIAN_POINT('Origin',(-98.2673698268014,51.1761399901209,-4.77920655648671));
#4225=CARTESIAN_POINT('Origin',(-87.6400053870458,59.1761399901206,5.80659171594531));
#4226=CARTESIAN_POINT('',(-89.1400053870458,59.1761399901205,5.80659171594531));
#4227=CARTESIAN_POINT('Origin',(-87.6400053870458,59.1761399901206,5.80659171594531));
#4228=CARTESIAN_POINT('',(-89.1400053870457,51.1761399901205,5.80659171594488));
#4229=CARTESIAN_POINT('',(-89.1400053870458,59.1761399901205,5.80659171594531));
#4230=CARTESIAN_POINT('Origin',(-87.6400053870457,51.1761399901206,5.80659171594488));
#4231=CARTESIAN_POINT('Origin',(-87.6400053870457,51.1761399901206,5.80659171594488));
#4232=CARTESIAN_POINT('Origin',(-79.5932041602346,33.2370624085836,23.0970180086126));
#4233=CARTESIAN_POINT('',(-76.5932041602346,33.2370624085836,23.0970180086126));
#4234=CARTESIAN_POINT('',(-79.5932041602346,33.2370624085836,23.0970180086126));
#4235=CARTESIAN_POINT('',(-76.5932041602344,23.2370624085836,23.0970180086126));
#4236=CARTESIAN_POINT('',(-76.5932041602344,23.2370624085836,23.0970180086126));
#4237=CARTESIAN_POINT('',(-79.5932041602344,23.2370624085836,23.0970180086126));
#4238=CARTESIAN_POINT('Origin',(-79.5932041602346,33.2370624085836,20.0970180086126));
#4239=CARTESIAN_POINT('',(-76.5932041602346,33.2370624085837,17.0970180086126));
#4240=CARTESIAN_POINT('',(-79.5932041602346,33.2370624085836,17.0970180086126));
#4241=CARTESIAN_POINT('Origin',(-76.5932041602346,33.2370624085837,20.0970180086126));
#4242=CARTESIAN_POINT('Origin',(-79.5932041602344,23.2370624085836,17.0970180086126));
#4243=CARTESIAN_POINT('',(-76.5932041602344,23.2370624085837,17.0970180086126));
#4244=CARTESIAN_POINT('',(-79.5932041602344,23.2370624085836,17.0970180086126));
#4245=CARTESIAN_POINT('',(-76.5932041602346,33.2370624085837,17.0970180086126));
#4246=CARTESIAN_POINT('Origin',(-79.5932041602344,23.2370624085836,20.0970180086126));
#4247=CARTESIAN_POINT('Origin',(-76.5932041602344,23.2370624085836,20.0970180086126));
#4248=CARTESIAN_POINT('Origin',(-76.5932041602345,28.2370624085836,20.0970180086126));
#4249=CARTESIAN_POINT('',(-76.5932041602346,33.2370624085836,18.4970180086126));
#4250=CARTESIAN_POINT('',(-76.5932041602344,23.2370624085836,18.4970180086126));
#4251=CARTESIAN_POINT('',(-76.5932041602344,25.7370624085837,18.4970180086126));
#4252=CARTESIAN_POINT('',(-76.5932041602346,33.2370624085836,21.6970180086126));
#4253=CARTESIAN_POINT('Origin',(-76.5932041602346,33.2370624085836,20.0970180086126));
#4254=CARTESIAN_POINT('',(-76.5932041602344,23.2370624085836,21.6970180086126));
#4255=CARTESIAN_POINT('',(-76.5932041602346,30.7370624085836,21.6970180086126));
#4256=CARTESIAN_POINT('Origin',(-76.5932041602344,23.2370624085836,20.0970180086126));
#4257=CARTESIAN_POINT('Origin',(-79.5932041602352,54.2827457309906,20.0970180086126));
#4258=CARTESIAN_POINT('',(-76.5932041602352,54.2827457309907,17.0970180086126));
#4259=CARTESIAN_POINT('',(-79.5932041602352,54.2827457309906,17.0970180086126));
#4260=CARTESIAN_POINT('',(-76.5932041602352,54.2827457309907,23.0970180086126));
#4261=CARTESIAN_POINT('Origin',(-76.5932041602352,54.2827457309907,20.0970180086126));
#4262=CARTESIAN_POINT('',(-79.5932041602352,54.2827457309906,23.0970180086126));
#4263=CARTESIAN_POINT('Origin',(-79.5932041602349,44.2827457309906,17.0970180086126));
#4264=CARTESIAN_POINT('',(-76.5932041602349,44.2827457309907,17.0970180086126));
#4265=CARTESIAN_POINT('',(-79.5932041602349,44.2827457309906,17.0970180086126));
#4266=CARTESIAN_POINT('',(-76.5932041602352,54.2827457309907,17.0970180086126));
#4267=CARTESIAN_POINT('Origin',(-79.5932041602349,44.2827457309906,20.0970180086126));
#4268=CARTESIAN_POINT('',(-76.5932041602349,44.2827457309907,23.0970180086126));
#4269=CARTESIAN_POINT('',(-79.5932041602349,44.2827457309906,23.0970180086126));
#4270=CARTESIAN_POINT('Origin',(-76.5932041602349,44.2827457309907,20.0970180086126));
#4271=CARTESIAN_POINT('Origin',(-79.5932041602352,54.2827457309906,23.0970180086126));
#4272=CARTESIAN_POINT('',(-76.5932041602349,44.2827457309907,23.0970180086126));
#4273=CARTESIAN_POINT('Origin',(-76.5932041602351,49.2827457309907,20.0970180086126));
#4274=CARTESIAN_POINT('',(-76.5932041602352,54.2827457309907,18.4970180086126));
#4275=CARTESIAN_POINT('',(-76.5932041602349,44.2827457309907,18.4970180086124));
#4276=CARTESIAN_POINT('',(-76.593204160235,46.7827457309907,18.4970180086124));
#4277=CARTESIAN_POINT('',(-76.5932041602352,54.2827457309907,21.6970180086126));
#4278=CARTESIAN_POINT('Origin',(-76.5932041602352,54.2827457309907,20.0970180086126));
#4279=CARTESIAN_POINT('',(-76.5932041602349,44.2827457309907,21.6970180086123));
#4280=CARTESIAN_POINT('',(-76.5932041602352,51.7827457309907,21.6970180086125));
#4281=CARTESIAN_POINT('Origin',(-76.5932041602349,44.2827457309907,20.0970180086124));
#4282=CARTESIAN_POINT('Origin',(-78.0932041602347,33.2370624085836,21.6970180086126));
#4283=CARTESIAN_POINT('',(-75.0932041602347,33.2370624085837,21.6970180086126));
#4284=CARTESIAN_POINT('',(-78.0932041602347,33.2370624085836,21.6970180086126));
#4285=CARTESIAN_POINT('',(-75.0932041602344,23.2370624085837,21.6970180086126));
#4286=CARTESIAN_POINT('',(-75.0932041602347,35.9985818039679,21.6970180086126));
#4287=CARTESIAN_POINT('',(-78.0932041602344,23.2370624085836,21.6970180086126));
#4288=CARTESIAN_POINT('Origin',(-78.0932041602347,33.2370624085836,20.0970180086126));
#4289=CARTESIAN_POINT('',(-75.0932041602347,33.2370624085837,18.4970180086126));
#4290=CARTESIAN_POINT('',(-78.0932041602347,33.2370624085836,18.4970180086126));
#4291=CARTESIAN_POINT('Origin',(-75.0932041602347,33.2370624085837,20.0970180086126));
#4292=CARTESIAN_POINT('Origin',(-78.0932041602352,54.2827457309906,21.6970180086126));
#4293=CARTESIAN_POINT('',(-75.0932041602352,54.2827457309907,21.6970180086126));
#4294=CARTESIAN_POINT('',(-78.0932041602352,54.2827457309906,21.6970180086126));
#4295=CARTESIAN_POINT('',(-75.093204160235,44.2827457309907,21.6970180086123));
#4296=CARTESIAN_POINT('',(-75.093204160235,46.5214234651714,21.6970180086124));
#4297=CARTESIAN_POINT('',(-78.0932041602349,44.2827457309906,21.6970180086123));
#4298=CARTESIAN_POINT('Origin',(-78.0932041602352,54.2827457309907,20.0970180086126));
#4299=CARTESIAN_POINT('',(-75.0932041602352,54.2827457309908,18.4970180086126));
#4300=CARTESIAN_POINT('',(-78.0932041602352,54.2827457309907,18.4970180086126));
#4301=CARTESIAN_POINT('Origin',(-75.0932041602352,54.2827457309907,20.0970180086126));
#4302=CARTESIAN_POINT('Origin',(-106.314171053612,59.1761399901214,-17.0165863775393));
#4303=CARTESIAN_POINT('',(-82.5932041602354,59.1761399901202,15.0439715369984));
#4304=CARTESIAN_POINT('',(-75.0932041602354,59.1761399901204,14.0822678376409));
#4305=CARTESIAN_POINT('',(-75.0932041602354,59.1761399901206,11.0822678376409));
#4306=CARTESIAN_POINT('',(-78.0932041602353,59.1761399901205,11.0822678376409));
#4307=CARTESIAN_POINT('',(-91.4231594373746,59.1761399901209,-2.24768743949832));
#4308=CARTESIAN_POINT('',(-106.314171053612,59.1761399901214,-17.0165863775393));
#4309=CARTESIAN_POINT('',(-78.0932041602353,59.1761399901205,11.0822678376409));
#4310=CARTESIAN_POINT('',(-106.314171053612,59.176139990124,-64.9638496378667));
#4311=CARTESIAN_POINT('',(-106.314171053612,59.1761399901214,-17.0165863775393));
#4312=CARTESIAN_POINT('',(-108.564171053612,59.1761399901239,-64.9638496378667));
#4313=CARTESIAN_POINT('Origin',(-80.3432041602343,20.3440624085836,22.6970180086126));
#4314=CARTESIAN_POINT('',(-75.0932041602343,18.3440624085837,22.6970180086126));
#4315=CARTESIAN_POINT('',(-80.3432041602343,18.3440624085836,22.6970180086126));
#4316=CARTESIAN_POINT('Origin',(-75.0932041602343,20.3440624085837,22.6970180086126));
#4317=CARTESIAN_POINT('Origin',(-78.0932041602344,23.2370624085836,18.4970180086126));
#4318=CARTESIAN_POINT('',(-75.0932041602344,23.2370624085837,18.4970180086126));
#4319=CARTESIAN_POINT('',(-78.0932041602344,23.2370624085836,18.4970180086126));
#4320=CARTESIAN_POINT('',(-75.0932041602346,30.9985818039679,18.4970180086126));
#4321=CARTESIAN_POINT('Origin',(-78.0932041602344,23.2370624085836,20.0970180086126));
#4322=CARTESIAN_POINT('Origin',(-75.0932041602344,23.2370624085837,20.0970180086126));
#4323=CARTESIAN_POINT('Origin',(-78.0932041602349,44.2827457309907,18.4970180086124));
#4324=CARTESIAN_POINT('',(-75.093204160235,44.2827457309908,18.4970180086124));
#4325=CARTESIAN_POINT('',(-78.0932041602349,44.2827457309907,18.4970180086124));
#4326=CARTESIAN_POINT('',(-75.0932041602349,41.5214234651714,18.4970180086123));
#4327=CARTESIAN_POINT('Origin',(-78.0932041602349,44.2827457309907,20.0970180086124));
#4328=CARTESIAN_POINT('Origin',(-75.093204160235,44.2827457309907,20.0970180086124));
#4329=CARTESIAN_POINT('Origin',(-75.0932041602348,38.7601011993521,16.839642923125));
#4330=CARTESIAN_POINT('',(-75.0932041602343,18.3440624085837,14.0822678376387));
#4331=CARTESIAN_POINT('',(-75.0932041602343,18.3440624085837,24.6970180086126));
#4332=CARTESIAN_POINT('',(-75.0932041602345,28.5520818039679,14.0822678376393));
#4333=CARTESIAN_POINT('Origin',(-82.5932041602343,18.3440624085835,15.0439715369969));
#4334=CARTESIAN_POINT('',(-77.4777782353946,18.3440624085837,11.6976937624784));
#4335=CARTESIAN_POINT('Origin',(-76.5932041602345,28.552081803968,12.5822678376393));
#4336=CARTESIAN_POINT('',(-78.0932041602353,59.1761399901205,11.0822678376409));
#4337=CARTESIAN_POINT('Origin',(-108.564171053612,57.1761399901239,-64.9638496378668));
#4338=CARTESIAN_POINT('Origin',(-106.314171053612,57.176139990124,-64.9638496378668));
#4339=CARTESIAN_POINT('Origin',(-108.564171053611,22.9761399901234,-55.9226721219744));
#4340=CARTESIAN_POINT('',(-106.314171053611,22.9761399901236,-57.9226721219744));
#4341=CARTESIAN_POINT('',(-108.564171053611,22.9761399901235,-57.9226721219744));
#4342=CARTESIAN_POINT('',(-106.314171053611,24.9761399901235,-55.9226721219743));
#4343=CARTESIAN_POINT('Origin',(-106.314171053611,22.9761399901235,-55.9226721219744));
#4344=CARTESIAN_POINT('',(-108.564171053611,24.9761399901234,-55.9226721219743));
#4345=CARTESIAN_POINT('Origin',(-110.814171053611,-5.78940852018129,-57.922672121976));
#4346=CARTESIAN_POINT('',(-106.314171053611,0.292536620158803,-57.9226721219757));
#4347=CARTESIAN_POINT('',(-110.814171053611,0.292536620158702,-57.9226721219757));
#4348=CARTESIAN_POINT('',(-106.314171053611,18.1433657349712,-57.9226721219747));
#4349=CARTESIAN_POINT('Origin',(-110.814171053611,0.292536620158594,-55.9226721219757));
#4350=CARTESIAN_POINT('',(-106.314171053611,-1.7074633798413,-55.9226721219758));
#4351=CARTESIAN_POINT('',(-110.814171053611,-1.70746337984141,-55.9226721219758));
#4352=CARTESIAN_POINT('Origin',(-106.314171053611,0.292536620158697,-55.9226721219757));
#4353=CARTESIAN_POINT('Origin',(-110.814171053611,-1.70746337984121,-59.5062185072868));
#4354=CARTESIAN_POINT('',(-106.314171053611,-1.70746337984273,-29.4165863775424));
#4355=CARTESIAN_POINT('',(-110.814171053611,-1.70746337984283,-29.4165863775424));
#4356=CARTESIAN_POINT('',(-106.314171053611,-1.70746337984166,-49.2338104748508));
#4357=CARTESIAN_POINT('Origin',(-110.814171053611,0.292536620157166,-29.4165863775422));
#4358=CARTESIAN_POINT('Origin',(-106.314171053611,0.292536620157269,-29.4165863775422));
#4359=CARTESIAN_POINT('Origin',(-106.314171053612,42.0761399901226,-40.0165863775402));
#4360=CARTESIAN_POINT('',(-106.314171053611,-10.7074633798415,-52.8638496407293));
#4361=CARTESIAN_POINT('',(-106.314171053611,15.6843383051409,-52.8638496407279));
#4362=CARTESIAN_POINT('',(-106.314171053611,-10.707463379841,-61.4652180084214));
#4363=CARTESIAN_POINT('',(-106.314171053612,33.5261399901214,-17.0165863775407));
#4364=CARTESIAN_POINT('',(-106.314171053612,29.3761399901219,-27.0165863775409));
#4365=CARTESIAN_POINT('',(-106.314171053612,32.5761399901219,-27.0165863775408));
#4366=CARTESIAN_POINT('Origin',(-106.314171053612,30.9761399901219,-27.0165863775408));
#4367=CARTESIAN_POINT('',(-106.314171053612,29.3761399901217,-23.016586377541));
#4368=CARTESIAN_POINT('',(-106.314171053612,29.3761399901217,-23.016586377541));
#4369=CARTESIAN_POINT('',(-106.314171053612,32.5761399901217,-23.0165863775408));
#4370=CARTESIAN_POINT('Origin',(-106.314171053612,30.9761399901217,-23.0165863775409));
#4371=CARTESIAN_POINT('',(-106.314171053612,32.5761399901219,-27.0165863775408));
#4372=CARTESIAN_POINT('',(-106.314171053612,29.3761399901238,-61.0165863775407));
#4373=CARTESIAN_POINT('',(-106.314171053612,32.5761399901238,-61.0165863775406));
#4374=CARTESIAN_POINT('Origin',(-106.314171053612,30.9761399901238,-61.0165863775407));
#4375=CARTESIAN_POINT('',(-106.314171053612,29.3761399901235,-57.0165863775408));
#4376=CARTESIAN_POINT('',(-106.314171053612,29.3761399901235,-57.0165863775408));
#4377=CARTESIAN_POINT('',(-106.314171053612,32.5761399901235,-57.0165863775406));
#4378=CARTESIAN_POINT('Origin',(-106.314171053612,30.9761399901235,-57.0165863775407));
#4379=CARTESIAN_POINT('',(-106.314171053612,32.5761399901238,-61.0165863775406));
#4380=CARTESIAN_POINT('',(-106.314171053611,24.9761399901239,-63.016586377541));
#4381=CARTESIAN_POINT('',(-106.314171053612,51.5761399901247,-61.0165863775396));
#4382=CARTESIAN_POINT('',(-106.314171053612,54.7761399901228,-61.0165863775394));
#4383=CARTESIAN_POINT('Origin',(-106.314171053612,53.1761399901237,-61.0165863775395));
#4384=CARTESIAN_POINT('',(-106.314171053612,51.5761399901245,-57.0165863775396));
#4385=CARTESIAN_POINT('',(-106.314171053612,51.5761399901245,-57.0165863775396));
#4386=CARTESIAN_POINT('',(-106.314171053612,54.7761399901226,-57.0165863775394));
#4387=CARTESIAN_POINT('Origin',(-106.314171053612,53.1761399901235,-57.0165863775395));
#4388=CARTESIAN_POINT('',(-106.314171053612,54.7761399901228,-61.0165863775394));
#4389=CARTESIAN_POINT('',(-106.314171053612,51.5761399901228,-27.0165863775397));
#4390=CARTESIAN_POINT('',(-106.314171053612,54.776139990121,-27.0165863775396));
#4391=CARTESIAN_POINT('Origin',(-106.314171053612,53.1761399901228,-27.0165863775396));
#4392=CARTESIAN_POINT('',(-106.314171053612,51.5761399901226,-23.0165863775398));
#4393=CARTESIAN_POINT('',(-106.314171053612,51.5761399901226,-23.0165863775398));
#4394=CARTESIAN_POINT('',(-106.314171053612,54.7761399901208,-23.0165863775396));
#4395=CARTESIAN_POINT('Origin',(-106.314171053612,53.1761399901217,-23.0165863775397));
#4396=CARTESIAN_POINT('',(-106.314171053612,54.776139990121,-27.0165863775396));
#4397=CARTESIAN_POINT('Origin',(-106.314171053611,24.9761399901239,-63.016586377541));
#4398=CARTESIAN_POINT('Origin',(-78.0932041602345,24.9761399901205,11.0822678376391));
#4399=CARTESIAN_POINT('Origin',(-82.5932041602354,59.1761399901202,15.0439715369984));
#4400=CARTESIAN_POINT('Origin',(-96.0642512558361,-10.7074633798409,-59.9138496392999));
#4401=CARTESIAN_POINT('',(-85.9143314580614,-10.707463379841,-52.8638496407294));
#4402=CARTESIAN_POINT('',(-97.239251255836,-10.7074633798412,-52.8638496407293));
#4403=CARTESIAN_POINT('',(-81.3143314580614,-10.7074633798407,-57.4638496407294));
#4404=CARTESIAN_POINT('Origin',(-85.9143314580614,-10.7074633798408,-57.4638496407294));
#4405=CARTESIAN_POINT('',(-81.3143314580614,-10.7074633798404,-62.4638496407294));
#4406=CARTESIAN_POINT('',(-81.3143314580614,-10.7074633798407,-57.4638496407294));
#4407=CARTESIAN_POINT('Origin',(-85.9143314580614,-10.7074633798405,-62.4638496407294));
#4408=CARTESIAN_POINT('Origin',(-85.9143314580614,-10.7074633798405,-62.4638496407294));
#4409=CARTESIAN_POINT('',(-87.5143314580614,-10.7074633798405,-62.4638496407294));
#4410=CARTESIAN_POINT('Origin',(-87.5143314580614,-10.7074633798405,-62.4638496407294));
#4411=CARTESIAN_POINT('Origin',(-94.8938588576868,-10.707463379841,-57.3638496378706));
#4412=CARTESIAN_POINT('',(-94.893858857687,-10.7074633798407,-62.3638496378705));
#4413=CARTESIAN_POINT('Origin',(-96.493858857687,-10.7074633798408,-62.3638496378705));
#4414=CARTESIAN_POINT('Origin',(-81.3143314580614,-10.7074633798404,-62.4638496407294));
#4415=CARTESIAN_POINT('',(-81.3143314580614,-10.7074633798404,-62.4638496407294));
#4416=CARTESIAN_POINT('',(-81.3143314580614,-10.7074633798407,-57.4638496407294));
#4417=CARTESIAN_POINT('Origin',(-85.9143314580614,-10.7074633798405,-62.4638496407294));
#4418=CARTESIAN_POINT('Origin',(-85.9143314580614,-10.707463379841,-52.8638496407293));
#4419=CARTESIAN_POINT('',(-85.9143314580614,-10.707463379841,-52.8638496407294));
#4420=CARTESIAN_POINT('Origin',(-85.9143314580614,-10.7074633798408,-57.4638496407294));
#4421=CARTESIAN_POINT('Origin',(-110.814171053612,33.9761399901236,-61.0165863775405));
#4422=CARTESIAN_POINT('',(-107.314171053612,33.9761399901237,-61.0165863775405));
#4423=CARTESIAN_POINT('',(-110.814171053612,33.9761399901236,-61.0165863775405));
#4424=CARTESIAN_POINT('',(-107.314171053612,33.9761399901235,-57.0165863775405));
#4425=CARTESIAN_POINT('',(-107.314171053612,33.9761399901235,-57.0165863775405));
#4426=CARTESIAN_POINT('',(-110.814171053612,33.9761399901234,-57.0165863775405));
#4427=CARTESIAN_POINT('Origin',(-110.814171053612,30.9761399901237,-61.0165863775407));
#4428=CARTESIAN_POINT('',(-107.314171053612,27.9761399901237,-61.0165863775408));
#4429=CARTESIAN_POINT('Origin',(-107.314171053612,30.9761399901237,-61.0165863775407));
#4430=CARTESIAN_POINT('',(-110.814171053612,27.9761399901236,-61.0165863775408));
#4431=CARTESIAN_POINT('Origin',(-110.814171053612,27.9761399901234,-57.0165863775408));
#4432=CARTESIAN_POINT('',(-107.314171053612,27.9761399901235,-57.0165863775408));
#4433=CARTESIAN_POINT('',(-110.814171053612,27.9761399901234,-57.0165863775408));
#4434=CARTESIAN_POINT('',(-107.314171053612,27.9761399901237,-61.0165863775408));
#4435=CARTESIAN_POINT('Origin',(-110.814171053612,30.9761399901234,-57.0165863775407));
#4436=CARTESIAN_POINT('Origin',(-107.314171053612,30.9761399901235,-57.0165863775407));
#4437=CARTESIAN_POINT('Origin',(-107.314171053612,30.9761399901235,-57.0165863775407));
#4438=CARTESIAN_POINT('',(-107.314171053612,32.5761399901235,-57.0165863775406));
#4439=CARTESIAN_POINT('',(-107.314171053612,32.5761399901237,-61.0165863775406));
#4440=CARTESIAN_POINT('',(-107.314171053612,32.5761399901236,-59.0165863775406));
#4441=CARTESIAN_POINT('',(-107.314171053612,29.3761399901235,-57.0165863775408));
#4442=CARTESIAN_POINT('Origin',(-107.314171053612,30.9761399901235,-57.0165863775407));
#4443=CARTESIAN_POINT('',(-107.314171053612,29.3761399901237,-61.0165863775407));
#4444=CARTESIAN_POINT('',(-107.314171053612,29.3761399901235,-57.0165863775408));
#4445=CARTESIAN_POINT('Origin',(-107.314171053612,30.9761399901237,-61.0165863775407));
#4446=CARTESIAN_POINT('Origin',(-110.814171053612,56.1761399901236,-61.0165863775393));
#4447=CARTESIAN_POINT('',(-107.314171053612,56.1761399901237,-61.0165863775393));
#4448=CARTESIAN_POINT('',(-110.814171053612,56.1761399901236,-61.0165863775393));
#4449=CARTESIAN_POINT('',(-107.314171053612,56.1761399901235,-57.0165863775393));
#4450=CARTESIAN_POINT('',(-107.314171053612,56.1761399901235,-57.0165863775393));
#4451=CARTESIAN_POINT('',(-110.814171053612,56.1761399901234,-57.0165863775393));
#4452=CARTESIAN_POINT('Origin',(-110.814171053612,53.1761399901236,-61.0165863775395));
#4453=CARTESIAN_POINT('',(-107.314171053612,50.1761399901237,-61.0165863775396));
#4454=CARTESIAN_POINT('Origin',(-107.314171053612,53.1761399901237,-61.0165863775395));
#4455=CARTESIAN_POINT('',(-110.814171053612,50.1761399901236,-61.0165863775396));
#4456=CARTESIAN_POINT('Origin',(-110.814171053612,50.1761399901234,-57.0165863775396));
#4457=CARTESIAN_POINT('',(-107.314171053612,50.1761399901235,-57.0165863775396));
#4458=CARTESIAN_POINT('',(-110.814171053612,50.1761399901234,-57.0165863775396));
#4459=CARTESIAN_POINT('',(-107.314171053612,50.1761399901237,-61.0165863775396));
#4460=CARTESIAN_POINT('Origin',(-110.814171053612,53.1761399901234,-57.0165863775395));
#4461=CARTESIAN_POINT('Origin',(-107.314171053612,53.1761399901235,-57.0165863775395));
#4462=CARTESIAN_POINT('Origin',(-107.314171053612,53.1761399901235,-57.0165863775395));
#4463=CARTESIAN_POINT('',(-107.314171053612,54.7761399901226,-57.0165863775394));
#4464=CARTESIAN_POINT('',(-107.314171053612,54.7761399901228,-61.0165863775394));
#4465=CARTESIAN_POINT('',(-107.314171053612,54.7761399901227,-59.0165863775394));
#4466=CARTESIAN_POINT('',(-107.314171053612,51.5761399901244,-57.0165863775396));
#4467=CARTESIAN_POINT('Origin',(-107.314171053612,53.1761399901235,-57.0165863775395));
#4468=CARTESIAN_POINT('',(-107.314171053612,51.5761399901247,-61.0165863775396));
#4469=CARTESIAN_POINT('',(-107.314171053612,51.5761399901244,-57.0165863775396));
#4470=CARTESIAN_POINT('Origin',(-107.314171053612,53.1761399901237,-61.0165863775395));
#4471=CARTESIAN_POINT('Origin',(-110.814171053612,33.9761399901218,-27.0165863775407));
#4472=CARTESIAN_POINT('',(-107.314171053612,33.9761399901219,-27.0165863775407));
#4473=CARTESIAN_POINT('',(-110.814171053612,33.9761399901218,-27.0165863775407));
#4474=CARTESIAN_POINT('',(-107.314171053612,33.9761399901217,-23.0165863775407));
#4475=CARTESIAN_POINT('',(-107.314171053612,33.9761399901217,-23.0165863775407));
#4476=CARTESIAN_POINT('',(-110.814171053612,33.9761399901216,-23.0165863775407));
#4477=CARTESIAN_POINT('Origin',(-110.814171053612,30.9761399901218,-27.0165863775408));
#4478=CARTESIAN_POINT('',(-107.314171053612,27.9761399901219,-27.016586377541));
#4479=CARTESIAN_POINT('',(-110.814171053612,27.9761399901218,-27.016586377541));
#4480=CARTESIAN_POINT('Origin',(-107.314171053612,30.9761399901219,-27.0165863775408));
#4481=CARTESIAN_POINT('Origin',(-110.814171053612,27.9761399901216,-23.016586377541));
#4482=CARTESIAN_POINT('',(-107.314171053612,27.9761399901217,-23.016586377541));
#4483=CARTESIAN_POINT('',(-110.814171053612,27.9761399901216,-23.016586377541));
#4484=CARTESIAN_POINT('',(-107.314171053612,27.9761399901219,-27.016586377541));
#4485=CARTESIAN_POINT('Origin',(-110.814171053612,30.9761399901216,-23.0165863775409));
#4486=CARTESIAN_POINT('Origin',(-107.314171053612,30.9761399901217,-23.0165863775409));
#4487=CARTESIAN_POINT('Origin',(-107.314171053612,30.9761399901217,-23.0165863775409));
#4488=CARTESIAN_POINT('',(-107.314171053612,29.3761399901219,-27.0165863775409));
#4489=CARTESIAN_POINT('',(-107.314171053612,29.3761399901217,-23.016586377541));
#4490=CARTESIAN_POINT('',(-107.314171053612,29.3761399901217,-23.016586377541));
#4491=CARTESIAN_POINT('',(-107.314171053612,32.5761399901219,-27.0165863775408));
#4492=CARTESIAN_POINT('Origin',(-107.314171053612,30.9761399901219,-27.0165863775408));
#4493=CARTESIAN_POINT('',(-107.314171053612,32.5761399901217,-23.0165863775408));
#4494=CARTESIAN_POINT('',(-107.314171053612,32.5761399901218,-25.0165863775408));
#4495=CARTESIAN_POINT('Origin',(-107.314171053612,30.9761399901217,-23.0165863775409));
#4496=CARTESIAN_POINT('Origin',(-110.814171053612,56.1761399901218,-27.0165863775395));
#4497=CARTESIAN_POINT('',(-107.314171053612,56.1761399901219,-27.0165863775395));
#4498=CARTESIAN_POINT('',(-110.814171053612,56.1761399901218,-27.0165863775395));
#4499=CARTESIAN_POINT('',(-107.314171053612,56.1761399901217,-23.0165863775395));
#4500=CARTESIAN_POINT('',(-107.314171053612,56.1761399901217,-23.0165863775395));
#4501=CARTESIAN_POINT('',(-110.814171053612,56.1761399901216,-23.0165863775395));
#4502=CARTESIAN_POINT('Origin',(-110.814171053612,53.1761399901227,-27.0165863775396));
#4503=CARTESIAN_POINT('',(-107.314171053612,50.1761399901219,-27.0165863775398));
#4504=CARTESIAN_POINT('',(-110.814171053612,50.1761399901218,-27.0165863775398));
#4505=CARTESIAN_POINT('Origin',(-107.314171053612,53.1761399901228,-27.0165863775396));
#4506=CARTESIAN_POINT('Origin',(-110.814171053612,50.1761399901216,-23.0165863775398));
#4507=CARTESIAN_POINT('',(-107.314171053612,50.1761399901217,-23.0165863775398));
#4508=CARTESIAN_POINT('',(-110.814171053612,50.1761399901216,-23.0165863775398));
#4509=CARTESIAN_POINT('',(-107.314171053612,50.1761399901219,-27.0165863775398));
#4510=CARTESIAN_POINT('Origin',(-110.814171053612,53.1761399901216,-23.0165863775397));
#4511=CARTESIAN_POINT('Origin',(-107.314171053612,53.1761399901217,-23.0165863775397));
#4512=CARTESIAN_POINT('Origin',(-107.314171053612,53.1761399901217,-23.0165863775397));
#4513=CARTESIAN_POINT('',(-107.314171053612,51.5761399901228,-27.0165863775397));
#4514=CARTESIAN_POINT('',(-107.314171053612,51.5761399901226,-23.0165863775398));
#4515=CARTESIAN_POINT('',(-107.314171053612,51.5761399901226,-23.0165863775398));
#4516=CARTESIAN_POINT('',(-107.314171053612,54.7761399901209,-27.0165863775396));
#4517=CARTESIAN_POINT('Origin',(-107.314171053612,53.1761399901228,-27.0165863775396));
#4518=CARTESIAN_POINT('',(-107.314171053612,54.7761399901207,-23.0165863775396));
#4519=CARTESIAN_POINT('',(-107.314171053612,54.7761399901208,-25.0165863775396));
#4520=CARTESIAN_POINT('Origin',(-107.314171053612,53.1761399901217,-23.0165863775397));
#4521=CARTESIAN_POINT('Origin',(-106.314171053612,32.5761399901238,-61.0165863775406));
#4522=CARTESIAN_POINT('',(-106.314171053612,32.5761399901238,-61.0165863775406));
#4523=CARTESIAN_POINT('',(-106.314171053612,32.5761399901235,-57.0165863775406));
#4524=CARTESIAN_POINT('Origin',(-106.314171053612,30.9761399901238,-61.0165863775407));
#4525=CARTESIAN_POINT('',(-106.314171053612,29.3761399901238,-61.0165863775407));
#4526=CARTESIAN_POINT('Origin',(-106.314171053612,54.7761399901228,-61.0165863775394));
#4527=CARTESIAN_POINT('',(-106.314171053612,54.7761399901228,-61.0165863775394));
#4528=CARTESIAN_POINT('',(-106.314171053612,54.7761399901226,-57.0165863775394));
#4529=CARTESIAN_POINT('Origin',(-106.314171053612,53.1761399901237,-61.0165863775395));
#4530=CARTESIAN_POINT('',(-106.314171053612,51.5761399901247,-61.0165863775396));
#4531=CARTESIAN_POINT('Origin',(-106.314171053612,32.5761399901219,-27.0165863775408));
#4532=CARTESIAN_POINT('',(-106.314171053612,32.5761399901219,-27.0165863775408));
#4533=CARTESIAN_POINT('',(-106.314171053612,32.5761399901217,-23.0165863775408));
#4534=CARTESIAN_POINT('Origin',(-106.314171053612,30.9761399901219,-27.0165863775408));
#4535=CARTESIAN_POINT('',(-106.314171053612,29.3761399901219,-27.0165863775409));
#4536=CARTESIAN_POINT('Origin',(-106.314171053612,54.776139990121,-27.0165863775396));
#4537=CARTESIAN_POINT('',(-106.314171053612,54.776139990121,-27.0165863775396));
#4538=CARTESIAN_POINT('',(-106.314171053612,54.7761399901208,-23.0165863775396));
#4539=CARTESIAN_POINT('Origin',(-106.314171053612,53.1761399901228,-27.0165863775396));
#4540=CARTESIAN_POINT('',(-106.314171053612,51.5761399901228,-27.0165863775397));
#4541=CARTESIAN_POINT('Origin',(-106.314171053612,51.5761399901226,-23.0165863775398));
#4542=CARTESIAN_POINT('',(-106.314171053612,51.5761399901226,-23.0165863775398));
#4543=CARTESIAN_POINT('Origin',(-106.314171053612,53.1761399901217,-23.0165863775397));
#4544=CARTESIAN_POINT('Origin',(-106.314171053612,29.3761399901217,-23.016586377541));
#4545=CARTESIAN_POINT('',(-106.314171053612,29.3761399901217,-23.016586377541));
#4546=CARTESIAN_POINT('Origin',(-106.314171053612,30.9761399901217,-23.0165863775409));
#4547=CARTESIAN_POINT('Origin',(-106.314171053612,51.5761399901245,-57.0165863775396));
#4548=CARTESIAN_POINT('',(-106.314171053612,51.5761399901245,-57.0165863775396));
#4549=CARTESIAN_POINT('Origin',(-106.314171053612,53.1761399901235,-57.0165863775395));
#4550=CARTESIAN_POINT('Origin',(-106.314171053612,29.3761399901235,-57.0165863775408));
#4551=CARTESIAN_POINT('',(-106.314171053612,29.3761399901235,-57.0165863775408));
#4552=CARTESIAN_POINT('Origin',(-106.314171053612,30.9761399901235,-57.0165863775407));
#4553=UNCERTAINTY_MEASURE_WITH_UNIT(LENGTH_MEASURE(0.01),#4557,
'DISTANCE_ACCURACY_VALUE',
'Maximum model space distance between geometric entities at asserted c
onnectivities');
#4554=UNCERTAINTY_MEASURE_WITH_UNIT(LENGTH_MEASURE(0.01),#4557,
'DISTANCE_ACCURACY_VALUE',
'Maximum model space distance between geometric entities at asserted c
onnectivities');
#4555=(
GEOMETRIC_REPRESENTATION_CONTEXT(3)
GLOBAL_UNCERTAINTY_ASSIGNED_CONTEXT((#4553))
GLOBAL_UNIT_ASSIGNED_CONTEXT((#4557,#4559,#4560))
REPRESENTATION_CONTEXT('','3D')
);
#4556=(
GEOMETRIC_REPRESENTATION_CONTEXT(3)
GLOBAL_UNCERTAINTY_ASSIGNED_CONTEXT((#4554))
GLOBAL_UNIT_ASSIGNED_CONTEXT((#4557,#4559,#4560))
REPRESENTATION_CONTEXT('','3D')
);
#4557=(
LENGTH_UNIT()
NAMED_UNIT(*)
SI_UNIT(.MILLI.,.METRE.)
);
#4558=(
LENGTH_UNIT()
NAMED_UNIT(*)
SI_UNIT(.CENTI.,.METRE.)
);
#4559=(
NAMED_UNIT(*)
PLANE_ANGLE_UNIT()
SI_UNIT($,.RADIAN.)
);
#4560=(
NAMED_UNIT(*)
SI_UNIT($,.STERADIAN.)
SOLID_ANGLE_UNIT()
);
#4561=SHAPE_DEFINITION_REPRESENTATION(#4562,#4563);
#4562=PRODUCT_DEFINITION_SHAPE('',$,#4565);
#4563=SHAPE_REPRESENTATION('',(#2726),#4555);
#4564=PRODUCT_DEFINITION_CONTEXT('part definition',#4569,'design');
#4565=PRODUCT_DEFINITION('mount-1','mount-1',#4566,#4564);
#4566=PRODUCT_DEFINITION_FORMATION('',$,#4571);
#4567=PRODUCT_RELATED_PRODUCT_CATEGORY('mount-1','mount-1',(#4571));
#4568=APPLICATION_PROTOCOL_DEFINITION('international standard',
'automotive_design',2009,#4569);
#4569=APPLICATION_CONTEXT(
'Core Data for Automotive Mechanical Design Process');
#4570=PRODUCT_CONTEXT('part definition',#4569,'mechanical');
#4571=PRODUCT('mount-1','mount-1',$,(#4570));
#4572=PRESENTATION_STYLE_ASSIGNMENT((#4573));
#4573=SURFACE_STYLE_USAGE(.BOTH.,#4576);
#4574=SURFACE_STYLE_RENDERING_WITH_PROPERTIES($,#4580,(#4575));
#4575=SURFACE_STYLE_TRANSPARENT(0.);
#4576=SURFACE_SIDE_STYLE('',(#4577,#4574));
#4577=SURFACE_STYLE_FILL_AREA(#4578);
#4578=FILL_AREA_STYLE('',(#4579));
#4579=FILL_AREA_STYLE_COLOUR('',#4580);
#4580=COLOUR_RGB('',0.749019607843137,0.749019607843137,0.749019607843137);
ENDSEC;
END-ISO-10303-21;
