ISO-10303-21;
HEADER;
/* Generated by software containing ST-Developer
 * from STEP Tools, Inc. (www.steptools.com) 
 */

FILE_DESCRIPTION(
/* description */ ('STEP AP242'),
/* implementation_level */ '2;1');

FILE_NAME(
/* name */ 'mount-2.stp',
/* time_stamp */ '2024-10-27T21:10:01-04:00',
/* author */ ('Windows 7 was better'),
/* organization */ (''),
/* preprocessor_version */ 'ST-DEVELOPER v20',
/* originating_system */ 'Autodesk Inventor 2025',
/* authorisation */ '  ');

FILE_SCHEMA (('AUTOMOTIVE_DESIGN { 1 0 10303 214 3 1 1 }'));
ENDSEC;

DATA;
#10=MECHANICAL_DESIGN_GEOMETRIC_PRESENTATION_REPRESENTATION('',(#13),#3538);
#11=SHAPE_REPRESENTATION_RELATIONSHIP('SRR','None',#3545,#12);
#12=ADVANCED_BREP_SHAPE_REPRESENTATION('',(#14),#3537);
#13=STYLED_ITEM('',(#3555),#14);
#14=MANIFOLD_SOLID_BREP('Solid1',#2084);
#15=B_SPLINE_CURVE_WITH_KNOTS('',3,(#3043,#3044,#3045,#3046,#3047,#3048,
#3049,#3050),.UNSPECIFIED.,.F.,.F.,(4,2,2,4),(0.602683863090351,0.725172952641764,
0.78641749741747,0.798293835995545),.UNSPECIFIED.);
#16=B_SPLINE_CURVE_WITH_KNOTS('',3,(#3104,#3105,#3106,#3107,#3108,#3109,
#3110,#3111,#3112,#3113,#3114,#3115),.UNSPECIFIED.,.F.,.F.,(4,2,2,2,2,4),
(0.426721047776897,0.461255232821476,0.499647251657632,0.538039270493788,
0.576532127636736,0.615024984779684),.UNSPECIFIED.);
#17=B_SPLINE_CURVE_WITH_KNOTS('',3,(#3117,#3118,#3119,#3120,#3121,#3122,
#3123,#3124,#3125,#3126,#3127,#3128),.UNSPECIFIED.,.F.,.F.,(4,2,2,2,2,4),
(0.615024984779684,0.653517841922632,0.69201069906558,0.730402717901737,
0.768794736737893,0.803328921782472),.UNSPECIFIED.);
#18=ELLIPSE('',#2132,2.73285475312822,2.);
#19=ELLIPSE('',#2133,2.93478305699943,2.);
#20=ELLIPSE('',#2136,2.73285475312825,2.);
#21=ELLIPSE('',#2137,2.73285475312825,2.);
#22=ELLIPSE('',#2148,1.01541799652336,1.);
#23=ELLIPSE('',#2149,1.03532171271937,1.);
#24=ELLIPSE('',#2165,2.14927348192551,2.);
#25=ELLIPSE('',#2167,2.14927348192556,2.);
#26=ELLIPSE('',#2174,2.14927348192555,2.);
#27=ELLIPSE('',#2176,2.1492734819255,2.);
#28=ELLIPSE('',#2237,1.03526553724539,1.);
#29=FACE_BOUND('',#237,.T.);
#30=FACE_BOUND('',#238,.T.);
#31=FACE_BOUND('',#239,.T.);
#32=FACE_BOUND('',#240,.T.);
#33=FACE_BOUND('',#241,.T.);
#34=FACE_BOUND('',#242,.T.);
#35=FACE_BOUND('',#243,.T.);
#36=FACE_BOUND('',#271,.T.);
#37=FACE_BOUND('',#272,.T.);
#38=FACE_BOUND('',#273,.T.);
#39=FACE_BOUND('',#274,.T.);
#40=FACE_BOUND('',#275,.T.);
#41=FACE_BOUND('',#284,.T.);
#42=FACE_BOUND('',#285,.T.);
#43=FACE_BOUND('',#286,.T.);
#44=FACE_BOUND('',#287,.T.);
#45=FACE_BOUND('',#288,.T.);
#46=FACE_BOUND('',#289,.T.);
#47=FACE_BOUND('',#290,.T.);
#48=FACE_BOUND('',#311,.T.);
#49=FACE_BOUND('',#314,.T.);
#50=FACE_BOUND('',#327,.T.);
#51=FACE_BOUND('',#335,.T.);
#52=FACE_BOUND('',#341,.T.);
#53=FACE_BOUND('',#347,.T.);
#54=FACE_BOUND('',#353,.T.);
#55=FACE_BOUND('',#358,.T.);
#56=FACE_BOUND('',#361,.T.);
#57=FACE_BOUND('',#364,.T.);
#58=FACE_BOUND('',#367,.T.);
#59=FACE_BOUND('',#373,.T.);
#60=FACE_BOUND('',#374,.T.);
#61=FACE_BOUND('',#375,.T.);
#62=FACE_BOUND('',#376,.T.);
#63=FACE_BOUND('',#377,.T.);
#64=PLANE('',#2110);
#65=PLANE('',#2111);
#66=PLANE('',#2134);
#67=PLANE('',#2141);
#68=PLANE('',#2144);
#69=PLANE('',#2152);
#70=PLANE('',#2156);
#71=PLANE('',#2159);
#72=PLANE('',#2162);
#73=PLANE('',#2163);
#74=PLANE('',#2170);
#75=PLANE('',#2171);
#76=PLANE('',#2178);
#77=PLANE('',#2188);
#78=PLANE('',#2190);
#79=PLANE('',#2197);
#80=PLANE('',#2209);
#81=PLANE('',#2210);
#82=PLANE('',#2211);
#83=PLANE('',#2214);
#84=PLANE('',#2219);
#85=PLANE('',#2224);
#86=PLANE('',#2228);
#87=PLANE('',#2230);
#88=PLANE('',#2232);
#89=PLANE('',#2233);
#90=PLANE('',#2234);
#91=PLANE('',#2235);
#92=PLANE('',#2236);
#93=PLANE('',#2240);
#94=PLANE('',#2241);
#95=PLANE('',#2242);
#96=PLANE('',#2245);
#97=PLANE('',#2246);
#98=PLANE('',#2247);
#99=PLANE('',#2248);
#100=PLANE('',#2249);
#101=PLANE('',#2250);
#102=PLANE('',#2251);
#103=PLANE('',#2252);
#104=PLANE('',#2253);
#105=PLANE('',#2254);
#106=PLANE('',#2255);
#107=PLANE('',#2256);
#108=PLANE('',#2257);
#109=PLANE('',#2258);
#110=PLANE('',#2259);
#111=PLANE('',#2262);
#112=PLANE('',#2265);
#113=PLANE('',#2268);
#114=PLANE('',#2271);
#115=PLANE('',#2272);
#116=PLANE('',#2275);
#117=PLANE('',#2278);
#118=PLANE('',#2279);
#119=PLANE('',#2280);
#120=PLANE('',#2286);
#121=PLANE('',#2291);
#122=PLANE('',#2296);
#123=PLANE('',#2301);
#124=PLANE('',#2307);
#125=FACE_OUTER_BOUND('',#234,.T.);
#126=FACE_OUTER_BOUND('',#235,.T.);
#127=FACE_OUTER_BOUND('',#236,.T.);
#128=FACE_OUTER_BOUND('',#244,.T.);
#129=FACE_OUTER_BOUND('',#245,.T.);
#130=FACE_OUTER_BOUND('',#246,.T.);
#131=FACE_OUTER_BOUND('',#247,.T.);
#132=FACE_OUTER_BOUND('',#248,.T.);
#133=FACE_OUTER_BOUND('',#249,.T.);
#134=FACE_OUTER_BOUND('',#250,.T.);
#135=FACE_OUTER_BOUND('',#251,.T.);
#136=FACE_OUTER_BOUND('',#252,.T.);
#137=FACE_OUTER_BOUND('',#253,.T.);
#138=FACE_OUTER_BOUND('',#254,.T.);
#139=FACE_OUTER_BOUND('',#255,.T.);
#140=FACE_OUTER_BOUND('',#256,.T.);
#141=FACE_OUTER_BOUND('',#257,.T.);
#142=FACE_OUTER_BOUND('',#258,.T.);
#143=FACE_OUTER_BOUND('',#259,.T.);
#144=FACE_OUTER_BOUND('',#260,.T.);
#145=FACE_OUTER_BOUND('',#261,.T.);
#146=FACE_OUTER_BOUND('',#262,.T.);
#147=FACE_OUTER_BOUND('',#263,.T.);
#148=FACE_OUTER_BOUND('',#264,.T.);
#149=FACE_OUTER_BOUND('',#265,.T.);
#150=FACE_OUTER_BOUND('',#266,.T.);
#151=FACE_OUTER_BOUND('',#267,.T.);
#152=FACE_OUTER_BOUND('',#268,.T.);
#153=FACE_OUTER_BOUND('',#269,.T.);
#154=FACE_OUTER_BOUND('',#270,.T.);
#155=FACE_OUTER_BOUND('',#276,.T.);
#156=FACE_OUTER_BOUND('',#277,.T.);
#157=FACE_OUTER_BOUND('',#278,.T.);
#158=FACE_OUTER_BOUND('',#279,.T.);
#159=FACE_OUTER_BOUND('',#280,.T.);
#160=FACE_OUTER_BOUND('',#281,.T.);
#161=FACE_OUTER_BOUND('',#282,.T.);
#162=FACE_OUTER_BOUND('',#283,.T.);
#163=FACE_OUTER_BOUND('',#291,.T.);
#164=FACE_OUTER_BOUND('',#292,.T.);
#165=FACE_OUTER_BOUND('',#293,.T.);
#166=FACE_OUTER_BOUND('',#294,.T.);
#167=FACE_OUTER_BOUND('',#295,.T.);
#168=FACE_OUTER_BOUND('',#296,.T.);
#169=FACE_OUTER_BOUND('',#297,.T.);
#170=FACE_OUTER_BOUND('',#298,.T.);
#171=FACE_OUTER_BOUND('',#299,.T.);
#172=FACE_OUTER_BOUND('',#300,.T.);
#173=FACE_OUTER_BOUND('',#301,.T.);
#174=FACE_OUTER_BOUND('',#302,.T.);
#175=FACE_OUTER_BOUND('',#303,.T.);
#176=FACE_OUTER_BOUND('',#304,.T.);
#177=FACE_OUTER_BOUND('',#305,.T.);
#178=FACE_OUTER_BOUND('',#306,.T.);
#179=FACE_OUTER_BOUND('',#307,.T.);
#180=FACE_OUTER_BOUND('',#308,.T.);
#181=FACE_OUTER_BOUND('',#309,.T.);
#182=FACE_OUTER_BOUND('',#310,.T.);
#183=FACE_OUTER_BOUND('',#312,.T.);
#184=FACE_OUTER_BOUND('',#313,.T.);
#185=FACE_OUTER_BOUND('',#315,.T.);
#186=FACE_OUTER_BOUND('',#316,.T.);
#187=FACE_OUTER_BOUND('',#317,.T.);
#188=FACE_OUTER_BOUND('',#318,.T.);
#189=FACE_OUTER_BOUND('',#319,.T.);
#190=FACE_OUTER_BOUND('',#320,.T.);
#191=FACE_OUTER_BOUND('',#321,.T.);
#192=FACE_OUTER_BOUND('',#322,.T.);
#193=FACE_OUTER_BOUND('',#323,.T.);
#194=FACE_OUTER_BOUND('',#324,.T.);
#195=FACE_OUTER_BOUND('',#325,.T.);
#196=FACE_OUTER_BOUND('',#326,.T.);
#197=FACE_OUTER_BOUND('',#328,.T.);
#198=FACE_OUTER_BOUND('',#329,.T.);
#199=FACE_OUTER_BOUND('',#330,.T.);
#200=FACE_OUTER_BOUND('',#331,.T.);
#201=FACE_OUTER_BOUND('',#332,.T.);
#202=FACE_OUTER_BOUND('',#333,.T.);
#203=FACE_OUTER_BOUND('',#334,.T.);
#204=FACE_OUTER_BOUND('',#336,.T.);
#205=FACE_OUTER_BOUND('',#337,.T.);
#206=FACE_OUTER_BOUND('',#338,.T.);
#207=FACE_OUTER_BOUND('',#339,.T.);
#208=FACE_OUTER_BOUND('',#340,.T.);
#209=FACE_OUTER_BOUND('',#342,.T.);
#210=FACE_OUTER_BOUND('',#343,.T.);
#211=FACE_OUTER_BOUND('',#344,.T.);
#212=FACE_OUTER_BOUND('',#345,.T.);
#213=FACE_OUTER_BOUND('',#346,.T.);
#214=FACE_OUTER_BOUND('',#348,.T.);
#215=FACE_OUTER_BOUND('',#349,.T.);
#216=FACE_OUTER_BOUND('',#350,.T.);
#217=FACE_OUTER_BOUND('',#351,.T.);
#218=FACE_OUTER_BOUND('',#352,.T.);
#219=FACE_OUTER_BOUND('',#354,.T.);
#220=FACE_OUTER_BOUND('',#355,.T.);
#221=FACE_OUTER_BOUND('',#356,.T.);
#222=FACE_OUTER_BOUND('',#357,.T.);
#223=FACE_OUTER_BOUND('',#359,.T.);
#224=FACE_OUTER_BOUND('',#360,.T.);
#225=FACE_OUTER_BOUND('',#362,.T.);
#226=FACE_OUTER_BOUND('',#363,.T.);
#227=FACE_OUTER_BOUND('',#365,.T.);
#228=FACE_OUTER_BOUND('',#366,.T.);
#229=FACE_OUTER_BOUND('',#368,.T.);
#230=FACE_OUTER_BOUND('',#369,.T.);
#231=FACE_OUTER_BOUND('',#370,.T.);
#232=FACE_OUTER_BOUND('',#371,.T.);
#233=FACE_OUTER_BOUND('',#372,.T.);
#234=EDGE_LOOP('',(#1341,#1342,#1343,#1344));
#235=EDGE_LOOP('',(#1345,#1346,#1347,#1348));
#236=EDGE_LOOP('',(#1349,#1350,#1351,#1352,#1353,#1354,#1355,#1356,#1357,
#1358,#1359,#1360,#1361,#1362,#1363,#1364,#1365,#1366,#1367,#1368,#1369,
#1370,#1371,#1372,#1373,#1374,#1375,#1376,#1377,#1378));
#237=EDGE_LOOP('',(#1379,#1380,#1381,#1382,#1383,#1384));
#238=EDGE_LOOP('',(#1385,#1386,#1387,#1388));
#239=EDGE_LOOP('',(#1389,#1390,#1391,#1392));
#240=EDGE_LOOP('',(#1393,#1394,#1395,#1396));
#241=EDGE_LOOP('',(#1397,#1398,#1399,#1400,#1401,#1402));
#242=EDGE_LOOP('',(#1403));
#243=EDGE_LOOP('',(#1404));
#244=EDGE_LOOP('',(#1405,#1406,#1407,#1408,#1409));
#245=EDGE_LOOP('',(#1410,#1411,#1412,#1413,#1414));
#246=EDGE_LOOP('',(#1415,#1416,#1417,#1418));
#247=EDGE_LOOP('',(#1419,#1420,#1421,#1422));
#248=EDGE_LOOP('',(#1423,#1424,#1425,#1426,#1427,#1428,#1429));
#249=EDGE_LOOP('',(#1430,#1431,#1432,#1433));
#250=EDGE_LOOP('',(#1434,#1435,#1436,#1437));
#251=EDGE_LOOP('',(#1438,#1439,#1440,#1441,#1442,#1443,#1444));
#252=EDGE_LOOP('',(#1445,#1446,#1447,#1448,#1449,#1450));
#253=EDGE_LOOP('',(#1451,#1452,#1453,#1454));
#254=EDGE_LOOP('',(#1455,#1456,#1457,#1458));
#255=EDGE_LOOP('',(#1459,#1460,#1461,#1462));
#256=EDGE_LOOP('',(#1463,#1464,#1465,#1466));
#257=EDGE_LOOP('',(#1467,#1468,#1469,#1470));
#258=EDGE_LOOP('',(#1471,#1472,#1473,#1474,#1475,#1476,#1477,#1478,#1479));
#259=EDGE_LOOP('',(#1480,#1481,#1482,#1483,#1484,#1485));
#260=EDGE_LOOP('',(#1486,#1487,#1488,#1489,#1490));
#261=EDGE_LOOP('',(#1491,#1492,#1493,#1494));
#262=EDGE_LOOP('',(#1495,#1496,#1497,#1498));
#263=EDGE_LOOP('',(#1499,#1500,#1501,#1502));
#264=EDGE_LOOP('',(#1503,#1504,#1505,#1506));
#265=EDGE_LOOP('',(#1507,#1508,#1509,#1510,#1511,#1512,#1513,#1514));
#266=EDGE_LOOP('',(#1515,#1516,#1517,#1518,#1519));
#267=EDGE_LOOP('',(#1520,#1521,#1522,#1523));
#268=EDGE_LOOP('',(#1524,#1525,#1526,#1527));
#269=EDGE_LOOP('',(#1528,#1529,#1530,#1531));
#270=EDGE_LOOP('',(#1532,#1533,#1534,#1535,#1536,#1537,#1538,#1539));
#271=EDGE_LOOP('',(#1540));
#272=EDGE_LOOP('',(#1541));
#273=EDGE_LOOP('',(#1542));
#274=EDGE_LOOP('',(#1543));
#275=EDGE_LOOP('',(#1544));
#276=EDGE_LOOP('',(#1545,#1546,#1547,#1548));
#277=EDGE_LOOP('',(#1549,#1550,#1551,#1552,#1553,#1554));
#278=EDGE_LOOP('',(#1555,#1556,#1557,#1558));
#279=EDGE_LOOP('',(#1559,#1560,#1561,#1562));
#280=EDGE_LOOP('',(#1563,#1564,#1565,#1566));
#281=EDGE_LOOP('',(#1567,#1568,#1569,#1570));
#282=EDGE_LOOP('',(#1571,#1572,#1573,#1574));
#283=EDGE_LOOP('',(#1575,#1576,#1577,#1578,#1579,#1580,#1581,#1582,#1583,
#1584,#1585,#1586,#1587,#1588,#1589,#1590,#1591,#1592,#1593,#1594,#1595,
#1596,#1597,#1598,#1599,#1600,#1601,#1602,#1603,#1604,#1605,#1606));
#284=EDGE_LOOP('',(#1607));
#285=EDGE_LOOP('',(#1608));
#286=EDGE_LOOP('',(#1609,#1610,#1611,#1612));
#287=EDGE_LOOP('',(#1613,#1614,#1615,#1616));
#288=EDGE_LOOP('',(#1617,#1618,#1619,#1620));
#289=EDGE_LOOP('',(#1621));
#290=EDGE_LOOP('',(#1622));
#291=EDGE_LOOP('',(#1623,#1624,#1625,#1626));
#292=EDGE_LOOP('',(#1627,#1628,#1629,#1630));
#293=EDGE_LOOP('',(#1631,#1632,#1633,#1634));
#294=EDGE_LOOP('',(#1635,#1636,#1637,#1638));
#295=EDGE_LOOP('',(#1639,#1640,#1641,#1642));
#296=EDGE_LOOP('',(#1643,#1644,#1645,#1646));
#297=EDGE_LOOP('',(#1647,#1648,#1649,#1650));
#298=EDGE_LOOP('',(#1651,#1652,#1653,#1654));
#299=EDGE_LOOP('',(#1655,#1656,#1657,#1658));
#300=EDGE_LOOP('',(#1659,#1660,#1661,#1662));
#301=EDGE_LOOP('',(#1663,#1664,#1665,#1666));
#302=EDGE_LOOP('',(#1667,#1668,#1669,#1670));
#303=EDGE_LOOP('',(#1671,#1672,#1673,#1674));
#304=EDGE_LOOP('',(#1675,#1676,#1677,#1678));
#305=EDGE_LOOP('',(#1679,#1680,#1681,#1682));
#306=EDGE_LOOP('',(#1683,#1684,#1685,#1686));
#307=EDGE_LOOP('',(#1687,#1688,#1689,#1690));
#308=EDGE_LOOP('',(#1691,#1692,#1693,#1694,#1695,#1696));
#309=EDGE_LOOP('',(#1697,#1698,#1699,#1700));
#310=EDGE_LOOP('',(#1701,#1702,#1703,#1704));
#311=EDGE_LOOP('',(#1705));
#312=EDGE_LOOP('',(#1706,#1707,#1708,#1709));
#313=EDGE_LOOP('',(#1710,#1711,#1712,#1713));
#314=EDGE_LOOP('',(#1714));
#315=EDGE_LOOP('',(#1715,#1716,#1717,#1718));
#316=EDGE_LOOP('',(#1719,#1720,#1721,#1722));
#317=EDGE_LOOP('',(#1723,#1724,#1725,#1726));
#318=EDGE_LOOP('',(#1727,#1728,#1729,#1730));
#319=EDGE_LOOP('',(#1731,#1732,#1733,#1734));
#320=EDGE_LOOP('',(#1735,#1736,#1737,#1738));
#321=EDGE_LOOP('',(#1739,#1740,#1741,#1742));
#322=EDGE_LOOP('',(#1743,#1744,#1745,#1746));
#323=EDGE_LOOP('',(#1747,#1748,#1749,#1750));
#324=EDGE_LOOP('',(#1751,#1752,#1753,#1754));
#325=EDGE_LOOP('',(#1755,#1756,#1757,#1758));
#326=EDGE_LOOP('',(#1759,#1760,#1761,#1762,#1763,#1764));
#327=EDGE_LOOP('',(#1765));
#328=EDGE_LOOP('',(#1766,#1767,#1768,#1769));
#329=EDGE_LOOP('',(#1770,#1771,#1772,#1773));
#330=EDGE_LOOP('',(#1774,#1775,#1776,#1777));
#331=EDGE_LOOP('',(#1778,#1779,#1780,#1781));
#332=EDGE_LOOP('',(#1782,#1783,#1784,#1785));
#333=EDGE_LOOP('',(#1786,#1787,#1788,#1789));
#334=EDGE_LOOP('',(#1790,#1791,#1792,#1793,#1794,#1795));
#335=EDGE_LOOP('',(#1796));
#336=EDGE_LOOP('',(#1797,#1798,#1799,#1800));
#337=EDGE_LOOP('',(#1801,#1802,#1803,#1804));
#338=EDGE_LOOP('',(#1805,#1806,#1807,#1808));
#339=EDGE_LOOP('',(#1809,#1810,#1811,#1812));
#340=EDGE_LOOP('',(#1813,#1814,#1815,#1816));
#341=EDGE_LOOP('',(#1817,#1818,#1819,#1820));
#342=EDGE_LOOP('',(#1821,#1822,#1823,#1824));
#343=EDGE_LOOP('',(#1825,#1826,#1827,#1828));
#344=EDGE_LOOP('',(#1829,#1830,#1831,#1832));
#345=EDGE_LOOP('',(#1833,#1834,#1835,#1836));
#346=EDGE_LOOP('',(#1837,#1838,#1839,#1840));
#347=EDGE_LOOP('',(#1841,#1842,#1843,#1844));
#348=EDGE_LOOP('',(#1845,#1846,#1847,#1848));
#349=EDGE_LOOP('',(#1849,#1850,#1851,#1852));
#350=EDGE_LOOP('',(#1853,#1854,#1855,#1856));
#351=EDGE_LOOP('',(#1857,#1858,#1859,#1860));
#352=EDGE_LOOP('',(#1861,#1862,#1863,#1864));
#353=EDGE_LOOP('',(#1865,#1866,#1867,#1868));
#354=EDGE_LOOP('',(#1869));
#355=EDGE_LOOP('',(#1870,#1871,#1872,#1873));
#356=EDGE_LOOP('',(#1874,#1875,#1876,#1877));
#357=EDGE_LOOP('',(#1878));
#358=EDGE_LOOP('',(#1879));
#359=EDGE_LOOP('',(#1880,#1881,#1882,#1883));
#360=EDGE_LOOP('',(#1884));
#361=EDGE_LOOP('',(#1885));
#362=EDGE_LOOP('',(#1886,#1887,#1888,#1889));
#363=EDGE_LOOP('',(#1890));
#364=EDGE_LOOP('',(#1891));
#365=EDGE_LOOP('',(#1892,#1893,#1894,#1895));
#366=EDGE_LOOP('',(#1896));
#367=EDGE_LOOP('',(#1897));
#368=EDGE_LOOP('',(#1898,#1899,#1900,#1901));
#369=EDGE_LOOP('',(#1902,#1903,#1904,#1905));
#370=EDGE_LOOP('',(#1906,#1907,#1908,#1909));
#371=EDGE_LOOP('',(#1910,#1911,#1912,#1913));
#372=EDGE_LOOP('',(#1914,#1915,#1916,#1917,#1918,#1919,#1920,#1921));
#373=EDGE_LOOP('',(#1922));
#374=EDGE_LOOP('',(#1923));
#375=EDGE_LOOP('',(#1924));
#376=EDGE_LOOP('',(#1925));
#377=EDGE_LOOP('',(#1926));
#378=LINE('',#2916,#576);
#379=LINE('',#2919,#577);
#380=LINE('',#2922,#578);
#381=LINE('',#2924,#579);
#382=LINE('',#2925,#580);
#383=LINE('',#2928,#581);
#384=LINE('',#2932,#582);
#385=LINE('',#2936,#583);
#386=LINE('',#2940,#584);
#387=LINE('',#2944,#585);
#388=LINE('',#2948,#586);
#389=LINE('',#2950,#587);
#390=LINE('',#2956,#588);
#391=LINE('',#2958,#589);
#392=LINE('',#2960,#590);
#393=LINE('',#2962,#591);
#394=LINE('',#2964,#592);
#395=LINE('',#2968,#593);
#396=LINE('',#2972,#594);
#397=LINE('',#2976,#595);
#398=LINE('',#2980,#596);
#399=LINE('',#2981,#597);
#400=LINE('',#2984,#598);
#401=LINE('',#2986,#599);
#402=LINE('',#2988,#600);
#403=LINE('',#2990,#601);
#404=LINE('',#2992,#602);
#405=LINE('',#2993,#603);
#406=LINE('',#2998,#604);
#407=LINE('',#3001,#605);
#408=LINE('',#3006,#606);
#409=LINE('',#3009,#607);
#410=LINE('',#3012,#608);
#411=LINE('',#3016,#609);
#412=LINE('',#3020,#610);
#413=LINE('',#3022,#611);
#414=LINE('',#3024,#612);
#415=LINE('',#3026,#613);
#416=LINE('',#3028,#614);
#417=LINE('',#3029,#615);
#418=LINE('',#3039,#616);
#419=LINE('',#3051,#617);
#420=LINE('',#3054,#618);
#421=LINE('',#3056,#619);
#422=LINE('',#3058,#620);
#423=LINE('',#3059,#621);
#424=LINE('',#3064,#622);
#425=LINE('',#3071,#623);
#426=LINE('',#3074,#624);
#427=LINE('',#3076,#625);
#428=LINE('',#3078,#626);
#429=LINE('',#3080,#627);
#430=LINE('',#3082,#628);
#431=LINE('',#3084,#629);
#432=LINE('',#3085,#630);
#433=LINE('',#3090,#631);
#434=LINE('',#3091,#632);
#435=LINE('',#3094,#633);
#436=LINE('',#3095,#634);
#437=LINE('',#3098,#635);
#438=LINE('',#3102,#636);
#439=LINE('',#3129,#637);
#440=LINE('',#3133,#638);
#441=LINE('',#3139,#639);
#442=LINE('',#3140,#640);
#443=LINE('',#3143,#641);
#444=LINE('',#3144,#642);
#445=LINE('',#3150,#643);
#446=LINE('',#3153,#644);
#447=LINE('',#3155,#645);
#448=LINE('',#3156,#646);
#449=LINE('',#3159,#647);
#450=LINE('',#3162,#648);
#451=LINE('',#3164,#649);
#452=LINE('',#3166,#650);
#453=LINE('',#3168,#651);
#454=LINE('',#3170,#652);
#455=LINE('',#3171,#653);
#456=LINE('',#3172,#654);
#457=LINE('',#3174,#655);
#458=LINE('',#3176,#656);
#459=LINE('',#3180,#657);
#460=LINE('',#3181,#658);
#461=LINE('',#3183,#659);
#462=LINE('',#3186,#660);
#463=LINE('',#3188,#661);
#464=LINE('',#3192,#662);
#465=LINE('',#3194,#663);
#466=LINE('',#3197,#664);
#467=LINE('',#3201,#665);
#468=LINE('',#3203,#666);
#469=LINE('',#3205,#667);
#470=LINE('',#3206,#668);
#471=LINE('',#3208,#669);
#472=LINE('',#3210,#670);
#473=LINE('',#3211,#671);
#474=LINE('',#3222,#672);
#475=LINE('',#3236,#673);
#476=LINE('',#3239,#674);
#477=LINE('',#3240,#675);
#478=LINE('',#3243,#676);
#479=LINE('',#3246,#677);
#480=LINE('',#3250,#678);
#481=LINE('',#3254,#679);
#482=LINE('',#3258,#680);
#483=LINE('',#3259,#681);
#484=LINE('',#3263,#682);
#485=LINE('',#3266,#683);
#486=LINE('',#3268,#684);
#487=LINE('',#3270,#685);
#488=LINE('',#3272,#686);
#489=LINE('',#3273,#687);
#490=LINE('',#3276,#688);
#491=LINE('',#3285,#689);
#492=LINE('',#3288,#690);
#493=LINE('',#3293,#691);
#494=LINE('',#3296,#692);
#495=LINE('',#3301,#693);
#496=LINE('',#3304,#694);
#497=LINE('',#3306,#695);
#498=LINE('',#3313,#696);
#499=LINE('',#3314,#697);
#500=LINE('',#3317,#698);
#501=LINE('',#3318,#699);
#502=LINE('',#3322,#700);
#503=LINE('',#3327,#701);
#504=LINE('',#3328,#702);
#505=LINE('',#3331,#703);
#506=LINE('',#3332,#704);
#507=LINE('',#3336,#705);
#508=LINE('',#3341,#706);
#509=LINE('',#3342,#707);
#510=LINE('',#3345,#708);
#511=LINE('',#3346,#709);
#512=LINE('',#3350,#710);
#513=LINE('',#3352,#711);
#514=LINE('',#3355,#712);
#515=LINE('',#3357,#713);
#516=LINE('',#3359,#714);
#517=LINE('',#3362,#715);
#518=LINE('',#3364,#716);
#519=LINE('',#3366,#717);
#520=LINE('',#3372,#718);
#521=LINE('',#3375,#719);
#522=LINE('',#3377,#720);
#523=LINE('',#3379,#721);
#524=LINE('',#3382,#722);
#525=LINE('',#3386,#723);
#526=LINE('',#3388,#724);
#527=LINE('',#3389,#725);
#528=LINE('',#3392,#726);
#529=LINE('',#3393,#727);
#530=LINE('',#3396,#728);
#531=LINE('',#3397,#729);
#532=LINE('',#3400,#730);
#533=LINE('',#3401,#731);
#534=LINE('',#3404,#732);
#535=LINE('',#3405,#733);
#536=LINE('',#3407,#734);
#537=LINE('',#3411,#735);
#538=LINE('',#3413,#736);
#539=LINE('',#3414,#737);
#540=LINE('',#3417,#738);
#541=LINE('',#3418,#739);
#542=LINE('',#3421,#740);
#543=LINE('',#3422,#741);
#544=LINE('',#3425,#742);
#545=LINE('',#3426,#743);
#546=LINE('',#3429,#744);
#547=LINE('',#3430,#745);
#548=LINE('',#3432,#746);
#549=LINE('',#3436,#747);
#550=LINE('',#3438,#748);
#551=LINE('',#3439,#749);
#552=LINE('',#3442,#750);
#553=LINE('',#3446,#751);
#554=LINE('',#3447,#752);
#555=LINE('',#3453,#753);
#556=LINE('',#3456,#754);
#557=LINE('',#3459,#755);
#558=LINE('',#3460,#756);
#559=LINE('',#3463,#757);
#560=LINE('',#3466,#758);
#561=LINE('',#3470,#759);
#562=LINE('',#3473,#760);
#563=LINE('',#3476,#761);
#564=LINE('',#3477,#762);
#565=LINE('',#3480,#763);
#566=LINE('',#3483,#764);
#567=LINE('',#3489,#765);
#568=LINE('',#3494,#766);
#569=LINE('',#3503,#767);
#570=LINE('',#3512,#768);
#571=LINE('',#3521,#769);
#572=LINE('',#3527,#770);
#573=LINE('',#3529,#771);
#574=LINE('',#3531,#772);
#575=LINE('',#3533,#773);
#576=VECTOR('',#2314,10.);
#577=VECTOR('',#2317,10.);
#578=VECTOR('',#2320,10.);
#579=VECTOR('',#2321,10.);
#580=VECTOR('',#2322,10.);
#581=VECTOR('',#2325,10.);
#582=VECTOR('',#2328,10.);
#583=VECTOR('',#2331,10.);
#584=VECTOR('',#2334,10.);
#585=VECTOR('',#2337,10.);
#586=VECTOR('',#2340,10.);
#587=VECTOR('',#2341,1000.);
#588=VECTOR('',#2346,1000.);
#589=VECTOR('',#2347,1000.);
#590=VECTOR('',#2348,1000.);
#591=VECTOR('',#2349,1000.);
#592=VECTOR('',#2350,1000.);
#593=VECTOR('',#2353,1000.);
#594=VECTOR('',#2356,1000.);
#595=VECTOR('',#2359,1000.);
#596=VECTOR('',#2362,10.);
#597=VECTOR('',#2363,10.);
#598=VECTOR('',#2364,1000.);
#599=VECTOR('',#2365,1000.);
#600=VECTOR('',#2366,1000.);
#601=VECTOR('',#2367,1000.);
#602=VECTOR('',#2368,1000.);
#603=VECTOR('',#2369,1000.);
#604=VECTOR('',#2372,1000.);
#605=VECTOR('',#2375,1000.);
#606=VECTOR('',#2378,1000.);
#607=VECTOR('',#2381,1000.);
#608=VECTOR('',#2382,1000.);
#609=VECTOR('',#2385,1000.);
#610=VECTOR('',#2388,1000.);
#611=VECTOR('',#2389,1000.);
#612=VECTOR('',#2390,1000.);
#613=VECTOR('',#2391,1000.);
#614=VECTOR('',#2392,1000.);
#615=VECTOR('',#2393,1000.);
#616=VECTOR('',#2402,10.);
#617=VECTOR('',#2405,10.);
#618=VECTOR('',#2408,10.);
#619=VECTOR('',#2409,1000.);
#620=VECTOR('',#2410,10.);
#621=VECTOR('',#2411,10.);
#622=VECTOR('',#2416,10.);
#623=VECTOR('',#2423,10.);
#624=VECTOR('',#2426,10.);
#625=VECTOR('',#2429,10.);
#626=VECTOR('',#2430,10.);
#627=VECTOR('',#2431,10.);
#628=VECTOR('',#2432,10.);
#629=VECTOR('',#2433,10.);
#630=VECTOR('',#2434,10.);
#631=VECTOR('',#2439,2.);
#632=VECTOR('',#2440,2.);
#633=VECTOR('',#2443,1000.);
#634=VECTOR('',#2444,1000.);
#635=VECTOR('',#2447,10.);
#636=VECTOR('',#2450,10.);
#637=VECTOR('',#2451,10.);
#638=VECTOR('',#2456,1.);
#639=VECTOR('',#2463,10.);
#640=VECTOR('',#2464,10.);
#641=VECTOR('',#2467,1000.);
#642=VECTOR('',#2468,1000.);
#643=VECTOR('',#2473,10.);
#644=VECTOR('',#2476,10.);
#645=VECTOR('',#2479,10.);
#646=VECTOR('',#2480,10.);
#647=VECTOR('',#2483,10.);
#648=VECTOR('',#2486,10.);
#649=VECTOR('',#2489,10.);
#650=VECTOR('',#2490,10.);
#651=VECTOR('',#2491,10.);
#652=VECTOR('',#2492,10.);
#653=VECTOR('',#2493,10.);
#654=VECTOR('',#2494,10.);
#655=VECTOR('',#2497,10.);
#656=VECTOR('',#2498,10.);
#657=VECTOR('',#2503,10.);
#658=VECTOR('',#2504,10.);
#659=VECTOR('',#2507,10.);
#660=VECTOR('',#2510,10.);
#661=VECTOR('',#2511,10.);
#662=VECTOR('',#2516,10.);
#663=VECTOR('',#2519,10.);
#664=VECTOR('',#2522,10.);
#665=VECTOR('',#2527,10.);
#666=VECTOR('',#2528,10.);
#667=VECTOR('',#2529,10.);
#668=VECTOR('',#2530,10.);
#669=VECTOR('',#2533,10.);
#670=VECTOR('',#2534,10.);
#671=VECTOR('',#2535,10.);
#672=VECTOR('',#2552,10.);
#673=VECTOR('',#2567,10.);
#674=VECTOR('',#2572,10.);
#675=VECTOR('',#2573,10.);
#676=VECTOR('',#2578,10.);
#677=VECTOR('',#2581,3.);
#678=VECTOR('',#2586,3.);
#679=VECTOR('',#2591,3.);
#680=VECTOR('',#2596,10.);
#681=VECTOR('',#2597,10.);
#682=VECTOR('',#2600,1000.);
#683=VECTOR('',#2603,1000.);
#684=VECTOR('',#2604,1000.);
#685=VECTOR('',#2605,1000.);
#686=VECTOR('',#2606,1000.);
#687=VECTOR('',#2607,1000.);
#688=VECTOR('',#2610,1000.);
#689=VECTOR('',#2617,1000.);
#690=VECTOR('',#2620,1000.);
#691=VECTOR('',#2623,1000.);
#692=VECTOR('',#2626,1000.);
#693=VECTOR('',#2629,1000.);
#694=VECTOR('',#2632,1000.);
#695=VECTOR('',#2635,10.);
#696=VECTOR('',#2644,1000.);
#697=VECTOR('',#2645,1000.);
#698=VECTOR('',#2648,1000.);
#699=VECTOR('',#2649,1000.);
#700=VECTOR('',#2654,1000.);
#701=VECTOR('',#2659,1000.);
#702=VECTOR('',#2660,1000.);
#703=VECTOR('',#2663,1000.);
#704=VECTOR('',#2664,1000.);
#705=VECTOR('',#2669,1000.);
#706=VECTOR('',#2674,1000.);
#707=VECTOR('',#2675,1000.);
#708=VECTOR('',#2678,1000.);
#709=VECTOR('',#2679,1000.);
#710=VECTOR('',#2684,1000.);
#711=VECTOR('',#2687,1000.);
#712=VECTOR('',#2692,1000.);
#713=VECTOR('',#2695,1000.);
#714=VECTOR('',#2698,1000.);
#715=VECTOR('',#2703,1000.);
#716=VECTOR('',#2706,1000.);
#717=VECTOR('',#2709,1000.);
#718=VECTOR('',#2716,2.10000180038513);
#719=VECTOR('',#2721,1000.);
#720=VECTOR('',#2724,1000.);
#721=VECTOR('',#2727,1000.);
#722=VECTOR('',#2730,2.1);
#723=VECTOR('',#2735,1000.);
#724=VECTOR('',#2736,1000.);
#725=VECTOR('',#2737,1000.);
#726=VECTOR('',#2740,1000.);
#727=VECTOR('',#2741,1000.);
#728=VECTOR('',#2744,1000.);
#729=VECTOR('',#2745,1000.);
#730=VECTOR('',#2748,1000.);
#731=VECTOR('',#2749,1000.);
#732=VECTOR('',#2752,1000.);
#733=VECTOR('',#2753,1000.);
#734=VECTOR('',#2756,1000.);
#735=VECTOR('',#2761,1000.);
#736=VECTOR('',#2762,1000.);
#737=VECTOR('',#2763,1000.);
#738=VECTOR('',#2766,1000.);
#739=VECTOR('',#2767,1000.);
#740=VECTOR('',#2770,1000.);
#741=VECTOR('',#2771,1000.);
#742=VECTOR('',#2774,1000.);
#743=VECTOR('',#2775,1000.);
#744=VECTOR('',#2778,1000.);
#745=VECTOR('',#2779,1000.);
#746=VECTOR('',#2782,1000.);
#747=VECTOR('',#2787,1000.);
#748=VECTOR('',#2788,1000.);
#749=VECTOR('',#2789,1000.);
#750=VECTOR('',#2792,1000.);
#751=VECTOR('',#2797,1000.);
#752=VECTOR('',#2798,1000.);
#753=VECTOR('',#2807,1000.);
#754=VECTOR('',#2810,1000.);
#755=VECTOR('',#2813,1000.);
#756=VECTOR('',#2814,1000.);
#757=VECTOR('',#2817,1000.);
#758=VECTOR('',#2822,1000.);
#759=VECTOR('',#2827,1000.);
#760=VECTOR('',#2830,1000.);
#761=VECTOR('',#2833,1000.);
#762=VECTOR('',#2834,1000.);
#763=VECTOR('',#2837,1000.);
#764=VECTOR('',#2842,1000.);
#765=VECTOR('',#2851,1.);
#766=VECTOR('',#2856,3.);
#767=VECTOR('',#2867,3.);
#768=VECTOR('',#2878,3.);
#769=VECTOR('',#2889,3.);
#770=VECTOR('',#2898,1.75);
#771=VECTOR('',#2901,1.75);
#772=VECTOR('',#2904,1.75);
#773=VECTOR('',#2907,1.75);
#774=CIRCLE('',#2108,2.);
#775=CIRCLE('',#2109,2.);
#776=CIRCLE('',#2112,2.);
#777=CIRCLE('',#2113,2.);
#778=CIRCLE('',#2114,2.);
#779=CIRCLE('',#2115,2.);
#780=CIRCLE('',#2116,2.);
#781=CIRCLE('',#2117,4.52015723477009);
#782=CIRCLE('',#2118,2.);
#783=CIRCLE('',#2119,2.);
#784=CIRCLE('',#2120,0.80400000000001);
#785=CIRCLE('',#2121,3.0018919291544);
#786=CIRCLE('',#2122,2.);
#787=CIRCLE('',#2123,1.59986556376678);
#788=CIRCLE('',#2124,1.60000031121134);
#789=CIRCLE('',#2125,1.6);
#790=CIRCLE('',#2126,1.6);
#791=CIRCLE('',#2127,1.6);
#792=CIRCLE('',#2128,1.6);
#793=CIRCLE('',#2129,3.);
#794=CIRCLE('',#2130,3.);
#795=CIRCLE('',#2139,2.);
#796=CIRCLE('',#2140,2.);
#797=CIRCLE('',#2143,2.);
#798=CIRCLE('',#2146,2.);
#799=CIRCLE('',#2151,2.);
#800=CIRCLE('',#2154,2.);
#801=CIRCLE('',#2155,2.);
#802=CIRCLE('',#2158,2.);
#803=CIRCLE('',#2161,2.);
#804=CIRCLE('',#2169,2.);
#805=CIRCLE('',#2173,2.);
#806=CIRCLE('',#2179,2.);
#807=CIRCLE('',#2180,2.);
#808=CIRCLE('',#2181,1.75);
#809=CIRCLE('',#2182,1.75);
#810=CIRCLE('',#2183,1.75);
#811=CIRCLE('',#2184,1.75);
#812=CIRCLE('',#2185,3.);
#813=CIRCLE('',#2187,2.);
#814=CIRCLE('',#2192,3.);
#815=CIRCLE('',#2194,3.);
#816=CIRCLE('',#2196,3.);
#817=CIRCLE('',#2198,3.0018919291544);
#818=CIRCLE('',#2199,0.80400000000001);
#819=CIRCLE('',#2200,4.52015723477009);
#820=CIRCLE('',#2201,2.1);
#821=CIRCLE('',#2202,2.10000180038513);
#822=CIRCLE('',#2203,2.99998937043711);
#823=CIRCLE('',#2204,2.99998937043711);
#824=CIRCLE('',#2205,3.00007925025167);
#825=CIRCLE('',#2206,3.);
#826=CIRCLE('',#2207,3.);
#827=CIRCLE('',#2208,3.);
#828=CIRCLE('',#2213,2.99998937043711);
#829=CIRCLE('',#2216,2.99998937043711);
#830=CIRCLE('',#2218,3.00007925025167);
#831=CIRCLE('',#2221,3.);
#832=CIRCLE('',#2223,3.);
#833=CIRCLE('',#2226,3.);
#834=CIRCLE('',#2239,2.10000180038513);
#835=CIRCLE('',#2244,2.1);
#836=CIRCLE('',#2261,1.6);
#837=CIRCLE('',#2264,1.6);
#838=CIRCLE('',#2267,1.6);
#839=CIRCLE('',#2270,1.6);
#840=CIRCLE('',#2274,1.59986556376678);
#841=CIRCLE('',#2277,1.60000031121134);
#842=CIRCLE('',#2281,1.);
#843=CIRCLE('',#2284,3.);
#844=CIRCLE('',#2285,3.);
#845=CIRCLE('',#2287,1.75);
#846=CIRCLE('',#2289,3.);
#847=CIRCLE('',#2290,3.);
#848=CIRCLE('',#2292,1.75);
#849=CIRCLE('',#2294,3.);
#850=CIRCLE('',#2295,3.);
#851=CIRCLE('',#2297,1.75);
#852=CIRCLE('',#2299,3.);
#853=CIRCLE('',#2300,3.);
#854=CIRCLE('',#2302,1.75);
#855=VERTEX_POINT('',#2912);
#856=VERTEX_POINT('',#2913);
#857=VERTEX_POINT('',#2915);
#858=VERTEX_POINT('',#2917);
#859=VERTEX_POINT('',#2921);
#860=VERTEX_POINT('',#2923);
#861=VERTEX_POINT('',#2927);
#862=VERTEX_POINT('',#2929);
#863=VERTEX_POINT('',#2931);
#864=VERTEX_POINT('',#2933);
#865=VERTEX_POINT('',#2935);
#866=VERTEX_POINT('',#2937);
#867=VERTEX_POINT('',#2939);
#868=VERTEX_POINT('',#2941);
#869=VERTEX_POINT('',#2943);
#870=VERTEX_POINT('',#2945);
#871=VERTEX_POINT('',#2947);
#872=VERTEX_POINT('',#2949);
#873=VERTEX_POINT('',#2951);
#874=VERTEX_POINT('',#2953);
#875=VERTEX_POINT('',#2955);
#876=VERTEX_POINT('',#2957);
#877=VERTEX_POINT('',#2959);
#878=VERTEX_POINT('',#2961);
#879=VERTEX_POINT('',#2963);
#880=VERTEX_POINT('',#2965);
#881=VERTEX_POINT('',#2967);
#882=VERTEX_POINT('',#2969);
#883=VERTEX_POINT('',#2971);
#884=VERTEX_POINT('',#2973);
#885=VERTEX_POINT('',#2975);
#886=VERTEX_POINT('',#2977);
#887=VERTEX_POINT('',#2979);
#888=VERTEX_POINT('',#2982);
#889=VERTEX_POINT('',#2983);
#890=VERTEX_POINT('',#2985);
#891=VERTEX_POINT('',#2987);
#892=VERTEX_POINT('',#2989);
#893=VERTEX_POINT('',#2991);
#894=VERTEX_POINT('',#2994);
#895=VERTEX_POINT('',#2995);
#896=VERTEX_POINT('',#2997);
#897=VERTEX_POINT('',#2999);
#898=VERTEX_POINT('',#3002);
#899=VERTEX_POINT('',#3003);
#900=VERTEX_POINT('',#3005);
#901=VERTEX_POINT('',#3007);
#902=VERTEX_POINT('',#3010);
#903=VERTEX_POINT('',#3011);
#904=VERTEX_POINT('',#3013);
#905=VERTEX_POINT('',#3015);
#906=VERTEX_POINT('',#3018);
#907=VERTEX_POINT('',#3019);
#908=VERTEX_POINT('',#3021);
#909=VERTEX_POINT('',#3023);
#910=VERTEX_POINT('',#3025);
#911=VERTEX_POINT('',#3027);
#912=VERTEX_POINT('',#3030);
#913=VERTEX_POINT('',#3032);
#914=VERTEX_POINT('',#3035);
#915=VERTEX_POINT('',#3036);
#916=VERTEX_POINT('',#3038);
#917=VERTEX_POINT('',#3040);
#918=VERTEX_POINT('',#3042);
#919=VERTEX_POINT('',#3053);
#920=VERTEX_POINT('',#3055);
#921=VERTEX_POINT('',#3057);
#922=VERTEX_POINT('',#3061);
#923=VERTEX_POINT('',#3063);
#924=VERTEX_POINT('',#3067);
#925=VERTEX_POINT('',#3068);
#926=VERTEX_POINT('',#3070);
#927=VERTEX_POINT('',#3072);
#928=VERTEX_POINT('',#3077);
#929=VERTEX_POINT('',#3079);
#930=VERTEX_POINT('',#3081);
#931=VERTEX_POINT('',#3083);
#932=VERTEX_POINT('',#3087);
#933=VERTEX_POINT('',#3088);
#934=VERTEX_POINT('',#3093);
#935=VERTEX_POINT('',#3097);
#936=VERTEX_POINT('',#3099);
#937=VERTEX_POINT('',#3101);
#938=VERTEX_POINT('',#3103);
#939=VERTEX_POINT('',#3116);
#940=VERTEX_POINT('',#3132);
#941=VERTEX_POINT('',#3136);
#942=VERTEX_POINT('',#3137);
#943=VERTEX_POINT('',#3142);
#944=VERTEX_POINT('',#3146);
#945=VERTEX_POINT('',#3147);
#946=VERTEX_POINT('',#3149);
#947=VERTEX_POINT('',#3151);
#948=VERTEX_POINT('',#3158);
#949=VERTEX_POINT('',#3160);
#950=VERTEX_POINT('',#3165);
#951=VERTEX_POINT('',#3167);
#952=VERTEX_POINT('',#3169);
#953=VERTEX_POINT('',#3175);
#954=VERTEX_POINT('',#3179);
#955=VERTEX_POINT('',#3185);
#956=VERTEX_POINT('',#3187);
#957=VERTEX_POINT('',#3191);
#958=VERTEX_POINT('',#3196);
#959=VERTEX_POINT('',#3200);
#960=VERTEX_POINT('',#3202);
#961=VERTEX_POINT('',#3204);
#962=VERTEX_POINT('',#3209);
#963=VERTEX_POINT('',#3219);
#964=VERTEX_POINT('',#3221);
#965=VERTEX_POINT('',#3224);
#966=VERTEX_POINT('',#3226);
#967=VERTEX_POINT('',#3228);
#968=VERTEX_POINT('',#3230);
#969=VERTEX_POINT('',#3232);
#970=VERTEX_POINT('',#3235);
#971=VERTEX_POINT('',#3245);
#972=VERTEX_POINT('',#3249);
#973=VERTEX_POINT('',#3253);
#974=VERTEX_POINT('',#3257);
#975=VERTEX_POINT('',#3260);
#976=VERTEX_POINT('',#3262);
#977=VERTEX_POINT('',#3264);
#978=VERTEX_POINT('',#3267);
#979=VERTEX_POINT('',#3269);
#980=VERTEX_POINT('',#3271);
#981=VERTEX_POINT('',#3274);
#982=VERTEX_POINT('',#3277);
#983=VERTEX_POINT('',#3279);
#984=VERTEX_POINT('',#3281);
#985=VERTEX_POINT('',#3282);
#986=VERTEX_POINT('',#3284);
#987=VERTEX_POINT('',#3286);
#988=VERTEX_POINT('',#3289);
#989=VERTEX_POINT('',#3290);
#990=VERTEX_POINT('',#3292);
#991=VERTEX_POINT('',#3294);
#992=VERTEX_POINT('',#3297);
#993=VERTEX_POINT('',#3298);
#994=VERTEX_POINT('',#3300);
#995=VERTEX_POINT('',#3302);
#996=VERTEX_POINT('',#3310);
#997=VERTEX_POINT('',#3311);
#998=VERTEX_POINT('',#3316);
#999=VERTEX_POINT('',#3320);
#1000=VERTEX_POINT('',#3324);
#1001=VERTEX_POINT('',#3325);
#1002=VERTEX_POINT('',#3330);
#1003=VERTEX_POINT('',#3334);
#1004=VERTEX_POINT('',#3338);
#1005=VERTEX_POINT('',#3339);
#1006=VERTEX_POINT('',#3344);
#1007=VERTEX_POINT('',#3348);
#1008=VERTEX_POINT('',#3368);
#1009=VERTEX_POINT('',#3371);
#1010=VERTEX_POINT('',#3381);
#1011=VERTEX_POINT('',#3385);
#1012=VERTEX_POINT('',#3387);
#1013=VERTEX_POINT('',#3391);
#1014=VERTEX_POINT('',#3395);
#1015=VERTEX_POINT('',#3399);
#1016=VERTEX_POINT('',#3403);
#1017=VERTEX_POINT('',#3410);
#1018=VERTEX_POINT('',#3412);
#1019=VERTEX_POINT('',#3416);
#1020=VERTEX_POINT('',#3420);
#1021=VERTEX_POINT('',#3424);
#1022=VERTEX_POINT('',#3428);
#1023=VERTEX_POINT('',#3435);
#1024=VERTEX_POINT('',#3437);
#1025=VERTEX_POINT('',#3441);
#1026=VERTEX_POINT('',#3445);
#1027=VERTEX_POINT('',#3452);
#1028=VERTEX_POINT('',#3454);
#1029=VERTEX_POINT('',#3458);
#1030=VERTEX_POINT('',#3462);
#1031=VERTEX_POINT('',#3469);
#1032=VERTEX_POINT('',#3471);
#1033=VERTEX_POINT('',#3475);
#1034=VERTEX_POINT('',#3479);
#1035=VERTEX_POINT('',#3486);
#1036=VERTEX_POINT('',#3491);
#1037=VERTEX_POINT('',#3493);
#1038=VERTEX_POINT('',#3497);
#1039=VERTEX_POINT('',#3500);
#1040=VERTEX_POINT('',#3502);
#1041=VERTEX_POINT('',#3506);
#1042=VERTEX_POINT('',#3509);
#1043=VERTEX_POINT('',#3511);
#1044=VERTEX_POINT('',#3515);
#1045=VERTEX_POINT('',#3518);
#1046=VERTEX_POINT('',#3520);
#1047=VERTEX_POINT('',#3524);
#1048=EDGE_CURVE('',#855,#856,#774,.T.);
#1049=EDGE_CURVE('',#856,#857,#378,.T.);
#1050=EDGE_CURVE('',#857,#858,#775,.T.);
#1051=EDGE_CURVE('',#858,#855,#379,.T.);
#1052=EDGE_CURVE('',#859,#858,#380,.T.);
#1053=EDGE_CURVE('',#859,#860,#381,.T.);
#1054=EDGE_CURVE('',#860,#855,#382,.T.);
#1055=EDGE_CURVE('',#861,#857,#383,.T.);
#1056=EDGE_CURVE('',#862,#861,#776,.T.);
#1057=EDGE_CURVE('',#863,#862,#384,.T.);
#1058=EDGE_CURVE('',#864,#863,#777,.T.);
#1059=EDGE_CURVE('',#864,#865,#385,.T.);
#1060=EDGE_CURVE('',#866,#865,#778,.T.);
#1061=EDGE_CURVE('',#866,#867,#386,.T.);
#1062=EDGE_CURVE('',#868,#867,#779,.T.);
#1063=EDGE_CURVE('',#869,#868,#387,.T.);
#1064=EDGE_CURVE('',#870,#869,#780,.T.);
#1065=EDGE_CURVE('',#871,#870,#388,.T.);
#1066=EDGE_CURVE('',#871,#872,#389,.T.);
#1067=EDGE_CURVE('',#873,#872,#781,.T.);
#1068=EDGE_CURVE('',#874,#873,#782,.T.);
#1069=EDGE_CURVE('',#875,#874,#390,.T.);
#1070=EDGE_CURVE('',#876,#875,#391,.T.);
#1071=EDGE_CURVE('',#877,#876,#392,.T.);
#1072=EDGE_CURVE('',#878,#877,#393,.T.);
#1073=EDGE_CURVE('',#879,#878,#394,.T.);
#1074=EDGE_CURVE('',#880,#879,#783,.T.);
#1075=EDGE_CURVE('',#881,#880,#395,.T.);
#1076=EDGE_CURVE('',#882,#881,#784,.T.);
#1077=EDGE_CURVE('',#883,#882,#396,.T.);
#1078=EDGE_CURVE('',#883,#884,#785,.T.);
#1079=EDGE_CURVE('',#884,#885,#397,.T.);
#1080=EDGE_CURVE('',#886,#885,#786,.T.);
#1081=EDGE_CURVE('',#886,#887,#398,.T.);
#1082=EDGE_CURVE('',#887,#859,#399,.T.);
#1083=EDGE_CURVE('',#888,#889,#400,.T.);
#1084=EDGE_CURVE('',#889,#890,#401,.T.);
#1085=EDGE_CURVE('',#890,#891,#402,.T.);
#1086=EDGE_CURVE('',#891,#892,#403,.T.);
#1087=EDGE_CURVE('',#892,#893,#404,.T.);
#1088=EDGE_CURVE('',#893,#888,#405,.T.);
#1089=EDGE_CURVE('',#894,#895,#787,.T.);
#1090=EDGE_CURVE('',#895,#896,#406,.T.);
#1091=EDGE_CURVE('',#896,#897,#788,.T.);
#1092=EDGE_CURVE('',#897,#894,#407,.T.);
#1093=EDGE_CURVE('',#898,#899,#789,.T.);
#1094=EDGE_CURVE('',#900,#899,#408,.T.);
#1095=EDGE_CURVE('',#900,#901,#790,.T.);
#1096=EDGE_CURVE('',#898,#901,#409,.T.);
#1097=EDGE_CURVE('',#902,#903,#410,.T.);
#1098=EDGE_CURVE('',#903,#904,#791,.T.);
#1099=EDGE_CURVE('',#905,#904,#411,.T.);
#1100=EDGE_CURVE('',#905,#902,#792,.T.);
#1101=EDGE_CURVE('',#906,#907,#412,.T.);
#1102=EDGE_CURVE('',#907,#908,#413,.T.);
#1103=EDGE_CURVE('',#908,#909,#414,.T.);
#1104=EDGE_CURVE('',#909,#910,#415,.T.);
#1105=EDGE_CURVE('',#910,#911,#416,.T.);
#1106=EDGE_CURVE('',#911,#906,#417,.T.);
#1107=EDGE_CURVE('',#912,#912,#793,.T.);
#1108=EDGE_CURVE('',#913,#913,#794,.T.);
#1109=EDGE_CURVE('',#914,#915,#18,.T.);
#1110=EDGE_CURVE('',#914,#916,#418,.T.);
#1111=EDGE_CURVE('',#916,#917,#19,.F.);
#1112=EDGE_CURVE('',#917,#918,#15,.F.);
#1113=EDGE_CURVE('',#918,#915,#419,.T.);
#1114=EDGE_CURVE('',#919,#918,#420,.T.);
#1115=EDGE_CURVE('',#919,#920,#421,.T.);
#1116=EDGE_CURVE('',#921,#920,#422,.T.);
#1117=EDGE_CURVE('',#915,#921,#423,.T.);
#1118=EDGE_CURVE('',#922,#920,#20,.T.);
#1119=EDGE_CURVE('',#922,#923,#424,.T.);
#1120=EDGE_CURVE('',#921,#923,#21,.T.);
#1121=EDGE_CURVE('',#924,#925,#795,.T.);
#1122=EDGE_CURVE('',#924,#926,#425,.T.);
#1123=EDGE_CURVE('',#926,#927,#796,.F.);
#1124=EDGE_CURVE('',#927,#925,#426,.T.);
#1125=EDGE_CURVE('',#927,#923,#427,.T.);
#1126=EDGE_CURVE('',#923,#928,#428,.T.);
#1127=EDGE_CURVE('',#929,#928,#429,.T.);
#1128=EDGE_CURVE('',#929,#930,#430,.T.);
#1129=EDGE_CURVE('',#931,#930,#431,.T.);
#1130=EDGE_CURVE('',#925,#931,#432,.T.);
#1131=EDGE_CURVE('',#932,#933,#797,.F.);
#1132=EDGE_CURVE('',#932,#886,#433,.T.);
#1133=EDGE_CURVE('',#885,#933,#434,.T.);
#1134=EDGE_CURVE('',#934,#884,#435,.T.);
#1135=EDGE_CURVE('',#934,#933,#436,.T.);
#1136=EDGE_CURVE('',#879,#935,#437,.T.);
#1137=EDGE_CURVE('',#935,#936,#798,.T.);
#1138=EDGE_CURVE('',#936,#937,#438,.T.);
#1139=EDGE_CURVE('',#937,#938,#16,.T.);
#1140=EDGE_CURVE('',#938,#939,#17,.T.);
#1141=EDGE_CURVE('',#939,#880,#439,.T.);
#1142=EDGE_CURVE('',#937,#939,#22,.F.);
#1143=EDGE_CURVE('',#938,#940,#440,.T.);
#1144=EDGE_CURVE('',#940,#940,#23,.F.);
#1145=EDGE_CURVE('',#941,#942,#799,.T.);
#1146=EDGE_CURVE('',#942,#874,#441,.T.);
#1147=EDGE_CURVE('',#873,#941,#442,.T.);
#1148=EDGE_CURVE('',#943,#942,#443,.T.);
#1149=EDGE_CURVE('',#943,#875,#444,.T.);
#1150=EDGE_CURVE('',#944,#945,#800,.T.);
#1151=EDGE_CURVE('',#944,#946,#445,.T.);
#1152=EDGE_CURVE('',#946,#947,#801,.F.);
#1153=EDGE_CURVE('',#947,#945,#446,.T.);
#1154=EDGE_CURVE('',#945,#924,#447,.T.);
#1155=EDGE_CURVE('',#926,#947,#448,.T.);
#1156=EDGE_CURVE('',#863,#948,#449,.T.);
#1157=EDGE_CURVE('',#948,#949,#802,.T.);
#1158=EDGE_CURVE('',#949,#864,#450,.T.);
#1159=EDGE_CURVE('',#948,#944,#451,.T.);
#1160=EDGE_CURVE('',#950,#862,#452,.T.);
#1161=EDGE_CURVE('',#951,#950,#453,.T.);
#1162=EDGE_CURVE('',#952,#951,#454,.T.);
#1163=EDGE_CURVE('',#914,#952,#455,.T.);
#1164=EDGE_CURVE('',#914,#946,#456,.T.);
#1165=EDGE_CURVE('',#917,#866,#457,.F.);
#1166=EDGE_CURVE('',#865,#953,#458,.T.);
#1167=EDGE_CURVE('',#919,#953,#803,.F.);
#1168=EDGE_CURVE('',#916,#954,#459,.T.);
#1169=EDGE_CURVE('',#867,#954,#460,.T.);
#1170=EDGE_CURVE('',#954,#952,#461,.T.);
#1171=EDGE_CURVE('',#955,#870,#462,.T.);
#1172=EDGE_CURVE('',#869,#956,#463,.T.);
#1173=EDGE_CURVE('',#956,#955,#24,.T.);
#1174=EDGE_CURVE('',#956,#957,#464,.T.);
#1175=EDGE_CURVE('',#957,#928,#25,.T.);
#1176=EDGE_CURVE('',#928,#955,#465,.T.);
#1177=EDGE_CURVE('',#957,#958,#466,.T.);
#1178=EDGE_CURVE('',#958,#929,#804,.T.);
#1179=EDGE_CURVE('',#959,#868,#467,.T.);
#1180=EDGE_CURVE('',#960,#959,#468,.T.);
#1181=EDGE_CURVE('',#961,#960,#469,.T.);
#1182=EDGE_CURVE('',#961,#958,#470,.T.);
#1183=EDGE_CURVE('',#922,#955,#471,.T.);
#1184=EDGE_CURVE('',#962,#922,#472,.T.);
#1185=EDGE_CURVE('',#871,#962,#473,.T.);
#1186=EDGE_CURVE('',#951,#961,#805,.T.);
#1187=EDGE_CURVE('',#960,#952,#26,.T.);
#1188=EDGE_CURVE('',#959,#954,#27,.T.);
#1189=EDGE_CURVE('',#963,#950,#806,.T.);
#1190=EDGE_CURVE('',#964,#963,#474,.T.);
#1191=EDGE_CURVE('',#930,#964,#807,.T.);
#1192=EDGE_CURVE('',#965,#965,#808,.T.);
#1193=EDGE_CURVE('',#966,#966,#809,.T.);
#1194=EDGE_CURVE('',#967,#967,#810,.T.);
#1195=EDGE_CURVE('',#968,#968,#811,.T.);
#1196=EDGE_CURVE('',#969,#969,#812,.T.);
#1197=EDGE_CURVE('',#964,#970,#475,.T.);
#1198=EDGE_CURVE('',#970,#931,#813,.F.);
#1199=EDGE_CURVE('',#856,#970,#476,.T.);
#1200=EDGE_CURVE('',#861,#963,#477,.T.);
#1201=EDGE_CURVE('',#949,#953,#478,.T.);
#1202=EDGE_CURVE('',#969,#971,#479,.T.);
#1203=EDGE_CURVE('',#971,#971,#814,.T.);
#1204=EDGE_CURVE('',#913,#972,#480,.T.);
#1205=EDGE_CURVE('',#972,#972,#815,.T.);
#1206=EDGE_CURVE('',#912,#973,#481,.T.);
#1207=EDGE_CURVE('',#973,#973,#816,.T.);
#1208=EDGE_CURVE('',#860,#974,#482,.T.);
#1209=EDGE_CURVE('',#974,#932,#483,.T.);
#1210=EDGE_CURVE('',#975,#934,#817,.T.);
#1211=EDGE_CURVE('',#975,#976,#484,.T.);
#1212=EDGE_CURVE('',#976,#977,#818,.T.);
#1213=EDGE_CURVE('',#977,#936,#485,.T.);
#1214=EDGE_CURVE('',#935,#978,#486,.T.);
#1215=EDGE_CURVE('',#978,#979,#487,.T.);
#1216=EDGE_CURVE('',#979,#980,#488,.T.);
#1217=EDGE_CURVE('',#980,#943,#489,.T.);
#1218=EDGE_CURVE('',#941,#981,#819,.T.);
#1219=EDGE_CURVE('',#962,#981,#490,.T.);
#1220=EDGE_CURVE('',#982,#982,#820,.T.);
#1221=EDGE_CURVE('',#983,#983,#821,.T.);
#1222=EDGE_CURVE('',#984,#985,#822,.T.);
#1223=EDGE_CURVE('',#984,#986,#491,.T.);
#1224=EDGE_CURVE('',#987,#986,#823,.T.);
#1225=EDGE_CURVE('',#987,#985,#492,.T.);
#1226=EDGE_CURVE('',#988,#989,#824,.T.);
#1227=EDGE_CURVE('',#988,#990,#493,.T.);
#1228=EDGE_CURVE('',#991,#990,#825,.T.);
#1229=EDGE_CURVE('',#989,#991,#494,.T.);
#1230=EDGE_CURVE('',#992,#993,#826,.T.);
#1231=EDGE_CURVE('',#992,#994,#495,.T.);
#1232=EDGE_CURVE('',#995,#994,#827,.T.);
#1233=EDGE_CURVE('',#995,#993,#496,.T.);
#1234=EDGE_CURVE('',#974,#887,#497,.T.);
#1235=EDGE_CURVE('',#996,#997,#828,.T.);
#1236=EDGE_CURVE('',#984,#996,#498,.T.);
#1237=EDGE_CURVE('',#985,#997,#499,.T.);
#1238=EDGE_CURVE('',#996,#998,#500,.T.);
#1239=EDGE_CURVE('',#986,#998,#501,.T.);
#1240=EDGE_CURVE('',#999,#998,#829,.T.);
#1241=EDGE_CURVE('',#987,#999,#502,.T.);
#1242=EDGE_CURVE('',#1000,#1001,#830,.T.);
#1243=EDGE_CURVE('',#988,#1000,#503,.T.);
#1244=EDGE_CURVE('',#989,#1001,#504,.T.);
#1245=EDGE_CURVE('',#1000,#1002,#505,.T.);
#1246=EDGE_CURVE('',#990,#1002,#506,.T.);
#1247=EDGE_CURVE('',#1003,#1002,#831,.T.);
#1248=EDGE_CURVE('',#991,#1003,#507,.T.);
#1249=EDGE_CURVE('',#1004,#1005,#832,.T.);
#1250=EDGE_CURVE('',#992,#1004,#508,.T.);
#1251=EDGE_CURVE('',#993,#1005,#509,.T.);
#1252=EDGE_CURVE('',#1004,#1006,#510,.T.);
#1253=EDGE_CURVE('',#994,#1006,#511,.T.);
#1254=EDGE_CURVE('',#1007,#1006,#833,.T.);
#1255=EDGE_CURVE('',#995,#1007,#512,.T.);
#1256=EDGE_CURVE('',#981,#872,#513,.T.);
#1257=EDGE_CURVE('',#975,#883,#514,.T.);
#1258=EDGE_CURVE('',#976,#882,#515,.T.);
#1259=EDGE_CURVE('',#977,#881,#516,.T.);
#1260=EDGE_CURVE('',#978,#878,#517,.T.);
#1261=EDGE_CURVE('',#979,#877,#518,.T.);
#1262=EDGE_CURVE('',#980,#876,#519,.T.);
#1263=EDGE_CURVE('',#1008,#1008,#28,.F.);
#1264=EDGE_CURVE('',#983,#1009,#520,.T.);
#1265=EDGE_CURVE('',#1009,#1009,#834,.T.);
#1266=EDGE_CURVE('',#999,#997,#521,.T.);
#1267=EDGE_CURVE('',#1001,#1003,#522,.T.);
#1268=EDGE_CURVE('',#1007,#1005,#523,.T.);
#1269=EDGE_CURVE('',#982,#1010,#524,.T.);
#1270=EDGE_CURVE('',#1010,#1010,#835,.T.);
#1271=EDGE_CURVE('',#1011,#888,#525,.T.);
#1272=EDGE_CURVE('',#1011,#1012,#526,.T.);
#1273=EDGE_CURVE('',#1012,#889,#527,.T.);
#1274=EDGE_CURVE('',#1012,#1013,#528,.T.);
#1275=EDGE_CURVE('',#1013,#890,#529,.T.);
#1276=EDGE_CURVE('',#1013,#1014,#530,.T.);
#1277=EDGE_CURVE('',#1014,#891,#531,.T.);
#1278=EDGE_CURVE('',#1014,#1015,#532,.T.);
#1279=EDGE_CURVE('',#1015,#892,#533,.T.);
#1280=EDGE_CURVE('',#1015,#1016,#534,.T.);
#1281=EDGE_CURVE('',#1016,#893,#535,.T.);
#1282=EDGE_CURVE('',#1016,#1011,#536,.T.);
#1283=EDGE_CURVE('',#1017,#906,#537,.T.);
#1284=EDGE_CURVE('',#1017,#1018,#538,.T.);
#1285=EDGE_CURVE('',#1018,#907,#539,.T.);
#1286=EDGE_CURVE('',#1018,#1019,#540,.T.);
#1287=EDGE_CURVE('',#1019,#908,#541,.T.);
#1288=EDGE_CURVE('',#1019,#1020,#542,.T.);
#1289=EDGE_CURVE('',#1020,#909,#543,.T.);
#1290=EDGE_CURVE('',#1020,#1021,#544,.T.);
#1291=EDGE_CURVE('',#1021,#910,#545,.T.);
#1292=EDGE_CURVE('',#1021,#1022,#546,.T.);
#1293=EDGE_CURVE('',#1022,#911,#547,.T.);
#1294=EDGE_CURVE('',#1022,#1017,#548,.T.);
#1295=EDGE_CURVE('',#1023,#902,#549,.T.);
#1296=EDGE_CURVE('',#1023,#1024,#550,.T.);
#1297=EDGE_CURVE('',#1024,#903,#551,.T.);
#1298=EDGE_CURVE('',#1025,#905,#552,.T.);
#1299=EDGE_CURVE('',#1025,#1023,#836,.T.);
#1300=EDGE_CURVE('',#1026,#904,#553,.T.);
#1301=EDGE_CURVE('',#1025,#1026,#554,.T.);
#1302=EDGE_CURVE('',#1024,#1026,#837,.T.);
#1303=EDGE_CURVE('',#1027,#898,#555,.T.);
#1304=EDGE_CURVE('',#1027,#1028,#838,.T.);
#1305=EDGE_CURVE('',#1028,#899,#556,.T.);
#1306=EDGE_CURVE('',#1029,#901,#557,.T.);
#1307=EDGE_CURVE('',#1027,#1029,#558,.T.);
#1308=EDGE_CURVE('',#1030,#900,#559,.T.);
#1309=EDGE_CURVE('',#1030,#1029,#839,.T.);
#1310=EDGE_CURVE('',#1030,#1028,#560,.T.);
#1311=EDGE_CURVE('',#1031,#894,#561,.T.);
#1312=EDGE_CURVE('',#1031,#1032,#840,.T.);
#1313=EDGE_CURVE('',#1032,#895,#562,.T.);
#1314=EDGE_CURVE('',#1033,#897,#563,.T.);
#1315=EDGE_CURVE('',#1033,#1031,#564,.T.);
#1316=EDGE_CURVE('',#1034,#896,#565,.T.);
#1317=EDGE_CURVE('',#1034,#1033,#841,.T.);
#1318=EDGE_CURVE('',#1032,#1034,#566,.T.);
#1319=EDGE_CURVE('',#1035,#1035,#842,.T.);
#1320=EDGE_CURVE('',#1008,#1035,#567,.T.);
#1321=EDGE_CURVE('',#1036,#1036,#843,.T.);
#1322=EDGE_CURVE('',#1036,#1037,#568,.T.);
#1323=EDGE_CURVE('',#1037,#1037,#844,.T.);
#1324=EDGE_CURVE('',#1038,#1038,#845,.T.);
#1325=EDGE_CURVE('',#1039,#1039,#846,.T.);
#1326=EDGE_CURVE('',#1039,#1040,#569,.T.);
#1327=EDGE_CURVE('',#1040,#1040,#847,.T.);
#1328=EDGE_CURVE('',#1041,#1041,#848,.T.);
#1329=EDGE_CURVE('',#1042,#1042,#849,.T.);
#1330=EDGE_CURVE('',#1042,#1043,#570,.T.);
#1331=EDGE_CURVE('',#1043,#1043,#850,.T.);
#1332=EDGE_CURVE('',#1044,#1044,#851,.T.);
#1333=EDGE_CURVE('',#1045,#1045,#852,.T.);
#1334=EDGE_CURVE('',#1045,#1046,#571,.T.);
#1335=EDGE_CURVE('',#1046,#1046,#853,.T.);
#1336=EDGE_CURVE('',#1047,#1047,#854,.T.);
#1337=EDGE_CURVE('',#1038,#965,#572,.T.);
#1338=EDGE_CURVE('',#1044,#966,#573,.T.);
#1339=EDGE_CURVE('',#1047,#967,#574,.T.);
#1340=EDGE_CURVE('',#1041,#968,#575,.T.);
#1341=ORIENTED_EDGE('',*,*,#1048,.T.);
#1342=ORIENTED_EDGE('',*,*,#1049,.T.);
#1343=ORIENTED_EDGE('',*,*,#1050,.T.);
#1344=ORIENTED_EDGE('',*,*,#1051,.T.);
#1345=ORIENTED_EDGE('',*,*,#1051,.F.);
#1346=ORIENTED_EDGE('',*,*,#1052,.F.);
#1347=ORIENTED_EDGE('',*,*,#1053,.T.);
#1348=ORIENTED_EDGE('',*,*,#1054,.T.);
#1349=ORIENTED_EDGE('',*,*,#1050,.F.);
#1350=ORIENTED_EDGE('',*,*,#1055,.F.);
#1351=ORIENTED_EDGE('',*,*,#1056,.F.);
#1352=ORIENTED_EDGE('',*,*,#1057,.F.);
#1353=ORIENTED_EDGE('',*,*,#1058,.F.);
#1354=ORIENTED_EDGE('',*,*,#1059,.T.);
#1355=ORIENTED_EDGE('',*,*,#1060,.F.);
#1356=ORIENTED_EDGE('',*,*,#1061,.T.);
#1357=ORIENTED_EDGE('',*,*,#1062,.F.);
#1358=ORIENTED_EDGE('',*,*,#1063,.F.);
#1359=ORIENTED_EDGE('',*,*,#1064,.F.);
#1360=ORIENTED_EDGE('',*,*,#1065,.F.);
#1361=ORIENTED_EDGE('',*,*,#1066,.T.);
#1362=ORIENTED_EDGE('',*,*,#1067,.F.);
#1363=ORIENTED_EDGE('',*,*,#1068,.F.);
#1364=ORIENTED_EDGE('',*,*,#1069,.F.);
#1365=ORIENTED_EDGE('',*,*,#1070,.F.);
#1366=ORIENTED_EDGE('',*,*,#1071,.F.);
#1367=ORIENTED_EDGE('',*,*,#1072,.F.);
#1368=ORIENTED_EDGE('',*,*,#1073,.F.);
#1369=ORIENTED_EDGE('',*,*,#1074,.F.);
#1370=ORIENTED_EDGE('',*,*,#1075,.F.);
#1371=ORIENTED_EDGE('',*,*,#1076,.F.);
#1372=ORIENTED_EDGE('',*,*,#1077,.F.);
#1373=ORIENTED_EDGE('',*,*,#1078,.T.);
#1374=ORIENTED_EDGE('',*,*,#1079,.T.);
#1375=ORIENTED_EDGE('',*,*,#1080,.F.);
#1376=ORIENTED_EDGE('',*,*,#1081,.T.);
#1377=ORIENTED_EDGE('',*,*,#1082,.T.);
#1378=ORIENTED_EDGE('',*,*,#1052,.T.);
#1379=ORIENTED_EDGE('',*,*,#1083,.T.);
#1380=ORIENTED_EDGE('',*,*,#1084,.T.);
#1381=ORIENTED_EDGE('',*,*,#1085,.T.);
#1382=ORIENTED_EDGE('',*,*,#1086,.T.);
#1383=ORIENTED_EDGE('',*,*,#1087,.T.);
#1384=ORIENTED_EDGE('',*,*,#1088,.T.);
#1385=ORIENTED_EDGE('',*,*,#1089,.T.);
#1386=ORIENTED_EDGE('',*,*,#1090,.T.);
#1387=ORIENTED_EDGE('',*,*,#1091,.T.);
#1388=ORIENTED_EDGE('',*,*,#1092,.T.);
#1389=ORIENTED_EDGE('',*,*,#1093,.T.);
#1390=ORIENTED_EDGE('',*,*,#1094,.F.);
#1391=ORIENTED_EDGE('',*,*,#1095,.T.);
#1392=ORIENTED_EDGE('',*,*,#1096,.F.);
#1393=ORIENTED_EDGE('',*,*,#1097,.T.);
#1394=ORIENTED_EDGE('',*,*,#1098,.T.);
#1395=ORIENTED_EDGE('',*,*,#1099,.F.);
#1396=ORIENTED_EDGE('',*,*,#1100,.T.);
#1397=ORIENTED_EDGE('',*,*,#1101,.T.);
#1398=ORIENTED_EDGE('',*,*,#1102,.T.);
#1399=ORIENTED_EDGE('',*,*,#1103,.T.);
#1400=ORIENTED_EDGE('',*,*,#1104,.T.);
#1401=ORIENTED_EDGE('',*,*,#1105,.T.);
#1402=ORIENTED_EDGE('',*,*,#1106,.T.);
#1403=ORIENTED_EDGE('',*,*,#1107,.T.);
#1404=ORIENTED_EDGE('',*,*,#1108,.T.);
#1405=ORIENTED_EDGE('',*,*,#1109,.F.);
#1406=ORIENTED_EDGE('',*,*,#1110,.T.);
#1407=ORIENTED_EDGE('',*,*,#1111,.T.);
#1408=ORIENTED_EDGE('',*,*,#1112,.T.);
#1409=ORIENTED_EDGE('',*,*,#1113,.T.);
#1410=ORIENTED_EDGE('',*,*,#1113,.F.);
#1411=ORIENTED_EDGE('',*,*,#1114,.F.);
#1412=ORIENTED_EDGE('',*,*,#1115,.T.);
#1413=ORIENTED_EDGE('',*,*,#1116,.F.);
#1414=ORIENTED_EDGE('',*,*,#1117,.F.);
#1415=ORIENTED_EDGE('',*,*,#1118,.F.);
#1416=ORIENTED_EDGE('',*,*,#1119,.T.);
#1417=ORIENTED_EDGE('',*,*,#1120,.F.);
#1418=ORIENTED_EDGE('',*,*,#1116,.T.);
#1419=ORIENTED_EDGE('',*,*,#1121,.F.);
#1420=ORIENTED_EDGE('',*,*,#1122,.T.);
#1421=ORIENTED_EDGE('',*,*,#1123,.T.);
#1422=ORIENTED_EDGE('',*,*,#1124,.T.);
#1423=ORIENTED_EDGE('',*,*,#1124,.F.);
#1424=ORIENTED_EDGE('',*,*,#1125,.T.);
#1425=ORIENTED_EDGE('',*,*,#1126,.T.);
#1426=ORIENTED_EDGE('',*,*,#1127,.F.);
#1427=ORIENTED_EDGE('',*,*,#1128,.T.);
#1428=ORIENTED_EDGE('',*,*,#1129,.F.);
#1429=ORIENTED_EDGE('',*,*,#1130,.F.);
#1430=ORIENTED_EDGE('',*,*,#1131,.F.);
#1431=ORIENTED_EDGE('',*,*,#1132,.T.);
#1432=ORIENTED_EDGE('',*,*,#1080,.T.);
#1433=ORIENTED_EDGE('',*,*,#1133,.T.);
#1434=ORIENTED_EDGE('',*,*,#1133,.F.);
#1435=ORIENTED_EDGE('',*,*,#1079,.F.);
#1436=ORIENTED_EDGE('',*,*,#1134,.F.);
#1437=ORIENTED_EDGE('',*,*,#1135,.T.);
#1438=ORIENTED_EDGE('',*,*,#1074,.T.);
#1439=ORIENTED_EDGE('',*,*,#1136,.T.);
#1440=ORIENTED_EDGE('',*,*,#1137,.T.);
#1441=ORIENTED_EDGE('',*,*,#1138,.T.);
#1442=ORIENTED_EDGE('',*,*,#1139,.T.);
#1443=ORIENTED_EDGE('',*,*,#1140,.T.);
#1444=ORIENTED_EDGE('',*,*,#1141,.T.);
#1445=ORIENTED_EDGE('',*,*,#1139,.F.);
#1446=ORIENTED_EDGE('',*,*,#1142,.T.);
#1447=ORIENTED_EDGE('',*,*,#1140,.F.);
#1448=ORIENTED_EDGE('',*,*,#1143,.T.);
#1449=ORIENTED_EDGE('',*,*,#1144,.T.);
#1450=ORIENTED_EDGE('',*,*,#1143,.F.);
#1451=ORIENTED_EDGE('',*,*,#1145,.T.);
#1452=ORIENTED_EDGE('',*,*,#1146,.T.);
#1453=ORIENTED_EDGE('',*,*,#1068,.T.);
#1454=ORIENTED_EDGE('',*,*,#1147,.T.);
#1455=ORIENTED_EDGE('',*,*,#1146,.F.);
#1456=ORIENTED_EDGE('',*,*,#1148,.F.);
#1457=ORIENTED_EDGE('',*,*,#1149,.T.);
#1458=ORIENTED_EDGE('',*,*,#1069,.T.);
#1459=ORIENTED_EDGE('',*,*,#1150,.F.);
#1460=ORIENTED_EDGE('',*,*,#1151,.T.);
#1461=ORIENTED_EDGE('',*,*,#1152,.T.);
#1462=ORIENTED_EDGE('',*,*,#1153,.T.);
#1463=ORIENTED_EDGE('',*,*,#1122,.F.);
#1464=ORIENTED_EDGE('',*,*,#1154,.F.);
#1465=ORIENTED_EDGE('',*,*,#1153,.F.);
#1466=ORIENTED_EDGE('',*,*,#1155,.F.);
#1467=ORIENTED_EDGE('',*,*,#1058,.T.);
#1468=ORIENTED_EDGE('',*,*,#1156,.T.);
#1469=ORIENTED_EDGE('',*,*,#1157,.T.);
#1470=ORIENTED_EDGE('',*,*,#1158,.T.);
#1471=ORIENTED_EDGE('',*,*,#1159,.F.);
#1472=ORIENTED_EDGE('',*,*,#1156,.F.);
#1473=ORIENTED_EDGE('',*,*,#1057,.T.);
#1474=ORIENTED_EDGE('',*,*,#1160,.F.);
#1475=ORIENTED_EDGE('',*,*,#1161,.F.);
#1476=ORIENTED_EDGE('',*,*,#1162,.F.);
#1477=ORIENTED_EDGE('',*,*,#1163,.F.);
#1478=ORIENTED_EDGE('',*,*,#1164,.T.);
#1479=ORIENTED_EDGE('',*,*,#1151,.F.);
#1480=ORIENTED_EDGE('',*,*,#1165,.T.);
#1481=ORIENTED_EDGE('',*,*,#1060,.T.);
#1482=ORIENTED_EDGE('',*,*,#1166,.T.);
#1483=ORIENTED_EDGE('',*,*,#1167,.F.);
#1484=ORIENTED_EDGE('',*,*,#1114,.T.);
#1485=ORIENTED_EDGE('',*,*,#1112,.F.);
#1486=ORIENTED_EDGE('',*,*,#1165,.F.);
#1487=ORIENTED_EDGE('',*,*,#1111,.F.);
#1488=ORIENTED_EDGE('',*,*,#1168,.T.);
#1489=ORIENTED_EDGE('',*,*,#1169,.F.);
#1490=ORIENTED_EDGE('',*,*,#1061,.F.);
#1491=ORIENTED_EDGE('',*,*,#1110,.F.);
#1492=ORIENTED_EDGE('',*,*,#1163,.T.);
#1493=ORIENTED_EDGE('',*,*,#1170,.F.);
#1494=ORIENTED_EDGE('',*,*,#1168,.F.);
#1495=ORIENTED_EDGE('',*,*,#1171,.T.);
#1496=ORIENTED_EDGE('',*,*,#1064,.T.);
#1497=ORIENTED_EDGE('',*,*,#1172,.T.);
#1498=ORIENTED_EDGE('',*,*,#1173,.T.);
#1499=ORIENTED_EDGE('',*,*,#1174,.T.);
#1500=ORIENTED_EDGE('',*,*,#1175,.T.);
#1501=ORIENTED_EDGE('',*,*,#1176,.T.);
#1502=ORIENTED_EDGE('',*,*,#1173,.F.);
#1503=ORIENTED_EDGE('',*,*,#1177,.T.);
#1504=ORIENTED_EDGE('',*,*,#1178,.T.);
#1505=ORIENTED_EDGE('',*,*,#1127,.T.);
#1506=ORIENTED_EDGE('',*,*,#1175,.F.);
#1507=ORIENTED_EDGE('',*,*,#1177,.F.);
#1508=ORIENTED_EDGE('',*,*,#1174,.F.);
#1509=ORIENTED_EDGE('',*,*,#1172,.F.);
#1510=ORIENTED_EDGE('',*,*,#1063,.T.);
#1511=ORIENTED_EDGE('',*,*,#1179,.F.);
#1512=ORIENTED_EDGE('',*,*,#1180,.F.);
#1513=ORIENTED_EDGE('',*,*,#1181,.F.);
#1514=ORIENTED_EDGE('',*,*,#1182,.T.);
#1515=ORIENTED_EDGE('',*,*,#1171,.F.);
#1516=ORIENTED_EDGE('',*,*,#1183,.F.);
#1517=ORIENTED_EDGE('',*,*,#1184,.F.);
#1518=ORIENTED_EDGE('',*,*,#1185,.F.);
#1519=ORIENTED_EDGE('',*,*,#1065,.T.);
#1520=ORIENTED_EDGE('',*,*,#1162,.T.);
#1521=ORIENTED_EDGE('',*,*,#1186,.T.);
#1522=ORIENTED_EDGE('',*,*,#1181,.T.);
#1523=ORIENTED_EDGE('',*,*,#1187,.T.);
#1524=ORIENTED_EDGE('',*,*,#1170,.T.);
#1525=ORIENTED_EDGE('',*,*,#1187,.F.);
#1526=ORIENTED_EDGE('',*,*,#1180,.T.);
#1527=ORIENTED_EDGE('',*,*,#1188,.T.);
#1528=ORIENTED_EDGE('',*,*,#1179,.T.);
#1529=ORIENTED_EDGE('',*,*,#1062,.T.);
#1530=ORIENTED_EDGE('',*,*,#1169,.T.);
#1531=ORIENTED_EDGE('',*,*,#1188,.F.);
#1532=ORIENTED_EDGE('',*,*,#1178,.F.);
#1533=ORIENTED_EDGE('',*,*,#1182,.F.);
#1534=ORIENTED_EDGE('',*,*,#1186,.F.);
#1535=ORIENTED_EDGE('',*,*,#1161,.T.);
#1536=ORIENTED_EDGE('',*,*,#1189,.F.);
#1537=ORIENTED_EDGE('',*,*,#1190,.F.);
#1538=ORIENTED_EDGE('',*,*,#1191,.F.);
#1539=ORIENTED_EDGE('',*,*,#1128,.F.);
#1540=ORIENTED_EDGE('',*,*,#1192,.F.);
#1541=ORIENTED_EDGE('',*,*,#1193,.F.);
#1542=ORIENTED_EDGE('',*,*,#1194,.F.);
#1543=ORIENTED_EDGE('',*,*,#1195,.F.);
#1544=ORIENTED_EDGE('',*,*,#1196,.T.);
#1545=ORIENTED_EDGE('',*,*,#1191,.T.);
#1546=ORIENTED_EDGE('',*,*,#1197,.T.);
#1547=ORIENTED_EDGE('',*,*,#1198,.T.);
#1548=ORIENTED_EDGE('',*,*,#1129,.T.);
#1549=ORIENTED_EDGE('',*,*,#1049,.F.);
#1550=ORIENTED_EDGE('',*,*,#1199,.T.);
#1551=ORIENTED_EDGE('',*,*,#1197,.F.);
#1552=ORIENTED_EDGE('',*,*,#1190,.T.);
#1553=ORIENTED_EDGE('',*,*,#1200,.F.);
#1554=ORIENTED_EDGE('',*,*,#1055,.T.);
#1555=ORIENTED_EDGE('',*,*,#1056,.T.);
#1556=ORIENTED_EDGE('',*,*,#1200,.T.);
#1557=ORIENTED_EDGE('',*,*,#1189,.T.);
#1558=ORIENTED_EDGE('',*,*,#1160,.T.);
#1559=ORIENTED_EDGE('',*,*,#1158,.F.);
#1560=ORIENTED_EDGE('',*,*,#1201,.T.);
#1561=ORIENTED_EDGE('',*,*,#1166,.F.);
#1562=ORIENTED_EDGE('',*,*,#1059,.F.);
#1563=ORIENTED_EDGE('',*,*,#1196,.F.);
#1564=ORIENTED_EDGE('',*,*,#1202,.T.);
#1565=ORIENTED_EDGE('',*,*,#1203,.F.);
#1566=ORIENTED_EDGE('',*,*,#1202,.F.);
#1567=ORIENTED_EDGE('',*,*,#1108,.F.);
#1568=ORIENTED_EDGE('',*,*,#1204,.T.);
#1569=ORIENTED_EDGE('',*,*,#1205,.F.);
#1570=ORIENTED_EDGE('',*,*,#1204,.F.);
#1571=ORIENTED_EDGE('',*,*,#1107,.F.);
#1572=ORIENTED_EDGE('',*,*,#1206,.T.);
#1573=ORIENTED_EDGE('',*,*,#1207,.F.);
#1574=ORIENTED_EDGE('',*,*,#1206,.F.);
#1575=ORIENTED_EDGE('',*,*,#1048,.F.);
#1576=ORIENTED_EDGE('',*,*,#1054,.F.);
#1577=ORIENTED_EDGE('',*,*,#1208,.T.);
#1578=ORIENTED_EDGE('',*,*,#1209,.T.);
#1579=ORIENTED_EDGE('',*,*,#1131,.T.);
#1580=ORIENTED_EDGE('',*,*,#1135,.F.);
#1581=ORIENTED_EDGE('',*,*,#1210,.F.);
#1582=ORIENTED_EDGE('',*,*,#1211,.T.);
#1583=ORIENTED_EDGE('',*,*,#1212,.T.);
#1584=ORIENTED_EDGE('',*,*,#1213,.T.);
#1585=ORIENTED_EDGE('',*,*,#1137,.F.);
#1586=ORIENTED_EDGE('',*,*,#1214,.T.);
#1587=ORIENTED_EDGE('',*,*,#1215,.T.);
#1588=ORIENTED_EDGE('',*,*,#1216,.T.);
#1589=ORIENTED_EDGE('',*,*,#1217,.T.);
#1590=ORIENTED_EDGE('',*,*,#1148,.T.);
#1591=ORIENTED_EDGE('',*,*,#1145,.F.);
#1592=ORIENTED_EDGE('',*,*,#1218,.T.);
#1593=ORIENTED_EDGE('',*,*,#1219,.F.);
#1594=ORIENTED_EDGE('',*,*,#1184,.T.);
#1595=ORIENTED_EDGE('',*,*,#1118,.T.);
#1596=ORIENTED_EDGE('',*,*,#1115,.F.);
#1597=ORIENTED_EDGE('',*,*,#1167,.T.);
#1598=ORIENTED_EDGE('',*,*,#1201,.F.);
#1599=ORIENTED_EDGE('',*,*,#1157,.F.);
#1600=ORIENTED_EDGE('',*,*,#1159,.T.);
#1601=ORIENTED_EDGE('',*,*,#1150,.T.);
#1602=ORIENTED_EDGE('',*,*,#1154,.T.);
#1603=ORIENTED_EDGE('',*,*,#1121,.T.);
#1604=ORIENTED_EDGE('',*,*,#1130,.T.);
#1605=ORIENTED_EDGE('',*,*,#1198,.F.);
#1606=ORIENTED_EDGE('',*,*,#1199,.F.);
#1607=ORIENTED_EDGE('',*,*,#1220,.F.);
#1608=ORIENTED_EDGE('',*,*,#1221,.F.);
#1609=ORIENTED_EDGE('',*,*,#1222,.F.);
#1610=ORIENTED_EDGE('',*,*,#1223,.T.);
#1611=ORIENTED_EDGE('',*,*,#1224,.F.);
#1612=ORIENTED_EDGE('',*,*,#1225,.T.);
#1613=ORIENTED_EDGE('',*,*,#1226,.F.);
#1614=ORIENTED_EDGE('',*,*,#1227,.T.);
#1615=ORIENTED_EDGE('',*,*,#1228,.F.);
#1616=ORIENTED_EDGE('',*,*,#1229,.F.);
#1617=ORIENTED_EDGE('',*,*,#1230,.F.);
#1618=ORIENTED_EDGE('',*,*,#1231,.T.);
#1619=ORIENTED_EDGE('',*,*,#1232,.F.);
#1620=ORIENTED_EDGE('',*,*,#1233,.T.);
#1621=ORIENTED_EDGE('',*,*,#1207,.T.);
#1622=ORIENTED_EDGE('',*,*,#1205,.T.);
#1623=ORIENTED_EDGE('',*,*,#1234,.F.);
#1624=ORIENTED_EDGE('',*,*,#1208,.F.);
#1625=ORIENTED_EDGE('',*,*,#1053,.F.);
#1626=ORIENTED_EDGE('',*,*,#1082,.F.);
#1627=ORIENTED_EDGE('',*,*,#1119,.F.);
#1628=ORIENTED_EDGE('',*,*,#1183,.T.);
#1629=ORIENTED_EDGE('',*,*,#1176,.F.);
#1630=ORIENTED_EDGE('',*,*,#1126,.F.);
#1631=ORIENTED_EDGE('',*,*,#1132,.F.);
#1632=ORIENTED_EDGE('',*,*,#1209,.F.);
#1633=ORIENTED_EDGE('',*,*,#1234,.T.);
#1634=ORIENTED_EDGE('',*,*,#1081,.F.);
#1635=ORIENTED_EDGE('',*,*,#1235,.F.);
#1636=ORIENTED_EDGE('',*,*,#1236,.F.);
#1637=ORIENTED_EDGE('',*,*,#1222,.T.);
#1638=ORIENTED_EDGE('',*,*,#1237,.T.);
#1639=ORIENTED_EDGE('',*,*,#1236,.T.);
#1640=ORIENTED_EDGE('',*,*,#1238,.T.);
#1641=ORIENTED_EDGE('',*,*,#1239,.F.);
#1642=ORIENTED_EDGE('',*,*,#1223,.F.);
#1643=ORIENTED_EDGE('',*,*,#1240,.F.);
#1644=ORIENTED_EDGE('',*,*,#1241,.F.);
#1645=ORIENTED_EDGE('',*,*,#1224,.T.);
#1646=ORIENTED_EDGE('',*,*,#1239,.T.);
#1647=ORIENTED_EDGE('',*,*,#1242,.F.);
#1648=ORIENTED_EDGE('',*,*,#1243,.F.);
#1649=ORIENTED_EDGE('',*,*,#1226,.T.);
#1650=ORIENTED_EDGE('',*,*,#1244,.T.);
#1651=ORIENTED_EDGE('',*,*,#1243,.T.);
#1652=ORIENTED_EDGE('',*,*,#1245,.T.);
#1653=ORIENTED_EDGE('',*,*,#1246,.F.);
#1654=ORIENTED_EDGE('',*,*,#1227,.F.);
#1655=ORIENTED_EDGE('',*,*,#1247,.F.);
#1656=ORIENTED_EDGE('',*,*,#1248,.F.);
#1657=ORIENTED_EDGE('',*,*,#1228,.T.);
#1658=ORIENTED_EDGE('',*,*,#1246,.T.);
#1659=ORIENTED_EDGE('',*,*,#1249,.F.);
#1660=ORIENTED_EDGE('',*,*,#1250,.F.);
#1661=ORIENTED_EDGE('',*,*,#1230,.T.);
#1662=ORIENTED_EDGE('',*,*,#1251,.T.);
#1663=ORIENTED_EDGE('',*,*,#1250,.T.);
#1664=ORIENTED_EDGE('',*,*,#1252,.T.);
#1665=ORIENTED_EDGE('',*,*,#1253,.F.);
#1666=ORIENTED_EDGE('',*,*,#1231,.F.);
#1667=ORIENTED_EDGE('',*,*,#1254,.F.);
#1668=ORIENTED_EDGE('',*,*,#1255,.F.);
#1669=ORIENTED_EDGE('',*,*,#1232,.T.);
#1670=ORIENTED_EDGE('',*,*,#1253,.T.);
#1671=ORIENTED_EDGE('',*,*,#1147,.F.);
#1672=ORIENTED_EDGE('',*,*,#1067,.T.);
#1673=ORIENTED_EDGE('',*,*,#1256,.F.);
#1674=ORIENTED_EDGE('',*,*,#1218,.F.);
#1675=ORIENTED_EDGE('',*,*,#1185,.T.);
#1676=ORIENTED_EDGE('',*,*,#1219,.T.);
#1677=ORIENTED_EDGE('',*,*,#1256,.T.);
#1678=ORIENTED_EDGE('',*,*,#1066,.F.);
#1679=ORIENTED_EDGE('',*,*,#1078,.F.);
#1680=ORIENTED_EDGE('',*,*,#1257,.F.);
#1681=ORIENTED_EDGE('',*,*,#1210,.T.);
#1682=ORIENTED_EDGE('',*,*,#1134,.T.);
#1683=ORIENTED_EDGE('',*,*,#1077,.T.);
#1684=ORIENTED_EDGE('',*,*,#1258,.F.);
#1685=ORIENTED_EDGE('',*,*,#1211,.F.);
#1686=ORIENTED_EDGE('',*,*,#1257,.T.);
#1687=ORIENTED_EDGE('',*,*,#1076,.T.);
#1688=ORIENTED_EDGE('',*,*,#1259,.F.);
#1689=ORIENTED_EDGE('',*,*,#1212,.F.);
#1690=ORIENTED_EDGE('',*,*,#1258,.T.);
#1691=ORIENTED_EDGE('',*,*,#1141,.F.);
#1692=ORIENTED_EDGE('',*,*,#1142,.F.);
#1693=ORIENTED_EDGE('',*,*,#1138,.F.);
#1694=ORIENTED_EDGE('',*,*,#1213,.F.);
#1695=ORIENTED_EDGE('',*,*,#1259,.T.);
#1696=ORIENTED_EDGE('',*,*,#1075,.T.);
#1697=ORIENTED_EDGE('',*,*,#1136,.F.);
#1698=ORIENTED_EDGE('',*,*,#1073,.T.);
#1699=ORIENTED_EDGE('',*,*,#1260,.F.);
#1700=ORIENTED_EDGE('',*,*,#1214,.F.);
#1701=ORIENTED_EDGE('',*,*,#1072,.T.);
#1702=ORIENTED_EDGE('',*,*,#1261,.F.);
#1703=ORIENTED_EDGE('',*,*,#1215,.F.);
#1704=ORIENTED_EDGE('',*,*,#1260,.T.);
#1705=ORIENTED_EDGE('',*,*,#1144,.F.);
#1706=ORIENTED_EDGE('',*,*,#1071,.T.);
#1707=ORIENTED_EDGE('',*,*,#1262,.F.);
#1708=ORIENTED_EDGE('',*,*,#1216,.F.);
#1709=ORIENTED_EDGE('',*,*,#1261,.T.);
#1710=ORIENTED_EDGE('',*,*,#1070,.T.);
#1711=ORIENTED_EDGE('',*,*,#1149,.F.);
#1712=ORIENTED_EDGE('',*,*,#1217,.F.);
#1713=ORIENTED_EDGE('',*,*,#1262,.T.);
#1714=ORIENTED_EDGE('',*,*,#1263,.F.);
#1715=ORIENTED_EDGE('',*,*,#1221,.T.);
#1716=ORIENTED_EDGE('',*,*,#1264,.T.);
#1717=ORIENTED_EDGE('',*,*,#1265,.F.);
#1718=ORIENTED_EDGE('',*,*,#1264,.F.);
#1719=ORIENTED_EDGE('',*,*,#1241,.T.);
#1720=ORIENTED_EDGE('',*,*,#1266,.T.);
#1721=ORIENTED_EDGE('',*,*,#1237,.F.);
#1722=ORIENTED_EDGE('',*,*,#1225,.F.);
#1723=ORIENTED_EDGE('',*,*,#1267,.F.);
#1724=ORIENTED_EDGE('',*,*,#1244,.F.);
#1725=ORIENTED_EDGE('',*,*,#1229,.T.);
#1726=ORIENTED_EDGE('',*,*,#1248,.T.);
#1727=ORIENTED_EDGE('',*,*,#1255,.T.);
#1728=ORIENTED_EDGE('',*,*,#1268,.T.);
#1729=ORIENTED_EDGE('',*,*,#1251,.F.);
#1730=ORIENTED_EDGE('',*,*,#1233,.F.);
#1731=ORIENTED_EDGE('',*,*,#1220,.T.);
#1732=ORIENTED_EDGE('',*,*,#1269,.T.);
#1733=ORIENTED_EDGE('',*,*,#1270,.F.);
#1734=ORIENTED_EDGE('',*,*,#1269,.F.);
#1735=ORIENTED_EDGE('',*,*,#1083,.F.);
#1736=ORIENTED_EDGE('',*,*,#1271,.F.);
#1737=ORIENTED_EDGE('',*,*,#1272,.T.);
#1738=ORIENTED_EDGE('',*,*,#1273,.T.);
#1739=ORIENTED_EDGE('',*,*,#1084,.F.);
#1740=ORIENTED_EDGE('',*,*,#1273,.F.);
#1741=ORIENTED_EDGE('',*,*,#1274,.T.);
#1742=ORIENTED_EDGE('',*,*,#1275,.T.);
#1743=ORIENTED_EDGE('',*,*,#1085,.F.);
#1744=ORIENTED_EDGE('',*,*,#1275,.F.);
#1745=ORIENTED_EDGE('',*,*,#1276,.T.);
#1746=ORIENTED_EDGE('',*,*,#1277,.T.);
#1747=ORIENTED_EDGE('',*,*,#1086,.F.);
#1748=ORIENTED_EDGE('',*,*,#1277,.F.);
#1749=ORIENTED_EDGE('',*,*,#1278,.T.);
#1750=ORIENTED_EDGE('',*,*,#1279,.T.);
#1751=ORIENTED_EDGE('',*,*,#1087,.F.);
#1752=ORIENTED_EDGE('',*,*,#1279,.F.);
#1753=ORIENTED_EDGE('',*,*,#1280,.T.);
#1754=ORIENTED_EDGE('',*,*,#1281,.T.);
#1755=ORIENTED_EDGE('',*,*,#1088,.F.);
#1756=ORIENTED_EDGE('',*,*,#1281,.F.);
#1757=ORIENTED_EDGE('',*,*,#1282,.T.);
#1758=ORIENTED_EDGE('',*,*,#1271,.T.);
#1759=ORIENTED_EDGE('',*,*,#1272,.F.);
#1760=ORIENTED_EDGE('',*,*,#1282,.F.);
#1761=ORIENTED_EDGE('',*,*,#1280,.F.);
#1762=ORIENTED_EDGE('',*,*,#1278,.F.);
#1763=ORIENTED_EDGE('',*,*,#1276,.F.);
#1764=ORIENTED_EDGE('',*,*,#1274,.F.);
#1765=ORIENTED_EDGE('',*,*,#1270,.T.);
#1766=ORIENTED_EDGE('',*,*,#1101,.F.);
#1767=ORIENTED_EDGE('',*,*,#1283,.F.);
#1768=ORIENTED_EDGE('',*,*,#1284,.T.);
#1769=ORIENTED_EDGE('',*,*,#1285,.T.);
#1770=ORIENTED_EDGE('',*,*,#1102,.F.);
#1771=ORIENTED_EDGE('',*,*,#1285,.F.);
#1772=ORIENTED_EDGE('',*,*,#1286,.T.);
#1773=ORIENTED_EDGE('',*,*,#1287,.T.);
#1774=ORIENTED_EDGE('',*,*,#1103,.F.);
#1775=ORIENTED_EDGE('',*,*,#1287,.F.);
#1776=ORIENTED_EDGE('',*,*,#1288,.T.);
#1777=ORIENTED_EDGE('',*,*,#1289,.T.);
#1778=ORIENTED_EDGE('',*,*,#1104,.F.);
#1779=ORIENTED_EDGE('',*,*,#1289,.F.);
#1780=ORIENTED_EDGE('',*,*,#1290,.T.);
#1781=ORIENTED_EDGE('',*,*,#1291,.T.);
#1782=ORIENTED_EDGE('',*,*,#1105,.F.);
#1783=ORIENTED_EDGE('',*,*,#1291,.F.);
#1784=ORIENTED_EDGE('',*,*,#1292,.T.);
#1785=ORIENTED_EDGE('',*,*,#1293,.T.);
#1786=ORIENTED_EDGE('',*,*,#1106,.F.);
#1787=ORIENTED_EDGE('',*,*,#1293,.F.);
#1788=ORIENTED_EDGE('',*,*,#1294,.T.);
#1789=ORIENTED_EDGE('',*,*,#1283,.T.);
#1790=ORIENTED_EDGE('',*,*,#1284,.F.);
#1791=ORIENTED_EDGE('',*,*,#1294,.F.);
#1792=ORIENTED_EDGE('',*,*,#1292,.F.);
#1793=ORIENTED_EDGE('',*,*,#1290,.F.);
#1794=ORIENTED_EDGE('',*,*,#1288,.F.);
#1795=ORIENTED_EDGE('',*,*,#1286,.F.);
#1796=ORIENTED_EDGE('',*,*,#1265,.T.);
#1797=ORIENTED_EDGE('',*,*,#1097,.F.);
#1798=ORIENTED_EDGE('',*,*,#1295,.F.);
#1799=ORIENTED_EDGE('',*,*,#1296,.T.);
#1800=ORIENTED_EDGE('',*,*,#1297,.T.);
#1801=ORIENTED_EDGE('',*,*,#1100,.F.);
#1802=ORIENTED_EDGE('',*,*,#1298,.F.);
#1803=ORIENTED_EDGE('',*,*,#1299,.T.);
#1804=ORIENTED_EDGE('',*,*,#1295,.T.);
#1805=ORIENTED_EDGE('',*,*,#1099,.T.);
#1806=ORIENTED_EDGE('',*,*,#1300,.F.);
#1807=ORIENTED_EDGE('',*,*,#1301,.F.);
#1808=ORIENTED_EDGE('',*,*,#1298,.T.);
#1809=ORIENTED_EDGE('',*,*,#1098,.F.);
#1810=ORIENTED_EDGE('',*,*,#1297,.F.);
#1811=ORIENTED_EDGE('',*,*,#1302,.T.);
#1812=ORIENTED_EDGE('',*,*,#1300,.T.);
#1813=ORIENTED_EDGE('',*,*,#1245,.F.);
#1814=ORIENTED_EDGE('',*,*,#1242,.T.);
#1815=ORIENTED_EDGE('',*,*,#1267,.T.);
#1816=ORIENTED_EDGE('',*,*,#1247,.T.);
#1817=ORIENTED_EDGE('',*,*,#1296,.F.);
#1818=ORIENTED_EDGE('',*,*,#1299,.F.);
#1819=ORIENTED_EDGE('',*,*,#1301,.T.);
#1820=ORIENTED_EDGE('',*,*,#1302,.F.);
#1821=ORIENTED_EDGE('',*,*,#1093,.F.);
#1822=ORIENTED_EDGE('',*,*,#1303,.F.);
#1823=ORIENTED_EDGE('',*,*,#1304,.T.);
#1824=ORIENTED_EDGE('',*,*,#1305,.T.);
#1825=ORIENTED_EDGE('',*,*,#1096,.T.);
#1826=ORIENTED_EDGE('',*,*,#1306,.F.);
#1827=ORIENTED_EDGE('',*,*,#1307,.F.);
#1828=ORIENTED_EDGE('',*,*,#1303,.T.);
#1829=ORIENTED_EDGE('',*,*,#1095,.F.);
#1830=ORIENTED_EDGE('',*,*,#1308,.F.);
#1831=ORIENTED_EDGE('',*,*,#1309,.T.);
#1832=ORIENTED_EDGE('',*,*,#1306,.T.);
#1833=ORIENTED_EDGE('',*,*,#1094,.T.);
#1834=ORIENTED_EDGE('',*,*,#1305,.F.);
#1835=ORIENTED_EDGE('',*,*,#1310,.F.);
#1836=ORIENTED_EDGE('',*,*,#1308,.T.);
#1837=ORIENTED_EDGE('',*,*,#1252,.F.);
#1838=ORIENTED_EDGE('',*,*,#1249,.T.);
#1839=ORIENTED_EDGE('',*,*,#1268,.F.);
#1840=ORIENTED_EDGE('',*,*,#1254,.T.);
#1841=ORIENTED_EDGE('',*,*,#1304,.F.);
#1842=ORIENTED_EDGE('',*,*,#1307,.T.);
#1843=ORIENTED_EDGE('',*,*,#1309,.F.);
#1844=ORIENTED_EDGE('',*,*,#1310,.T.);
#1845=ORIENTED_EDGE('',*,*,#1089,.F.);
#1846=ORIENTED_EDGE('',*,*,#1311,.F.);
#1847=ORIENTED_EDGE('',*,*,#1312,.T.);
#1848=ORIENTED_EDGE('',*,*,#1313,.T.);
#1849=ORIENTED_EDGE('',*,*,#1092,.F.);
#1850=ORIENTED_EDGE('',*,*,#1314,.F.);
#1851=ORIENTED_EDGE('',*,*,#1315,.T.);
#1852=ORIENTED_EDGE('',*,*,#1311,.T.);
#1853=ORIENTED_EDGE('',*,*,#1091,.F.);
#1854=ORIENTED_EDGE('',*,*,#1316,.F.);
#1855=ORIENTED_EDGE('',*,*,#1317,.T.);
#1856=ORIENTED_EDGE('',*,*,#1314,.T.);
#1857=ORIENTED_EDGE('',*,*,#1090,.F.);
#1858=ORIENTED_EDGE('',*,*,#1313,.F.);
#1859=ORIENTED_EDGE('',*,*,#1318,.T.);
#1860=ORIENTED_EDGE('',*,*,#1316,.T.);
#1861=ORIENTED_EDGE('',*,*,#1238,.F.);
#1862=ORIENTED_EDGE('',*,*,#1235,.T.);
#1863=ORIENTED_EDGE('',*,*,#1266,.F.);
#1864=ORIENTED_EDGE('',*,*,#1240,.T.);
#1865=ORIENTED_EDGE('',*,*,#1312,.F.);
#1866=ORIENTED_EDGE('',*,*,#1315,.F.);
#1867=ORIENTED_EDGE('',*,*,#1317,.F.);
#1868=ORIENTED_EDGE('',*,*,#1318,.F.);
#1869=ORIENTED_EDGE('',*,*,#1319,.T.);
#1870=ORIENTED_EDGE('',*,*,#1263,.T.);
#1871=ORIENTED_EDGE('',*,*,#1320,.T.);
#1872=ORIENTED_EDGE('',*,*,#1319,.F.);
#1873=ORIENTED_EDGE('',*,*,#1320,.F.);
#1874=ORIENTED_EDGE('',*,*,#1321,.F.);
#1875=ORIENTED_EDGE('',*,*,#1322,.T.);
#1876=ORIENTED_EDGE('',*,*,#1323,.T.);
#1877=ORIENTED_EDGE('',*,*,#1322,.F.);
#1878=ORIENTED_EDGE('',*,*,#1323,.F.);
#1879=ORIENTED_EDGE('',*,*,#1324,.F.);
#1880=ORIENTED_EDGE('',*,*,#1325,.F.);
#1881=ORIENTED_EDGE('',*,*,#1326,.T.);
#1882=ORIENTED_EDGE('',*,*,#1327,.T.);
#1883=ORIENTED_EDGE('',*,*,#1326,.F.);
#1884=ORIENTED_EDGE('',*,*,#1327,.F.);
#1885=ORIENTED_EDGE('',*,*,#1328,.F.);
#1886=ORIENTED_EDGE('',*,*,#1329,.F.);
#1887=ORIENTED_EDGE('',*,*,#1330,.T.);
#1888=ORIENTED_EDGE('',*,*,#1331,.T.);
#1889=ORIENTED_EDGE('',*,*,#1330,.F.);
#1890=ORIENTED_EDGE('',*,*,#1331,.F.);
#1891=ORIENTED_EDGE('',*,*,#1332,.F.);
#1892=ORIENTED_EDGE('',*,*,#1333,.F.);
#1893=ORIENTED_EDGE('',*,*,#1334,.T.);
#1894=ORIENTED_EDGE('',*,*,#1335,.T.);
#1895=ORIENTED_EDGE('',*,*,#1334,.F.);
#1896=ORIENTED_EDGE('',*,*,#1335,.F.);
#1897=ORIENTED_EDGE('',*,*,#1336,.F.);
#1898=ORIENTED_EDGE('',*,*,#1324,.T.);
#1899=ORIENTED_EDGE('',*,*,#1337,.T.);
#1900=ORIENTED_EDGE('',*,*,#1192,.T.);
#1901=ORIENTED_EDGE('',*,*,#1337,.F.);
#1902=ORIENTED_EDGE('',*,*,#1332,.T.);
#1903=ORIENTED_EDGE('',*,*,#1338,.T.);
#1904=ORIENTED_EDGE('',*,*,#1193,.T.);
#1905=ORIENTED_EDGE('',*,*,#1338,.F.);
#1906=ORIENTED_EDGE('',*,*,#1336,.T.);
#1907=ORIENTED_EDGE('',*,*,#1339,.T.);
#1908=ORIENTED_EDGE('',*,*,#1194,.T.);
#1909=ORIENTED_EDGE('',*,*,#1339,.F.);
#1910=ORIENTED_EDGE('',*,*,#1328,.T.);
#1911=ORIENTED_EDGE('',*,*,#1340,.T.);
#1912=ORIENTED_EDGE('',*,*,#1195,.T.);
#1913=ORIENTED_EDGE('',*,*,#1340,.F.);
#1914=ORIENTED_EDGE('',*,*,#1125,.F.);
#1915=ORIENTED_EDGE('',*,*,#1123,.F.);
#1916=ORIENTED_EDGE('',*,*,#1155,.T.);
#1917=ORIENTED_EDGE('',*,*,#1152,.F.);
#1918=ORIENTED_EDGE('',*,*,#1164,.F.);
#1919=ORIENTED_EDGE('',*,*,#1109,.T.);
#1920=ORIENTED_EDGE('',*,*,#1117,.T.);
#1921=ORIENTED_EDGE('',*,*,#1120,.T.);
#1922=ORIENTED_EDGE('',*,*,#1203,.T.);
#1923=ORIENTED_EDGE('',*,*,#1321,.T.);
#1924=ORIENTED_EDGE('',*,*,#1325,.T.);
#1925=ORIENTED_EDGE('',*,*,#1329,.T.);
#1926=ORIENTED_EDGE('',*,*,#1333,.T.);
#1927=CYLINDRICAL_SURFACE('',#2107,2.);
#1928=CYLINDRICAL_SURFACE('',#2131,2.);
#1929=CYLINDRICAL_SURFACE('',#2135,2.);
#1930=CYLINDRICAL_SURFACE('',#2138,2.);
#1931=CYLINDRICAL_SURFACE('',#2142,2.);
#1932=CYLINDRICAL_SURFACE('',#2145,2.);
#1933=CYLINDRICAL_SURFACE('',#2147,1.);
#1934=CYLINDRICAL_SURFACE('',#2150,2.);
#1935=CYLINDRICAL_SURFACE('',#2153,2.);
#1936=CYLINDRICAL_SURFACE('',#2157,2.);
#1937=CYLINDRICAL_SURFACE('',#2160,2.);
#1938=CYLINDRICAL_SURFACE('',#2164,2.);
#1939=CYLINDRICAL_SURFACE('',#2166,2.);
#1940=CYLINDRICAL_SURFACE('',#2168,2.);
#1941=CYLINDRICAL_SURFACE('',#2172,2.);
#1942=CYLINDRICAL_SURFACE('',#2175,2.);
#1943=CYLINDRICAL_SURFACE('',#2177,2.);
#1944=CYLINDRICAL_SURFACE('',#2186,2.);
#1945=CYLINDRICAL_SURFACE('',#2189,2.);
#1946=CYLINDRICAL_SURFACE('',#2191,3.);
#1947=CYLINDRICAL_SURFACE('',#2193,3.);
#1948=CYLINDRICAL_SURFACE('',#2195,3.);
#1949=CYLINDRICAL_SURFACE('',#2212,2.99998937043711);
#1950=CYLINDRICAL_SURFACE('',#2215,2.99998937043711);
#1951=CYLINDRICAL_SURFACE('',#2217,3.00007925025167);
#1952=CYLINDRICAL_SURFACE('',#2220,3.);
#1953=CYLINDRICAL_SURFACE('',#2222,3.);
#1954=CYLINDRICAL_SURFACE('',#2225,3.);
#1955=CYLINDRICAL_SURFACE('',#2227,4.52015723477009);
#1956=CYLINDRICAL_SURFACE('',#2229,3.0018919291544);
#1957=CYLINDRICAL_SURFACE('',#2231,0.80400000000001);
#1958=CYLINDRICAL_SURFACE('',#2238,2.10000180038513);
#1959=CYLINDRICAL_SURFACE('',#2243,2.1);
#1960=CYLINDRICAL_SURFACE('',#2260,1.6);
#1961=CYLINDRICAL_SURFACE('',#2263,1.6);
#1962=CYLINDRICAL_SURFACE('',#2266,1.6);
#1963=CYLINDRICAL_SURFACE('',#2269,1.6);
#1964=CYLINDRICAL_SURFACE('',#2273,1.59986556376678);
#1965=CYLINDRICAL_SURFACE('',#2276,1.60000031121134);
#1966=CYLINDRICAL_SURFACE('',#2282,1.);
#1967=CYLINDRICAL_SURFACE('',#2283,3.);
#1968=CYLINDRICAL_SURFACE('',#2288,3.);
#1969=CYLINDRICAL_SURFACE('',#2293,3.);
#1970=CYLINDRICAL_SURFACE('',#2298,3.);
#1971=CYLINDRICAL_SURFACE('',#2303,1.75);
#1972=CYLINDRICAL_SURFACE('',#2304,1.75);
#1973=CYLINDRICAL_SURFACE('',#2305,1.75);
#1974=CYLINDRICAL_SURFACE('',#2306,1.75);
#1975=ADVANCED_FACE('',(#125),#1927,.T.);
#1976=ADVANCED_FACE('',(#126),#64,.T.);
#1977=ADVANCED_FACE('',(#127,#29,#30,#31,#32,#33,#34,#35),#65,.F.);
#1978=ADVANCED_FACE('',(#128),#1928,.T.);
#1979=ADVANCED_FACE('',(#129),#66,.F.);
#1980=ADVANCED_FACE('',(#130),#1929,.T.);
#1981=ADVANCED_FACE('',(#131),#1930,.T.);
#1982=ADVANCED_FACE('',(#132),#67,.T.);
#1983=ADVANCED_FACE('',(#133),#1931,.F.);
#1984=ADVANCED_FACE('',(#134),#68,.T.);
#1985=ADVANCED_FACE('',(#135),#1932,.T.);
#1986=ADVANCED_FACE('',(#136),#1933,.F.);
#1987=ADVANCED_FACE('',(#137),#1934,.F.);
#1988=ADVANCED_FACE('',(#138),#69,.F.);
#1989=ADVANCED_FACE('',(#139),#1935,.T.);
#1990=ADVANCED_FACE('',(#140),#70,.F.);
#1991=ADVANCED_FACE('',(#141),#1936,.T.);
#1992=ADVANCED_FACE('',(#142),#71,.T.);
#1993=ADVANCED_FACE('',(#143),#1937,.F.);
#1994=ADVANCED_FACE('',(#144),#72,.T.);
#1995=ADVANCED_FACE('',(#145),#73,.T.);
#1996=ADVANCED_FACE('',(#146),#1938,.T.);
#1997=ADVANCED_FACE('',(#147),#1939,.T.);
#1998=ADVANCED_FACE('',(#148),#1940,.T.);
#1999=ADVANCED_FACE('',(#149),#74,.T.);
#2000=ADVANCED_FACE('',(#150),#75,.T.);
#2001=ADVANCED_FACE('',(#151),#1941,.T.);
#2002=ADVANCED_FACE('',(#152),#1942,.T.);
#2003=ADVANCED_FACE('',(#153),#1943,.T.);
#2004=ADVANCED_FACE('',(#154,#36,#37,#38,#39,#40),#76,.F.);
#2005=ADVANCED_FACE('',(#155),#1944,.T.);
#2006=ADVANCED_FACE('',(#156),#77,.T.);
#2007=ADVANCED_FACE('',(#157),#1945,.T.);
#2008=ADVANCED_FACE('',(#158),#78,.T.);
#2009=ADVANCED_FACE('',(#159),#1946,.F.);
#2010=ADVANCED_FACE('',(#160),#1947,.F.);
#2011=ADVANCED_FACE('',(#161),#1948,.F.);
#2012=ADVANCED_FACE('',(#162,#41,#42,#43,#44,#45,#46,#47),#79,.T.);
#2013=ADVANCED_FACE('',(#163),#80,.F.);
#2014=ADVANCED_FACE('',(#164),#81,.T.);
#2015=ADVANCED_FACE('',(#165),#82,.T.);
#2016=ADVANCED_FACE('',(#166),#1949,.F.);
#2017=ADVANCED_FACE('',(#167),#83,.F.);
#2018=ADVANCED_FACE('',(#168),#1950,.F.);
#2019=ADVANCED_FACE('',(#169),#1951,.F.);
#2020=ADVANCED_FACE('',(#170),#84,.F.);
#2021=ADVANCED_FACE('',(#171),#1952,.F.);
#2022=ADVANCED_FACE('',(#172),#1953,.F.);
#2023=ADVANCED_FACE('',(#173),#85,.F.);
#2024=ADVANCED_FACE('',(#174),#1954,.F.);
#2025=ADVANCED_FACE('',(#175),#1955,.T.);
#2026=ADVANCED_FACE('',(#176),#86,.T.);
#2027=ADVANCED_FACE('',(#177),#1956,.F.);
#2028=ADVANCED_FACE('',(#178),#87,.F.);
#2029=ADVANCED_FACE('',(#179),#1957,.T.);
#2030=ADVANCED_FACE('',(#180),#88,.F.);
#2031=ADVANCED_FACE('',(#181),#89,.F.);
#2032=ADVANCED_FACE('',(#182,#48),#90,.F.);
#2033=ADVANCED_FACE('',(#183),#91,.F.);
#2034=ADVANCED_FACE('',(#184,#49),#92,.F.);
#2035=ADVANCED_FACE('',(#185),#1958,.F.);
#2036=ADVANCED_FACE('',(#186),#93,.F.);
#2037=ADVANCED_FACE('',(#187),#94,.T.);
#2038=ADVANCED_FACE('',(#188),#95,.F.);
#2039=ADVANCED_FACE('',(#189),#1959,.F.);
#2040=ADVANCED_FACE('',(#190),#96,.T.);
#2041=ADVANCED_FACE('',(#191),#97,.T.);
#2042=ADVANCED_FACE('',(#192),#98,.T.);
#2043=ADVANCED_FACE('',(#193),#99,.T.);
#2044=ADVANCED_FACE('',(#194),#100,.T.);
#2045=ADVANCED_FACE('',(#195),#101,.T.);
#2046=ADVANCED_FACE('',(#196,#50),#102,.F.);
#2047=ADVANCED_FACE('',(#197),#103,.T.);
#2048=ADVANCED_FACE('',(#198),#104,.T.);
#2049=ADVANCED_FACE('',(#199),#105,.T.);
#2050=ADVANCED_FACE('',(#200),#106,.T.);
#2051=ADVANCED_FACE('',(#201),#107,.T.);
#2052=ADVANCED_FACE('',(#202),#108,.T.);
#2053=ADVANCED_FACE('',(#203,#51),#109,.F.);
#2054=ADVANCED_FACE('',(#204),#110,.T.);
#2055=ADVANCED_FACE('',(#205),#1960,.F.);
#2056=ADVANCED_FACE('',(#206),#111,.F.);
#2057=ADVANCED_FACE('',(#207),#1961,.F.);
#2058=ADVANCED_FACE('',(#208,#52),#112,.T.);
#2059=ADVANCED_FACE('',(#209),#1962,.F.);
#2060=ADVANCED_FACE('',(#210),#113,.F.);
#2061=ADVANCED_FACE('',(#211),#1963,.F.);
#2062=ADVANCED_FACE('',(#212),#114,.F.);
#2063=ADVANCED_FACE('',(#213,#53),#115,.T.);
#2064=ADVANCED_FACE('',(#214),#1964,.F.);
#2065=ADVANCED_FACE('',(#215),#116,.T.);
#2066=ADVANCED_FACE('',(#216),#1965,.F.);
#2067=ADVANCED_FACE('',(#217),#117,.T.);
#2068=ADVANCED_FACE('',(#218,#54),#118,.T.);
#2069=ADVANCED_FACE('',(#219),#119,.T.);
#2070=ADVANCED_FACE('',(#220),#1966,.F.);
#2071=ADVANCED_FACE('',(#221),#1967,.F.);
#2072=ADVANCED_FACE('',(#222,#55),#120,.T.);
#2073=ADVANCED_FACE('',(#223),#1968,.F.);
#2074=ADVANCED_FACE('',(#224,#56),#121,.T.);
#2075=ADVANCED_FACE('',(#225),#1969,.F.);
#2076=ADVANCED_FACE('',(#226,#57),#122,.T.);
#2077=ADVANCED_FACE('',(#227),#1970,.F.);
#2078=ADVANCED_FACE('',(#228,#58),#123,.T.);
#2079=ADVANCED_FACE('',(#229),#1971,.F.);
#2080=ADVANCED_FACE('',(#230),#1972,.F.);
#2081=ADVANCED_FACE('',(#231),#1973,.F.);
#2082=ADVANCED_FACE('',(#232),#1974,.F.);
#2083=ADVANCED_FACE('',(#233,#59,#60,#61,#62,#63),#124,.T.);
#2084=CLOSED_SHELL('',(#1975,#1976,#1977,#1978,#1979,#1980,#1981,#1982,
#1983,#1984,#1985,#1986,#1987,#1988,#1989,#1990,#1991,#1992,#1993,#1994,
#1995,#1996,#1997,#1998,#1999,#2000,#2001,#2002,#2003,#2004,#2005,#2006,
#2007,#2008,#2009,#2010,#2011,#2012,#2013,#2014,#2015,#2016,#2017,#2018,
#2019,#2020,#2021,#2022,#2023,#2024,#2025,#2026,#2027,#2028,#2029,#2030,
#2031,#2032,#2033,#2034,#2035,#2036,#2037,#2038,#2039,#2040,#2041,#2042,
#2043,#2044,#2045,#2046,#2047,#2048,#2049,#2050,#2051,#2052,#2053,#2054,
#2055,#2056,#2057,#2058,#2059,#2060,#2061,#2062,#2063,#2064,#2065,#2066,
#2067,#2068,#2069,#2070,#2071,#2072,#2073,#2074,#2075,#2076,#2077,#2078,
#2079,#2080,#2081,#2082,#2083));
#2085=DERIVED_UNIT_ELEMENT(#2088,1.);
#2086=DERIVED_UNIT_ELEMENT(#3540,-3.);
#2087=DIMENSIONAL_EXPONENTS(0.,1.,0.,0.,0.,0.,0.);
#2088=(
CONVERSION_BASED_UNIT('gram',#2090)
MASS_UNIT()
NAMED_UNIT(#2087)
);
#2089=(
MASS_UNIT()
NAMED_UNIT(*)
SI_UNIT(.KILO.,.GRAM.)
);
#2090=MASS_MEASURE_WITH_UNIT(MASS_MEASURE(0.001),#2089);
#2091=DERIVED_UNIT((#2085,#2086));
#2092=MEASURE_REPRESENTATION_ITEM('density measure',
POSITIVE_RATIO_MEASURE(1.),#2091);
#2093=PROPERTY_DEFINITION_REPRESENTATION(#2098,#2095);
#2094=PROPERTY_DEFINITION_REPRESENTATION(#2099,#2096);
#2095=REPRESENTATION('material name',(#2097),#3537);
#2096=REPRESENTATION('density',(#2092),#3537);
#2097=DESCRIPTIVE_REPRESENTATION_ITEM('Generic','Generic');
#2098=PROPERTY_DEFINITION('material property','material name',#3547);
#2099=PROPERTY_DEFINITION('material property','density of part',#3547);
#2100=DATE_TIME_ROLE('creation_date');
#2101=APPLIED_DATE_AND_TIME_ASSIGNMENT(#2102,#2100,(#3547));
#2102=DATE_AND_TIME(#2103,#2104);
#2103=CALENDAR_DATE(2022,21,7);
#2104=LOCAL_TIME(16,22,28.,#2105);
#2105=COORDINATED_UNIVERSAL_TIME_OFFSET(0,0,.BEHIND.);
#2106=AXIS2_PLACEMENT_3D('',#2910,#2308,#2309);
#2107=AXIS2_PLACEMENT_3D('',#2911,#2310,#2311);
#2108=AXIS2_PLACEMENT_3D('',#2914,#2312,#2313);
#2109=AXIS2_PLACEMENT_3D('',#2918,#2315,#2316);
#2110=AXIS2_PLACEMENT_3D('',#2920,#2318,#2319);
#2111=AXIS2_PLACEMENT_3D('',#2926,#2323,#2324);
#2112=AXIS2_PLACEMENT_3D('',#2930,#2326,#2327);
#2113=AXIS2_PLACEMENT_3D('',#2934,#2329,#2330);
#2114=AXIS2_PLACEMENT_3D('',#2938,#2332,#2333);
#2115=AXIS2_PLACEMENT_3D('',#2942,#2335,#2336);
#2116=AXIS2_PLACEMENT_3D('',#2946,#2338,#2339);
#2117=AXIS2_PLACEMENT_3D('',#2952,#2342,#2343);
#2118=AXIS2_PLACEMENT_3D('',#2954,#2344,#2345);
#2119=AXIS2_PLACEMENT_3D('',#2966,#2351,#2352);
#2120=AXIS2_PLACEMENT_3D('',#2970,#2354,#2355);
#2121=AXIS2_PLACEMENT_3D('',#2974,#2357,#2358);
#2122=AXIS2_PLACEMENT_3D('',#2978,#2360,#2361);
#2123=AXIS2_PLACEMENT_3D('',#2996,#2370,#2371);
#2124=AXIS2_PLACEMENT_3D('',#3000,#2373,#2374);
#2125=AXIS2_PLACEMENT_3D('',#3004,#2376,#2377);
#2126=AXIS2_PLACEMENT_3D('',#3008,#2379,#2380);
#2127=AXIS2_PLACEMENT_3D('',#3014,#2383,#2384);
#2128=AXIS2_PLACEMENT_3D('',#3017,#2386,#2387);
#2129=AXIS2_PLACEMENT_3D('',#3031,#2394,#2395);
#2130=AXIS2_PLACEMENT_3D('',#3033,#2396,#2397);
#2131=AXIS2_PLACEMENT_3D('',#3034,#2398,#2399);
#2132=AXIS2_PLACEMENT_3D('',#3037,#2400,#2401);
#2133=AXIS2_PLACEMENT_3D('',#3041,#2403,#2404);
#2134=AXIS2_PLACEMENT_3D('',#3052,#2406,#2407);
#2135=AXIS2_PLACEMENT_3D('',#3060,#2412,#2413);
#2136=AXIS2_PLACEMENT_3D('',#3062,#2414,#2415);
#2137=AXIS2_PLACEMENT_3D('',#3065,#2417,#2418);
#2138=AXIS2_PLACEMENT_3D('',#3066,#2419,#2420);
#2139=AXIS2_PLACEMENT_3D('',#3069,#2421,#2422);
#2140=AXIS2_PLACEMENT_3D('',#3073,#2424,#2425);
#2141=AXIS2_PLACEMENT_3D('',#3075,#2427,#2428);
#2142=AXIS2_PLACEMENT_3D('',#3086,#2435,#2436);
#2143=AXIS2_PLACEMENT_3D('',#3089,#2437,#2438);
#2144=AXIS2_PLACEMENT_3D('',#3092,#2441,#2442);
#2145=AXIS2_PLACEMENT_3D('',#3096,#2445,#2446);
#2146=AXIS2_PLACEMENT_3D('',#3100,#2448,#2449);
#2147=AXIS2_PLACEMENT_3D('',#3130,#2452,#2453);
#2148=AXIS2_PLACEMENT_3D('',#3131,#2454,#2455);
#2149=AXIS2_PLACEMENT_3D('',#3134,#2457,#2458);
#2150=AXIS2_PLACEMENT_3D('',#3135,#2459,#2460);
#2151=AXIS2_PLACEMENT_3D('',#3138,#2461,#2462);
#2152=AXIS2_PLACEMENT_3D('',#3141,#2465,#2466);
#2153=AXIS2_PLACEMENT_3D('',#3145,#2469,#2470);
#2154=AXIS2_PLACEMENT_3D('',#3148,#2471,#2472);
#2155=AXIS2_PLACEMENT_3D('',#3152,#2474,#2475);
#2156=AXIS2_PLACEMENT_3D('',#3154,#2477,#2478);
#2157=AXIS2_PLACEMENT_3D('',#3157,#2481,#2482);
#2158=AXIS2_PLACEMENT_3D('',#3161,#2484,#2485);
#2159=AXIS2_PLACEMENT_3D('',#3163,#2487,#2488);
#2160=AXIS2_PLACEMENT_3D('',#3173,#2495,#2496);
#2161=AXIS2_PLACEMENT_3D('',#3177,#2499,#2500);
#2162=AXIS2_PLACEMENT_3D('',#3178,#2501,#2502);
#2163=AXIS2_PLACEMENT_3D('',#3182,#2505,#2506);
#2164=AXIS2_PLACEMENT_3D('',#3184,#2508,#2509);
#2165=AXIS2_PLACEMENT_3D('',#3189,#2512,#2513);
#2166=AXIS2_PLACEMENT_3D('',#3190,#2514,#2515);
#2167=AXIS2_PLACEMENT_3D('',#3193,#2517,#2518);
#2168=AXIS2_PLACEMENT_3D('',#3195,#2520,#2521);
#2169=AXIS2_PLACEMENT_3D('',#3198,#2523,#2524);
#2170=AXIS2_PLACEMENT_3D('',#3199,#2525,#2526);
#2171=AXIS2_PLACEMENT_3D('',#3207,#2531,#2532);
#2172=AXIS2_PLACEMENT_3D('',#3212,#2536,#2537);
#2173=AXIS2_PLACEMENT_3D('',#3213,#2538,#2539);
#2174=AXIS2_PLACEMENT_3D('',#3214,#2540,#2541);
#2175=AXIS2_PLACEMENT_3D('',#3215,#2542,#2543);
#2176=AXIS2_PLACEMENT_3D('',#3216,#2544,#2545);
#2177=AXIS2_PLACEMENT_3D('',#3217,#2546,#2547);
#2178=AXIS2_PLACEMENT_3D('',#3218,#2548,#2549);
#2179=AXIS2_PLACEMENT_3D('',#3220,#2550,#2551);
#2180=AXIS2_PLACEMENT_3D('',#3223,#2553,#2554);
#2181=AXIS2_PLACEMENT_3D('',#3225,#2555,#2556);
#2182=AXIS2_PLACEMENT_3D('',#3227,#2557,#2558);
#2183=AXIS2_PLACEMENT_3D('',#3229,#2559,#2560);
#2184=AXIS2_PLACEMENT_3D('',#3231,#2561,#2562);
#2185=AXIS2_PLACEMENT_3D('',#3233,#2563,#2564);
#2186=AXIS2_PLACEMENT_3D('',#3234,#2565,#2566);
#2187=AXIS2_PLACEMENT_3D('',#3237,#2568,#2569);
#2188=AXIS2_PLACEMENT_3D('',#3238,#2570,#2571);
#2189=AXIS2_PLACEMENT_3D('',#3241,#2574,#2575);
#2190=AXIS2_PLACEMENT_3D('',#3242,#2576,#2577);
#2191=AXIS2_PLACEMENT_3D('',#3244,#2579,#2580);
#2192=AXIS2_PLACEMENT_3D('',#3247,#2582,#2583);
#2193=AXIS2_PLACEMENT_3D('',#3248,#2584,#2585);
#2194=AXIS2_PLACEMENT_3D('',#3251,#2587,#2588);
#2195=AXIS2_PLACEMENT_3D('',#3252,#2589,#2590);
#2196=AXIS2_PLACEMENT_3D('',#3255,#2592,#2593);
#2197=AXIS2_PLACEMENT_3D('',#3256,#2594,#2595);
#2198=AXIS2_PLACEMENT_3D('',#3261,#2598,#2599);
#2199=AXIS2_PLACEMENT_3D('',#3265,#2601,#2602);
#2200=AXIS2_PLACEMENT_3D('',#3275,#2608,#2609);
#2201=AXIS2_PLACEMENT_3D('',#3278,#2611,#2612);
#2202=AXIS2_PLACEMENT_3D('',#3280,#2613,#2614);
#2203=AXIS2_PLACEMENT_3D('',#3283,#2615,#2616);
#2204=AXIS2_PLACEMENT_3D('',#3287,#2618,#2619);
#2205=AXIS2_PLACEMENT_3D('',#3291,#2621,#2622);
#2206=AXIS2_PLACEMENT_3D('',#3295,#2624,#2625);
#2207=AXIS2_PLACEMENT_3D('',#3299,#2627,#2628);
#2208=AXIS2_PLACEMENT_3D('',#3303,#2630,#2631);
#2209=AXIS2_PLACEMENT_3D('',#3305,#2633,#2634);
#2210=AXIS2_PLACEMENT_3D('',#3307,#2636,#2637);
#2211=AXIS2_PLACEMENT_3D('',#3308,#2638,#2639);
#2212=AXIS2_PLACEMENT_3D('',#3309,#2640,#2641);
#2213=AXIS2_PLACEMENT_3D('',#3312,#2642,#2643);
#2214=AXIS2_PLACEMENT_3D('',#3315,#2646,#2647);
#2215=AXIS2_PLACEMENT_3D('',#3319,#2650,#2651);
#2216=AXIS2_PLACEMENT_3D('',#3321,#2652,#2653);
#2217=AXIS2_PLACEMENT_3D('',#3323,#2655,#2656);
#2218=AXIS2_PLACEMENT_3D('',#3326,#2657,#2658);
#2219=AXIS2_PLACEMENT_3D('',#3329,#2661,#2662);
#2220=AXIS2_PLACEMENT_3D('',#3333,#2665,#2666);
#2221=AXIS2_PLACEMENT_3D('',#3335,#2667,#2668);
#2222=AXIS2_PLACEMENT_3D('',#3337,#2670,#2671);
#2223=AXIS2_PLACEMENT_3D('',#3340,#2672,#2673);
#2224=AXIS2_PLACEMENT_3D('',#3343,#2676,#2677);
#2225=AXIS2_PLACEMENT_3D('',#3347,#2680,#2681);
#2226=AXIS2_PLACEMENT_3D('',#3349,#2682,#2683);
#2227=AXIS2_PLACEMENT_3D('',#3351,#2685,#2686);
#2228=AXIS2_PLACEMENT_3D('',#3353,#2688,#2689);
#2229=AXIS2_PLACEMENT_3D('',#3354,#2690,#2691);
#2230=AXIS2_PLACEMENT_3D('',#3356,#2693,#2694);
#2231=AXIS2_PLACEMENT_3D('',#3358,#2696,#2697);
#2232=AXIS2_PLACEMENT_3D('',#3360,#2699,#2700);
#2233=AXIS2_PLACEMENT_3D('',#3361,#2701,#2702);
#2234=AXIS2_PLACEMENT_3D('',#3363,#2704,#2705);
#2235=AXIS2_PLACEMENT_3D('',#3365,#2707,#2708);
#2236=AXIS2_PLACEMENT_3D('',#3367,#2710,#2711);
#2237=AXIS2_PLACEMENT_3D('',#3369,#2712,#2713);
#2238=AXIS2_PLACEMENT_3D('',#3370,#2714,#2715);
#2239=AXIS2_PLACEMENT_3D('',#3373,#2717,#2718);
#2240=AXIS2_PLACEMENT_3D('',#3374,#2719,#2720);
#2241=AXIS2_PLACEMENT_3D('',#3376,#2722,#2723);
#2242=AXIS2_PLACEMENT_3D('',#3378,#2725,#2726);
#2243=AXIS2_PLACEMENT_3D('',#3380,#2728,#2729);
#2244=AXIS2_PLACEMENT_3D('',#3383,#2731,#2732);
#2245=AXIS2_PLACEMENT_3D('',#3384,#2733,#2734);
#2246=AXIS2_PLACEMENT_3D('',#3390,#2738,#2739);
#2247=AXIS2_PLACEMENT_3D('',#3394,#2742,#2743);
#2248=AXIS2_PLACEMENT_3D('',#3398,#2746,#2747);
#2249=AXIS2_PLACEMENT_3D('',#3402,#2750,#2751);
#2250=AXIS2_PLACEMENT_3D('',#3406,#2754,#2755);
#2251=AXIS2_PLACEMENT_3D('',#3408,#2757,#2758);
#2252=AXIS2_PLACEMENT_3D('',#3409,#2759,#2760);
#2253=AXIS2_PLACEMENT_3D('',#3415,#2764,#2765);
#2254=AXIS2_PLACEMENT_3D('',#3419,#2768,#2769);
#2255=AXIS2_PLACEMENT_3D('',#3423,#2772,#2773);
#2256=AXIS2_PLACEMENT_3D('',#3427,#2776,#2777);
#2257=AXIS2_PLACEMENT_3D('',#3431,#2780,#2781);
#2258=AXIS2_PLACEMENT_3D('',#3433,#2783,#2784);
#2259=AXIS2_PLACEMENT_3D('',#3434,#2785,#2786);
#2260=AXIS2_PLACEMENT_3D('',#3440,#2790,#2791);
#2261=AXIS2_PLACEMENT_3D('',#3443,#2793,#2794);
#2262=AXIS2_PLACEMENT_3D('',#3444,#2795,#2796);
#2263=AXIS2_PLACEMENT_3D('',#3448,#2799,#2800);
#2264=AXIS2_PLACEMENT_3D('',#3449,#2801,#2802);
#2265=AXIS2_PLACEMENT_3D('',#3450,#2803,#2804);
#2266=AXIS2_PLACEMENT_3D('',#3451,#2805,#2806);
#2267=AXIS2_PLACEMENT_3D('',#3455,#2808,#2809);
#2268=AXIS2_PLACEMENT_3D('',#3457,#2811,#2812);
#2269=AXIS2_PLACEMENT_3D('',#3461,#2815,#2816);
#2270=AXIS2_PLACEMENT_3D('',#3464,#2818,#2819);
#2271=AXIS2_PLACEMENT_3D('',#3465,#2820,#2821);
#2272=AXIS2_PLACEMENT_3D('',#3467,#2823,#2824);
#2273=AXIS2_PLACEMENT_3D('',#3468,#2825,#2826);
#2274=AXIS2_PLACEMENT_3D('',#3472,#2828,#2829);
#2275=AXIS2_PLACEMENT_3D('',#3474,#2831,#2832);
#2276=AXIS2_PLACEMENT_3D('',#3478,#2835,#2836);
#2277=AXIS2_PLACEMENT_3D('',#3481,#2838,#2839);
#2278=AXIS2_PLACEMENT_3D('',#3482,#2840,#2841);
#2279=AXIS2_PLACEMENT_3D('',#3484,#2843,#2844);
#2280=AXIS2_PLACEMENT_3D('',#3485,#2845,#2846);
#2281=AXIS2_PLACEMENT_3D('',#3487,#2847,#2848);
#2282=AXIS2_PLACEMENT_3D('',#3488,#2849,#2850);
#2283=AXIS2_PLACEMENT_3D('',#3490,#2852,#2853);
#2284=AXIS2_PLACEMENT_3D('',#3492,#2854,#2855);
#2285=AXIS2_PLACEMENT_3D('',#3495,#2857,#2858);
#2286=AXIS2_PLACEMENT_3D('',#3496,#2859,#2860);
#2287=AXIS2_PLACEMENT_3D('',#3498,#2861,#2862);
#2288=AXIS2_PLACEMENT_3D('',#3499,#2863,#2864);
#2289=AXIS2_PLACEMENT_3D('',#3501,#2865,#2866);
#2290=AXIS2_PLACEMENT_3D('',#3504,#2868,#2869);
#2291=AXIS2_PLACEMENT_3D('',#3505,#2870,#2871);
#2292=AXIS2_PLACEMENT_3D('',#3507,#2872,#2873);
#2293=AXIS2_PLACEMENT_3D('',#3508,#2874,#2875);
#2294=AXIS2_PLACEMENT_3D('',#3510,#2876,#2877);
#2295=AXIS2_PLACEMENT_3D('',#3513,#2879,#2880);
#2296=AXIS2_PLACEMENT_3D('',#3514,#2881,#2882);
#2297=AXIS2_PLACEMENT_3D('',#3516,#2883,#2884);
#2298=AXIS2_PLACEMENT_3D('',#3517,#2885,#2886);
#2299=AXIS2_PLACEMENT_3D('',#3519,#2887,#2888);
#2300=AXIS2_PLACEMENT_3D('',#3522,#2890,#2891);
#2301=AXIS2_PLACEMENT_3D('',#3523,#2892,#2893);
#2302=AXIS2_PLACEMENT_3D('',#3525,#2894,#2895);
#2303=AXIS2_PLACEMENT_3D('',#3526,#2896,#2897);
#2304=AXIS2_PLACEMENT_3D('',#3528,#2899,#2900);
#2305=AXIS2_PLACEMENT_3D('',#3530,#2902,#2903);
#2306=AXIS2_PLACEMENT_3D('',#3532,#2905,#2906);
#2307=AXIS2_PLACEMENT_3D('',#3534,#2908,#2909);
#2308=DIRECTION('axis',(0.,0.,1.));
#2309=DIRECTION('refdir',(1.,0.,0.));
#2310=DIRECTION('center_axis',(1.,0.,0.));
#2311=DIRECTION('ref_axis',(0.,-0.707106781186549,-0.707106781186546));
#2312=DIRECTION('center_axis',(-1.,0.,0.));
#2313=DIRECTION('ref_axis',(0.,-0.707106781186549,-0.707106781186546));
#2314=DIRECTION('',(-1.,0.,0.));
#2315=DIRECTION('center_axis',(1.,0.,0.));
#2316=DIRECTION('ref_axis',(0.,-0.707106781186549,-0.707106781186546));
#2317=DIRECTION('',(1.,0.,0.));
#2318=DIRECTION('center_axis',(0.,0.,-1.));
#2319=DIRECTION('ref_axis',(1.,0.,0.));
#2320=DIRECTION('',(0.,-1.,0.));
#2321=DIRECTION('',(1.,0.,0.));
#2322=DIRECTION('',(0.,-1.,0.));
#2323=DIRECTION('center_axis',(1.,0.,0.));
#2324=DIRECTION('ref_axis',(0.,1.,0.));
#2325=DIRECTION('',(0.,1.2335811384724E-16,-1.));
#2326=DIRECTION('center_axis',(1.,0.,0.));
#2327=DIRECTION('ref_axis',(0.,-0.707106781186548,0.707106781186548));
#2328=DIRECTION('',(0.,-1.,0.));
#2329=DIRECTION('center_axis',(1.,0.,0.));
#2330=DIRECTION('ref_axis',(-1.14057383902173E-15,0.229155306740562,0.973389873274136));
#2331=DIRECTION('',(0.,0.894975690785278,-0.446114909976583));
#2332=DIRECTION('center_axis',(-1.,0.,0.));
#2333=DIRECTION('ref_axis',(-2.30418957378121E-17,-0.229155306740563,-0.973389873274136));
#2334=DIRECTION('',(0.,1.,0.));
#2335=DIRECTION('center_axis',(1.,0.,0.));
#2336=DIRECTION('ref_axis',(0.,0.707106781186544,0.707106781186551));
#2337=DIRECTION('',(-2.13820730668549E-15,0.,1.));
#2338=DIRECTION('center_axis',(1.,0.,0.));
#2339=DIRECTION('ref_axis',(1.57009245868378E-15,0.707106781186547,-0.707106781186548));
#2340=DIRECTION('',(0.,1.,0.));
#2341=DIRECTION('',(0.,0.,-1.));
#2342=DIRECTION('center_axis',(1.,0.,0.));
#2343=DIRECTION('ref_axis',(0.,0.,-1.));
#2344=DIRECTION('center_axis',(-1.,0.,0.));
#2345=DIRECTION('ref_axis',(0.,0.35149608496918,0.936189351707943));
#2346=DIRECTION('',(0.,0.999851989641204,-0.0172046159656276));
#2347=DIRECTION('',(0.,-0.258781981837033,-0.965935756599008));
#2348=DIRECTION('',(0.,1.,0.));
#2349=DIRECTION('',(0.,-0.258977531933612,0.965883345934474));
#2350=DIRECTION('',(0.,1.,0.));
#2351=DIRECTION('center_axis',(1.,0.,0.));
#2352=DIRECTION('ref_axis',(0.,-0.766028975875552,-0.642806042379078));
#2353=DIRECTION('',(0.,-0.173600783761897,-0.984816108660523));
#2354=DIRECTION('center_axis',(1.,0.,0.));
#2355=DIRECTION('ref_axis',(0.,0.,-1.));
#2356=DIRECTION('',(0.,-0.965831435195605,-0.259171060861349));
#2357=DIRECTION('center_axis',(1.,0.,0.));
#2358=DIRECTION('ref_axis',(0.,0.,-1.));
#2359=DIRECTION('',(0.,0.,1.));
#2360=DIRECTION('center_axis',(-1.,0.,0.));
#2361=DIRECTION('ref_axis',(0.,1.,0.));
#2362=DIRECTION('',(0.,-1.,0.));
#2363=DIRECTION('',(0.,1.2335811384724E-16,-1.));
#2364=DIRECTION('',(0.,-0.999869780382199,0.0161376044830982));
#2365=DIRECTION('',(0.,-0.513910465629687,-0.857843828045804));
#2366=DIRECTION('',(0.,0.485959314752512,-0.8739814325289));
#2367=DIRECTION('',(0.,0.999869780382199,-0.0161376044830982));
#2368=DIRECTION('',(0.,0.513910465629687,0.857843828045804));
#2369=DIRECTION('',(0.,-0.485959314752512,0.8739814325289));
#2370=DIRECTION('center_axis',(1.,0.,0.));
#2371=DIRECTION('ref_axis',(0.,0.,-1.));
#2372=DIRECTION('',(0.,0.,-1.));
#2373=DIRECTION('center_axis',(1.,0.,0.));
#2374=DIRECTION('ref_axis',(0.,0.,-1.));
#2375=DIRECTION('',(0.,-6.72687581786046E-5,0.999999997737457));
#2376=DIRECTION('center_axis',(1.,0.,0.));
#2377=DIRECTION('ref_axis',(0.,0.,-1.));
#2378=DIRECTION('',(0.,0.,-1.));
#2379=DIRECTION('center_axis',(1.,0.,0.));
#2380=DIRECTION('ref_axis',(0.,0.,-1.));
#2381=DIRECTION('',(0.,-1.73472347597681E-15,1.));
#2382=DIRECTION('',(0.,0.,-1.));
#2383=DIRECTION('center_axis',(1.,0.,0.));
#2384=DIRECTION('ref_axis',(0.,0.,-1.));
#2385=DIRECTION('',(0.,0.,-1.));
#2386=DIRECTION('center_axis',(1.,0.,0.));
#2387=DIRECTION('ref_axis',(0.,0.,-1.));
#2388=DIRECTION('',(0.,-0.999974848563517,0.00709240723383844));
#2389=DIRECTION('',(0.,-0.506129629120248,-0.862457418384583));
#2390=DIRECTION('',(0.,0.493845219443269,-0.869549825618423));
#2391=DIRECTION('',(0.,0.999974848563517,-0.00709240723383949));
#2392=DIRECTION('',(0.,0.506129629120248,0.862457418384583));
#2393=DIRECTION('',(0.,-0.493845219443269,0.869549825618423));
#2394=DIRECTION('center_axis',(1.,0.,0.));
#2395=DIRECTION('ref_axis',(0.,0.,1.));
#2396=DIRECTION('center_axis',(1.,0.,0.));
#2397=DIRECTION('ref_axis',(0.,0.,1.));
#2398=DIRECTION('center_axis',(0.73183545437629,0.,0.681481377381546));
#2399=DIRECTION('ref_axis',(-0.48188010319884,-0.707106781186546,0.517485812502215));
#2400=DIRECTION('center_axis',(1.,-3.66789931760533E-14,1.39124822773362E-15));
#2401=DIRECTION('ref_axis',(-1.43631165989064E-15,3.95586215839413E-14,
1.));
#2402=DIRECTION('',(-0.73183545437629,0.,-0.681481377381546));
#2403=DIRECTION('center_axis',(-4.48574959444497E-17,0.,-1.));
#2404=DIRECTION('ref_axis',(-1.,1.41861809254173E-16,-3.34371491050061E-17));
#2405=DIRECTION('',(0.73183545437629,0.,0.681481377381546));
#2406=DIRECTION('center_axis',(0.,1.,0.));
#2407=DIRECTION('ref_axis',(0.,0.,1.));
#2408=DIRECTION('',(1.,8.99910931510649E-17,-4.48574959444497E-17));
#2409=DIRECTION('',(0.,0.,-1.));
#2410=DIRECTION('',(-0.731835454376284,0.,-0.681481377381552));
#2411=DIRECTION('',(1.31581988103717E-15,0.,-1.));
#2412=DIRECTION('center_axis',(-0.731835454376284,0.,-0.681481377381552));
#2413=DIRECTION('ref_axis',(0.481880103198845,-0.707106781186547,-0.517485812502209));
#2414=DIRECTION('center_axis',(-1.,0.,0.));
#2415=DIRECTION('ref_axis',(-3.59077914973006E-17,5.07812857303478E-17,
-1.));
#2416=DIRECTION('',(0.731835454376284,0.,0.681481377381552));
#2417=DIRECTION('center_axis',(1.,-3.66789931760533E-14,1.39124822773362E-15));
#2418=DIRECTION('ref_axis',(1.36449607689596E-15,-3.92539338695589E-14,
-1.));
#2419=DIRECTION('center_axis',(1.,-2.43475588031185E-31,1.97372982155591E-15));
#2420=DIRECTION('ref_axis',(0.,0.707106781186546,-0.707106781186549));
#2421=DIRECTION('center_axis',(-1.,0.,0.));
#2422=DIRECTION('ref_axis',(0.,0.707106781186546,-0.707106781186549));
#2423=DIRECTION('',(1.,-2.43475588031185E-31,1.97372982155591E-15));
#2424=DIRECTION('center_axis',(1.,-3.66789931760533E-14,1.39124822773362E-15));
#2425=DIRECTION('ref_axis',(0.,0.707106781186546,-0.707106781186549));
#2426=DIRECTION('',(-1.,2.43475588031185E-31,-1.97372982155591E-15));
#2427=DIRECTION('center_axis',(1.97372982155591E-15,2.00638739258969E-15,
-1.));
#2428=DIRECTION('ref_axis',(-3.66789931760533E-14,-1.,-2.00638739258977E-15));
#2429=DIRECTION('',(3.66951449690337E-14,1.,1.94595465744876E-15));
#2430=DIRECTION('',(0.,1.,0.));
#2431=DIRECTION('',(-1.,0.,-1.97372982155591E-15));
#2432=DIRECTION('',(0.,-1.,0.));
#2433=DIRECTION('',(1.,0.,1.97372982155591E-15));
#2434=DIRECTION('',(0.,-1.,0.));
#2435=DIRECTION('center_axis',(1.,0.,0.));
#2436=DIRECTION('ref_axis',(0.,1.,0.));
#2437=DIRECTION('center_axis',(1.,0.,0.));
#2438=DIRECTION('ref_axis',(0.,1.,0.));
#2439=DIRECTION('',(-1.,0.,0.));
#2440=DIRECTION('',(1.,0.,0.));
#2441=DIRECTION('center_axis',(0.,-1.,0.));
#2442=DIRECTION('ref_axis',(0.,0.,-1.));
#2443=DIRECTION('',(-1.,0.,0.));
#2444=DIRECTION('',(0.,0.,1.));
#2445=DIRECTION('center_axis',(-1.,0.,0.));
#2446=DIRECTION('ref_axis',(0.,-0.766028975875552,-0.642806042379078));
#2447=DIRECTION('',(1.,0.,0.));
#2448=DIRECTION('center_axis',(-1.,0.,0.));
#2449=DIRECTION('ref_axis',(0.,-0.766028975875552,-0.642806042379078));
#2450=DIRECTION('',(-1.,0.,0.));
#2451=DIRECTION('',(-1.,0.,0.));
#2452=DIRECTION('center_axis',(0.,1.,0.));
#2453=DIRECTION('ref_axis',(0.,0.,1.));
#2454=DIRECTION('center_axis',(0.,0.984816108660523,-0.173600783761897));
#2455=DIRECTION('ref_axis',(0.,0.173600783761897,0.984816108660523));
#2456=DIRECTION('',(0.,1.,0.));
#2457=DIRECTION('center_axis',(0.,-0.965883345934474,-0.258977531933612));
#2458=DIRECTION('ref_axis',(0.,0.258977531933612,-0.965883345934474));
#2459=DIRECTION('center_axis',(-1.,0.,0.));
#2460=DIRECTION('ref_axis',(0.,0.35149608496918,0.936189351707943));
#2461=DIRECTION('center_axis',(1.,0.,0.));
#2462=DIRECTION('ref_axis',(0.,0.35149608496918,0.936189351707943));
#2463=DIRECTION('',(-1.,0.,0.));
#2464=DIRECTION('',(1.,0.,0.));
#2465=DIRECTION('center_axis',(0.,0.0172046159656276,0.999851989641204));
#2466=DIRECTION('ref_axis',(0.,-0.999851989641205,0.0172046159656276));
#2467=DIRECTION('',(0.,0.999851989641204,-0.0172046159656276));
#2468=DIRECTION('',(-1.,0.,0.));
#2469=DIRECTION('center_axis',(-1.,2.43475588031185E-31,-1.97372982155591E-15));
#2470=DIRECTION('ref_axis',(0.,0.707106781186549,0.707106781186546));
#2471=DIRECTION('center_axis',(-1.,0.,0.));
#2472=DIRECTION('ref_axis',(0.,0.707106781186549,0.707106781186546));
#2473=DIRECTION('',(1.,-2.43475588031185E-31,1.97372982155591E-15));
#2474=DIRECTION('center_axis',(1.,-3.66789931760533E-14,1.39124822773362E-15));
#2475=DIRECTION('ref_axis',(0.,0.707106781186549,0.707106781186546));
#2476=DIRECTION('',(-1.,2.43475588031185E-31,-1.97372982155591E-15));
#2477=DIRECTION('center_axis',(0.,-1.,-1.2335811384724E-16));
#2478=DIRECTION('ref_axis',(0.,1.2335811384724E-16,-1.));
#2479=DIRECTION('',(0.,1.2335811384724E-16,-1.));
#2480=DIRECTION('',(-1.31581988103718E-15,-1.2335811384724E-16,1.));
#2481=DIRECTION('center_axis',(-1.,3.95960809864709E-15,-1.9737298215559E-15));
#2482=DIRECTION('ref_axis',(-1.14057383902173E-15,0.229155306740562,0.973389873274136));
#2483=DIRECTION('',(1.,-3.95960809864709E-15,1.9737298215559E-15));
#2484=DIRECTION('center_axis',(-1.,3.2102350592627E-15,-2.2204460492503E-15));
#2485=DIRECTION('ref_axis',(-2.22044604925031E-15,-2.22044604925031E-15,
1.));
#2486=DIRECTION('',(-1.,3.95960809864709E-15,-1.9737298215559E-15));
#2487=DIRECTION('center_axis',(-1.97372982155591E-15,-2.00638739258969E-15,
1.));
#2488=DIRECTION('ref_axis',(3.66789931760533E-14,1.,2.00638739258977E-15));
#2489=DIRECTION('',(0.,-1.,-2.00638739258969E-15));
#2490=DIRECTION('',(-1.,0.,-1.97372982155591E-15));
#2491=DIRECTION('',(-3.659744661893E-14,-1.,-1.97824035778E-15));
#2492=DIRECTION('',(1.,0.,1.97372982155591E-15));
#2493=DIRECTION('',(0.,1.,0.));
#2494=DIRECTION('',(-3.659744661893E-14,-1.,-1.97824035778E-15));
#2495=DIRECTION('center_axis',(-1.,-8.99910931510649E-17,4.48574959444497E-17));
#2496=DIRECTION('ref_axis',(-2.30418957378121E-17,-0.229155306740563,-0.973389873274136));
#2497=DIRECTION('',(1.,8.99910931510649E-17,-4.48574959444497E-17));
#2498=DIRECTION('',(1.,8.99910931510649E-17,-4.48574959444497E-17));
#2499=DIRECTION('center_axis',(1.,0.,0.));
#2500=DIRECTION('ref_axis',(-2.30418957378121E-17,-0.229155306740563,-0.973389873274136));
#2501=DIRECTION('center_axis',(4.48574959444497E-17,0.,1.));
#2502=DIRECTION('ref_axis',(1.,0.,-4.48574959444497E-17));
#2503=DIRECTION('',(0.,1.,0.));
#2504=DIRECTION('',(1.,0.,-4.48574959444497E-17));
#2505=DIRECTION('center_axis',(-0.681481377381546,0.,0.73183545437629));
#2506=DIRECTION('ref_axis',(0.73183545437629,0.,0.681481377381546));
#2507=DIRECTION('',(0.73183545437629,0.,0.681481377381546));
#2508=DIRECTION('center_axis',(-1.,0.,-1.97372982155583E-15));
#2509=DIRECTION('ref_axis',(1.57009245868378E-15,0.707106781186547,-0.707106781186548));
#2510=DIRECTION('',(-1.,0.,-1.97372982155583E-15));
#2511=DIRECTION('',(1.,0.,1.97372982155583E-15));
#2512=DIRECTION('center_axis',(-0.930547004287338,-2.36273826375825E-15,
-0.366172463208064));
#2513=DIRECTION('ref_axis',(0.366172463208064,-6.0043810886075E-15,-0.930547004287338));
#2514=DIRECTION('center_axis',(-0.731835454376284,0.,-0.681481377381552));
#2515=DIRECTION('ref_axis',(0.481880103198846,0.707106781186545,-0.51748581250221));
#2516=DIRECTION('',(0.731835454376284,0.,0.681481377381552));
#2517=DIRECTION('center_axis',(-0.930547004287362,0.,-0.366172463208004));
#2518=DIRECTION('ref_axis',(-0.366172463208004,0.,0.930547004287362));
#2519=DIRECTION('',(-0.731835454376284,0.,-0.681481377381552));
#2520=DIRECTION('center_axis',(-1.,0.,-1.97372982155591E-15));
#2521=DIRECTION('ref_axis',(0.,0.707106781186548,-0.707106781186548));
#2522=DIRECTION('',(1.,0.,1.97372982155591E-15));
#2523=DIRECTION('center_axis',(-1.,3.66789931760533E-14,-1.39124822773362E-15));
#2524=DIRECTION('ref_axis',(0.,0.707106781186548,-0.707106781186548));
#2525=DIRECTION('center_axis',(0.,1.,0.));
#2526=DIRECTION('ref_axis',(0.,0.,1.));
#2527=DIRECTION('',(-1.,0.,4.48574959444497E-17));
#2528=DIRECTION('',(-0.73183545437629,0.,-0.681481377381546));
#2529=DIRECTION('',(-1.,0.,-1.97372982155591E-15));
#2530=DIRECTION('',(1.97372982155583E-15,0.,-1.));
#2531=DIRECTION('center_axis',(1.97372982155583E-15,0.,-1.));
#2532=DIRECTION('ref_axis',(-1.,0.,-1.97372982155583E-15));
#2533=DIRECTION('',(0.,1.,0.));
#2534=DIRECTION('',(0.,1.,0.));
#2535=DIRECTION('',(1.,0.,1.97372982155583E-15));
#2536=DIRECTION('center_axis',(1.,0.,1.97372982155591E-15));
#2537=DIRECTION('ref_axis',(-3.14018491736754E-15,0.707106781186546,0.707106781186549));
#2538=DIRECTION('center_axis',(-1.,3.66789931760533E-14,-1.39124822773362E-15));
#2539=DIRECTION('ref_axis',(-3.14018491736754E-15,0.707106781186546,0.707106781186549));
#2540=DIRECTION('center_axis',(0.930547004287319,0.,0.366172463208112));
#2541=DIRECTION('ref_axis',(-0.366172463208112,0.,0.930547004287319));
#2542=DIRECTION('center_axis',(0.73183545437629,0.,0.681481377381546));
#2543=DIRECTION('ref_axis',(-0.481880103198842,0.707106781186547,0.517485812502212));
#2544=DIRECTION('center_axis',(0.930547004287342,1.03311470965577E-15,0.366172463208054));
#2545=DIRECTION('ref_axis',(0.366172463208054,2.62543444619735E-15,-0.930547004287342));
#2546=DIRECTION('center_axis',(1.,0.,-4.48574959444497E-17));
#2547=DIRECTION('ref_axis',(0.,0.707106781186544,0.707106781186551));
#2548=DIRECTION('center_axis',(-1.,3.66789931760533E-14,-1.39124822773362E-15));
#2549=DIRECTION('ref_axis',(-1.39124822773362E-15,0.,1.));
#2550=DIRECTION('center_axis',(-1.,3.66789931760533E-14,-1.39124822773362E-15));
#2551=DIRECTION('ref_axis',(0.,-0.707106781186548,0.707106781186548));
#2552=DIRECTION('',(0.,-1.2335811384724E-16,1.));
#2553=DIRECTION('center_axis',(-1.,3.66789931760533E-14,-1.39124822773362E-15));
#2554=DIRECTION('ref_axis',(0.,-0.707106781186544,-0.707106781186551));
#2555=DIRECTION('center_axis',(1.,-3.66789931760533E-14,1.39124822773362E-15));
#2556=DIRECTION('ref_axis',(3.66789931760533E-14,1.,2.00638739258977E-15));
#2557=DIRECTION('center_axis',(1.,-3.66789931760533E-14,1.39124822773362E-15));
#2558=DIRECTION('ref_axis',(3.66789931760533E-14,1.,2.00638739258977E-15));
#2559=DIRECTION('center_axis',(1.,-3.66789931760533E-14,1.39124822773362E-15));
#2560=DIRECTION('ref_axis',(3.66789931760533E-14,1.,2.00638739258977E-15));
#2561=DIRECTION('center_axis',(1.,-3.66789931760533E-14,1.39124822773362E-15));
#2562=DIRECTION('ref_axis',(3.66789931760533E-14,1.,2.00638739258977E-15));
#2563=DIRECTION('center_axis',(-1.,3.66789931760533E-14,-1.39124822773362E-15));
#2564=DIRECTION('ref_axis',(1.31581988103692E-15,2.00638739258972E-15,-1.));
#2565=DIRECTION('center_axis',(1.,0.,1.97372982155591E-15));
#2566=DIRECTION('ref_axis',(0.,-0.707106781186544,-0.707106781186551));
#2567=DIRECTION('',(-1.,0.,-1.97372982155591E-15));
#2568=DIRECTION('center_axis',(-1.,0.,0.));
#2569=DIRECTION('ref_axis',(0.,-0.707106781186544,-0.707106781186551));
#2570=DIRECTION('center_axis',(0.,-1.,0.));
#2571=DIRECTION('ref_axis',(0.,0.,-1.));
#2572=DIRECTION('',(0.,-1.2335811384724E-16,1.));
#2573=DIRECTION('',(1.,0.,1.97372982155591E-15));
#2574=DIRECTION('center_axis',(-1.,0.,-1.97372982155591E-15));
#2575=DIRECTION('ref_axis',(0.,-0.707106781186548,0.707106781186548));
#2576=DIRECTION('center_axis',(0.,0.446114909976583,0.894975690785278));
#2577=DIRECTION('ref_axis',(0.,-0.894975690785278,0.446114909976583));
#2578=DIRECTION('',(0.,0.894975690785278,-0.446114909976583));
#2579=DIRECTION('center_axis',(-1.,3.68429566690318E-14,-1.31581988103685E-15));
#2580=DIRECTION('ref_axis',(1.31581988103692E-15,2.00638739258972E-15,-1.));
#2581=DIRECTION('',(-1.,3.68429566690318E-14,-1.31581988103685E-15));
#2582=DIRECTION('center_axis',(1.,-3.66789931760533E-14,1.39124822773362E-15));
#2583=DIRECTION('ref_axis',(1.31581988103692E-15,2.00638739258972E-15,-1.));
#2584=DIRECTION('center_axis',(1.,0.,0.));
#2585=DIRECTION('ref_axis',(0.,0.,1.));
#2586=DIRECTION('',(1.,0.,0.));
#2587=DIRECTION('center_axis',(-1.,0.,0.));
#2588=DIRECTION('ref_axis',(0.,0.,1.));
#2589=DIRECTION('center_axis',(1.,0.,0.));
#2590=DIRECTION('ref_axis',(0.,0.,1.));
#2591=DIRECTION('',(1.,0.,0.));
#2592=DIRECTION('center_axis',(-1.,0.,0.));
#2593=DIRECTION('ref_axis',(0.,0.,1.));
#2594=DIRECTION('center_axis',(1.,0.,0.));
#2595=DIRECTION('ref_axis',(0.,-1.2335811384724E-16,1.));
#2596=DIRECTION('',(0.,-1.2335811384724E-16,1.));
#2597=DIRECTION('',(0.,1.,0.));
#2598=DIRECTION('center_axis',(1.,0.,0.));
#2599=DIRECTION('ref_axis',(0.,0.,-1.));
#2600=DIRECTION('',(0.,-0.965831435195605,-0.259171060861349));
#2601=DIRECTION('center_axis',(1.,0.,0.));
#2602=DIRECTION('ref_axis',(0.,0.,-1.));
#2603=DIRECTION('',(0.,-0.173600783761897,-0.984816108660523));
#2604=DIRECTION('',(0.,1.,0.));
#2605=DIRECTION('',(0.,-0.258977531933612,0.965883345934474));
#2606=DIRECTION('',(0.,1.,0.));
#2607=DIRECTION('',(0.,-0.258781981837033,-0.965935756599008));
#2608=DIRECTION('center_axis',(1.,0.,0.));
#2609=DIRECTION('ref_axis',(0.,0.,-1.));
#2610=DIRECTION('',(0.,0.,-1.));
#2611=DIRECTION('center_axis',(1.,0.,0.));
#2612=DIRECTION('ref_axis',(0.,0.,-1.));
#2613=DIRECTION('center_axis',(1.,0.,0.));
#2614=DIRECTION('ref_axis',(0.,0.,-1.));
#2615=DIRECTION('center_axis',(1.,0.,0.));
#2616=DIRECTION('ref_axis',(0.,0.,-1.));
#2617=DIRECTION('',(0.,0.,1.));
#2618=DIRECTION('center_axis',(1.,0.,0.));
#2619=DIRECTION('ref_axis',(0.,0.,-1.));
#2620=DIRECTION('',(0.,0.,-1.));
#2621=DIRECTION('center_axis',(1.,0.,0.));
#2622=DIRECTION('ref_axis',(0.,0.,-1.));
#2623=DIRECTION('',(0.,0.,1.));
#2624=DIRECTION('center_axis',(1.,0.,0.));
#2625=DIRECTION('ref_axis',(0.,0.,-1.));
#2626=DIRECTION('',(0.,0.00015734152315112,0.999999987621823));
#2627=DIRECTION('center_axis',(1.,0.,0.));
#2628=DIRECTION('ref_axis',(0.,0.,-1.));
#2629=DIRECTION('',(0.,0.,-1.));
#2630=DIRECTION('center_axis',(1.,0.,0.));
#2631=DIRECTION('ref_axis',(0.,0.,-1.));
#2632=DIRECTION('',(0.,-8.67361737988404E-16,1.));
#2633=DIRECTION('center_axis',(0.,-1.,-1.2335811384724E-16));
#2634=DIRECTION('ref_axis',(0.,1.2335811384724E-16,-1.));
#2635=DIRECTION('',(-1.,0.,0.));
#2636=DIRECTION('center_axis',(0.681481377381552,0.,-0.731835454376284));
#2637=DIRECTION('ref_axis',(-0.731835454376284,0.,-0.681481377381552));
#2638=DIRECTION('center_axis',(0.,0.,-1.));
#2639=DIRECTION('ref_axis',(0.,-1.,0.));
#2640=DIRECTION('center_axis',(-1.,0.,0.));
#2641=DIRECTION('ref_axis',(0.,1.22464679914735E-16,-1.));
#2642=DIRECTION('center_axis',(1.,0.,0.));
#2643=DIRECTION('ref_axis',(0.,0.,-1.));
#2644=DIRECTION('',(-1.,0.,0.));
#2645=DIRECTION('',(-1.,0.,0.));
#2646=DIRECTION('center_axis',(0.,-1.,0.));
#2647=DIRECTION('ref_axis',(0.,0.,-1.));
#2648=DIRECTION('',(0.,0.,1.));
#2649=DIRECTION('',(-1.,0.,0.));
#2650=DIRECTION('center_axis',(-1.,0.,0.));
#2651=DIRECTION('ref_axis',(0.,0.,1.));
#2652=DIRECTION('center_axis',(1.,0.,0.));
#2653=DIRECTION('ref_axis',(0.,0.,-1.));
#2654=DIRECTION('',(-1.,0.,0.));
#2655=DIRECTION('center_axis',(-1.,0.,0.));
#2656=DIRECTION('ref_axis',(0.,2.20086119229529E-7,-0.999999999999976));
#2657=DIRECTION('center_axis',(1.,0.,0.));
#2658=DIRECTION('ref_axis',(0.,0.,-1.));
#2659=DIRECTION('',(-1.,0.,0.));
#2660=DIRECTION('',(-1.,0.,0.));
#2661=DIRECTION('center_axis',(0.,-1.,0.));
#2662=DIRECTION('ref_axis',(0.,0.,-1.));
#2663=DIRECTION('',(0.,0.,1.));
#2664=DIRECTION('',(-1.,0.,0.));
#2665=DIRECTION('center_axis',(-1.,0.,0.));
#2666=DIRECTION('ref_axis',(0.,0.,1.));
#2667=DIRECTION('center_axis',(1.,0.,0.));
#2668=DIRECTION('ref_axis',(0.,0.,-1.));
#2669=DIRECTION('',(-1.,0.,0.));
#2670=DIRECTION('center_axis',(-1.,0.,0.));
#2671=DIRECTION('ref_axis',(0.,0.,1.));
#2672=DIRECTION('center_axis',(1.,0.,0.));
#2673=DIRECTION('ref_axis',(0.,0.,-1.));
#2674=DIRECTION('',(-1.,0.,0.));
#2675=DIRECTION('',(-1.,0.,0.));
#2676=DIRECTION('center_axis',(0.,1.,0.));
#2677=DIRECTION('ref_axis',(0.,0.,1.));
#2678=DIRECTION('',(0.,0.,-1.));
#2679=DIRECTION('',(-1.,0.,0.));
#2680=DIRECTION('center_axis',(-1.,0.,0.));
#2681=DIRECTION('ref_axis',(0.,1.22464679914735E-16,-1.));
#2682=DIRECTION('center_axis',(1.,0.,0.));
#2683=DIRECTION('ref_axis',(0.,0.,-1.));
#2684=DIRECTION('',(-1.,0.,0.));
#2685=DIRECTION('center_axis',(-1.,0.,0.));
#2686=DIRECTION('ref_axis',(0.,0.421258234002454,-0.906940736920078));
#2687=DIRECTION('',(-1.,0.,0.));
#2688=DIRECTION('center_axis',(0.,1.,0.));
#2689=DIRECTION('ref_axis',(0.,0.,1.));
#2690=DIRECTION('center_axis',(-1.,0.,0.));
#2691=DIRECTION('ref_axis',(0.,0.,1.));
#2692=DIRECTION('',(-1.,0.,0.));
#2693=DIRECTION('center_axis',(0.,0.259171060861349,-0.965831435195605));
#2694=DIRECTION('ref_axis',(0.,0.965831435195605,0.259171060861349));
#2695=DIRECTION('',(-1.,0.,0.));
#2696=DIRECTION('center_axis',(-1.,0.,0.));
#2697=DIRECTION('ref_axis',(0.,0.,1.));
#2698=DIRECTION('',(-1.,0.,0.));
#2699=DIRECTION('center_axis',(0.,0.984816108660523,-0.173600783761897));
#2700=DIRECTION('ref_axis',(0.,0.173600783761897,0.984816108660523));
#2701=DIRECTION('center_axis',(0.,0.,1.));
#2702=DIRECTION('ref_axis',(1.,0.,0.));
#2703=DIRECTION('',(-1.,0.,0.));
#2704=DIRECTION('center_axis',(0.,-0.965883345934474,-0.258977531933612));
#2705=DIRECTION('ref_axis',(0.,0.258977531933612,-0.965883345934474));
#2706=DIRECTION('',(-1.,0.,0.));
#2707=DIRECTION('center_axis',(0.,0.,1.));
#2708=DIRECTION('ref_axis',(1.,0.,0.));
#2709=DIRECTION('',(-1.,0.,0.));
#2710=DIRECTION('center_axis',(0.,0.965935756599008,-0.258781981837033));
#2711=DIRECTION('ref_axis',(0.,0.258781981837033,0.965935756599008));
#2712=DIRECTION('center_axis',(0.,0.965935756599008,-0.258781981837033));
#2713=DIRECTION('ref_axis',(0.,0.258781981837033,0.965935756599008));
#2714=DIRECTION('center_axis',(-1.,0.,0.));
#2715=DIRECTION('ref_axis',(0.,0.,1.));
#2716=DIRECTION('',(-1.,0.,0.));
#2717=DIRECTION('center_axis',(1.,0.,0.));
#2718=DIRECTION('ref_axis',(0.,0.,-1.));
#2719=DIRECTION('center_axis',(0.,1.,0.));
#2720=DIRECTION('ref_axis',(0.,0.,1.));
#2721=DIRECTION('',(0.,0.,-1.));
#2722=DIRECTION('center_axis',(0.,-0.999999987621823,0.00015734152315112));
#2723=DIRECTION('ref_axis',(0.,-0.00015734152315112,-0.999999987621823));
#2724=DIRECTION('',(0.,0.00015734152315112,0.999999987621823));
#2725=DIRECTION('center_axis',(0.,-1.,-8.67361737988404E-16));
#2726=DIRECTION('ref_axis',(0.,8.67361737988404E-16,-1.));
#2727=DIRECTION('',(0.,-8.67361737988404E-16,1.));
#2728=DIRECTION('center_axis',(-1.,0.,0.));
#2729=DIRECTION('ref_axis',(0.,0.,1.));
#2730=DIRECTION('',(-1.,0.,0.));
#2731=DIRECTION('center_axis',(1.,0.,0.));
#2732=DIRECTION('ref_axis',(0.,0.,-1.));
#2733=DIRECTION('center_axis',(0.,-0.0161376044830982,-0.999869780382199));
#2734=DIRECTION('ref_axis',(0.,0.999869780382199,-0.0161376044830982));
#2735=DIRECTION('',(-1.,0.,0.));
#2736=DIRECTION('',(0.,-0.999869780382199,0.0161376044830982));
#2737=DIRECTION('',(-1.,0.,0.));
#2738=DIRECTION('center_axis',(0.,0.857843828045804,-0.513910465629687));
#2739=DIRECTION('ref_axis',(0.,0.513910465629687,0.857843828045804));
#2740=DIRECTION('',(0.,-0.513910465629687,-0.857843828045804));
#2741=DIRECTION('',(-1.,0.,0.));
#2742=DIRECTION('center_axis',(0.,0.8739814325289,0.485959314752512));
#2743=DIRECTION('ref_axis',(0.,-0.485959314752512,0.8739814325289));
#2744=DIRECTION('',(0.,0.485959314752512,-0.8739814325289));
#2745=DIRECTION('',(-1.,0.,0.));
#2746=DIRECTION('center_axis',(0.,0.0161376044830982,0.999869780382199));
#2747=DIRECTION('ref_axis',(0.,-0.999869780382199,0.0161376044830982));
#2748=DIRECTION('',(0.,0.999869780382199,-0.0161376044830982));
#2749=DIRECTION('',(-1.,0.,0.));
#2750=DIRECTION('center_axis',(0.,-0.857843828045804,0.513910465629687));
#2751=DIRECTION('ref_axis',(0.,-0.513910465629687,-0.857843828045804));
#2752=DIRECTION('',(0.,0.513910465629687,0.857843828045804));
#2753=DIRECTION('',(-1.,0.,0.));
#2754=DIRECTION('center_axis',(0.,-0.8739814325289,-0.485959314752512));
#2755=DIRECTION('ref_axis',(0.,0.485959314752512,-0.8739814325289));
#2756=DIRECTION('',(0.,-0.485959314752512,0.8739814325289));
#2757=DIRECTION('center_axis',(1.,0.,0.));
#2758=DIRECTION('ref_axis',(0.,1.,0.));
#2759=DIRECTION('center_axis',(0.,-0.00709240723383844,-0.999974848563517));
#2760=DIRECTION('ref_axis',(0.,0.999974848563517,-0.00709240723383844));
#2761=DIRECTION('',(-1.,0.,0.));
#2762=DIRECTION('',(0.,-0.999974848563517,0.00709240723383844));
#2763=DIRECTION('',(-1.,0.,0.));
#2764=DIRECTION('center_axis',(0.,0.862457418384583,-0.506129629120248));
#2765=DIRECTION('ref_axis',(0.,0.506129629120248,0.862457418384583));
#2766=DIRECTION('',(0.,-0.506129629120248,-0.862457418384583));
#2767=DIRECTION('',(-1.,0.,0.));
#2768=DIRECTION('center_axis',(0.,0.869549825618423,0.493845219443269));
#2769=DIRECTION('ref_axis',(0.,-0.493845219443269,0.869549825618423));
#2770=DIRECTION('',(0.,0.493845219443269,-0.869549825618423));
#2771=DIRECTION('',(-1.,0.,0.));
#2772=DIRECTION('center_axis',(0.,0.00709240723383948,0.999974848563517));
#2773=DIRECTION('ref_axis',(0.,-0.999974848563517,0.00709240723383948));
#2774=DIRECTION('',(0.,0.999974848563517,-0.00709240723383949));
#2775=DIRECTION('',(-1.,0.,0.));
#2776=DIRECTION('center_axis',(0.,-0.862457418384583,0.506129629120248));
#2777=DIRECTION('ref_axis',(0.,-0.506129629120248,-0.862457418384583));
#2778=DIRECTION('',(0.,0.506129629120248,0.862457418384583));
#2779=DIRECTION('',(-1.,0.,0.));
#2780=DIRECTION('center_axis',(0.,-0.869549825618423,-0.493845219443269));
#2781=DIRECTION('ref_axis',(0.,0.493845219443269,-0.869549825618423));
#2782=DIRECTION('',(0.,-0.493845219443269,0.869549825618423));
#2783=DIRECTION('center_axis',(1.,0.,0.));
#2784=DIRECTION('ref_axis',(0.,1.,0.));
#2785=DIRECTION('center_axis',(0.,1.,0.));
#2786=DIRECTION('ref_axis',(0.,0.,1.));
#2787=DIRECTION('',(-1.,0.,0.));
#2788=DIRECTION('',(0.,0.,-1.));
#2789=DIRECTION('',(-1.,0.,0.));
#2790=DIRECTION('center_axis',(-1.,0.,0.));
#2791=DIRECTION('ref_axis',(0.,0.,1.));
#2792=DIRECTION('',(-1.,0.,0.));
#2793=DIRECTION('center_axis',(1.,0.,0.));
#2794=DIRECTION('ref_axis',(0.,0.,-1.));
#2795=DIRECTION('center_axis',(0.,1.,0.));
#2796=DIRECTION('ref_axis',(0.,0.,1.));
#2797=DIRECTION('',(-1.,0.,0.));
#2798=DIRECTION('',(0.,0.,-1.));
#2799=DIRECTION('center_axis',(-1.,0.,0.));
#2800=DIRECTION('ref_axis',(0.,1.22464679914735E-16,-1.));
#2801=DIRECTION('center_axis',(1.,0.,0.));
#2802=DIRECTION('ref_axis',(0.,0.,-1.));
#2803=DIRECTION('center_axis',(1.,0.,0.));
#2804=DIRECTION('ref_axis',(0.,1.,0.));
#2805=DIRECTION('center_axis',(-1.,0.,0.));
#2806=DIRECTION('ref_axis',(0.,1.22464679914735E-16,-1.));
#2807=DIRECTION('',(-1.,0.,0.));
#2808=DIRECTION('center_axis',(1.,0.,0.));
#2809=DIRECTION('ref_axis',(0.,0.,-1.));
#2810=DIRECTION('',(-1.,0.,0.));
#2811=DIRECTION('center_axis',(0.,-1.,-1.73472347597681E-15));
#2812=DIRECTION('ref_axis',(0.,1.73472347597681E-15,-1.));
#2813=DIRECTION('',(-1.,0.,0.));
#2814=DIRECTION('',(0.,-1.73472347597681E-15,1.));
#2815=DIRECTION('center_axis',(-1.,0.,0.));
#2816=DIRECTION('ref_axis',(0.,0.,1.));
#2817=DIRECTION('',(-1.,0.,0.));
#2818=DIRECTION('center_axis',(1.,0.,0.));
#2819=DIRECTION('ref_axis',(0.,0.,-1.));
#2820=DIRECTION('center_axis',(0.,1.,0.));
#2821=DIRECTION('ref_axis',(0.,0.,1.));
#2822=DIRECTION('',(0.,0.,-1.));
#2823=DIRECTION('center_axis',(1.,0.,0.));
#2824=DIRECTION('ref_axis',(0.,1.,0.));
#2825=DIRECTION('center_axis',(-1.,0.,0.));
#2826=DIRECTION('ref_axis',(0.,0.,1.));
#2827=DIRECTION('',(-1.,0.,0.));
#2828=DIRECTION('center_axis',(1.,0.,0.));
#2829=DIRECTION('ref_axis',(0.,0.,-1.));
#2830=DIRECTION('',(-1.,0.,0.));
#2831=DIRECTION('center_axis',(0.,-0.999999997737457,-6.72687581786046E-5));
#2832=DIRECTION('ref_axis',(0.,6.72687581786046E-5,-0.999999997737457));
#2833=DIRECTION('',(-1.,0.,0.));
#2834=DIRECTION('',(0.,-6.72687581786046E-5,0.999999997737457));
#2835=DIRECTION('center_axis',(-1.,0.,0.));
#2836=DIRECTION('ref_axis',(0.,0.00292511405807501,-0.999995721844722));
#2837=DIRECTION('',(-1.,0.,0.));
#2838=DIRECTION('center_axis',(1.,0.,0.));
#2839=DIRECTION('ref_axis',(0.,0.,-1.));
#2840=DIRECTION('center_axis',(0.,1.,0.));
#2841=DIRECTION('ref_axis',(0.,0.,1.));
#2842=DIRECTION('',(0.,0.,-1.));
#2843=DIRECTION('center_axis',(1.,0.,0.));
#2844=DIRECTION('ref_axis',(0.,1.,0.));
#2845=DIRECTION('center_axis',(0.,-1.,0.));
#2846=DIRECTION('ref_axis',(1.,0.,0.));
#2847=DIRECTION('center_axis',(0.,-1.,0.));
#2848=DIRECTION('ref_axis',(0.,0.,-1.));
#2849=DIRECTION('center_axis',(0.,1.,0.));
#2850=DIRECTION('ref_axis',(0.,0.,1.));
#2851=DIRECTION('',(0.,1.,0.));
#2852=DIRECTION('center_axis',(1.,-3.66373598126301E-14,0.));
#2853=DIRECTION('ref_axis',(-7.34626717987067E-29,-2.00638739258977E-15,
1.));
#2854=DIRECTION('center_axis',(1.,-3.66789931760533E-14,1.39124822773362E-15));
#2855=DIRECTION('ref_axis',(-7.34626717987067E-29,-2.00638739258977E-15,
1.));
#2856=DIRECTION('',(1.,-3.66373598126301E-14,0.));
#2857=DIRECTION('center_axis',(1.,-3.66789931760533E-14,1.39124822773362E-15));
#2858=DIRECTION('ref_axis',(-1.3912482277337E-15,-2.00638739258972E-15,
1.));
#2859=DIRECTION('center_axis',(-1.,3.66789931760533E-14,-1.39124822773362E-15));
#2860=DIRECTION('ref_axis',(-1.39124822773362E-15,0.,1.));
#2861=DIRECTION('center_axis',(-1.,3.66789931760533E-14,-1.39124822773362E-15));
#2862=DIRECTION('ref_axis',(3.67607179264774E-14,1.,2.00638739258977E-15));
#2863=DIRECTION('center_axis',(1.,-3.66373598126302E-14,0.));
#2864=DIRECTION('ref_axis',(-7.34626717987067E-29,-2.00638739258977E-15,
1.));
#2865=DIRECTION('center_axis',(1.,-3.66789931760533E-14,1.39124822773362E-15));
#2866=DIRECTION('ref_axis',(-7.34626717987067E-29,-2.00638739258977E-15,
1.));
#2867=DIRECTION('',(1.,-3.66373598126302E-14,0.));
#2868=DIRECTION('center_axis',(1.,-3.66789931760533E-14,1.39124822773362E-15));
#2869=DIRECTION('ref_axis',(-1.3912482277337E-15,-2.00638739258972E-15,
1.));
#2870=DIRECTION('center_axis',(-1.,3.66789931760533E-14,-1.39124822773362E-15));
#2871=DIRECTION('ref_axis',(-1.39124822773362E-15,0.,1.));
#2872=DIRECTION('center_axis',(-1.,3.66789931760533E-14,-1.39124822773362E-15));
#2873=DIRECTION('ref_axis',(3.67607179264774E-14,1.,2.00638739258977E-15));
#2874=DIRECTION('center_axis',(1.,-3.66373598126302E-14,0.));
#2875=DIRECTION('ref_axis',(-7.34626717987067E-29,-2.00638739258977E-15,
1.));
#2876=DIRECTION('center_axis',(1.,-3.66789931760533E-14,1.39124822773362E-15));
#2877=DIRECTION('ref_axis',(-7.34626717987067E-29,-2.00638739258977E-15,
1.));
#2878=DIRECTION('',(1.,-3.66373598126302E-14,0.));
#2879=DIRECTION('center_axis',(1.,-3.66789931760533E-14,1.39124822773362E-15));
#2880=DIRECTION('ref_axis',(-1.3912482277337E-15,-2.00638739258972E-15,
1.));
#2881=DIRECTION('center_axis',(-1.,3.66789931760533E-14,-1.39124822773362E-15));
#2882=DIRECTION('ref_axis',(-1.39124822773362E-15,0.,1.));
#2883=DIRECTION('center_axis',(-1.,3.66789931760533E-14,-1.39124822773362E-15));
#2884=DIRECTION('ref_axis',(3.67607179264774E-14,1.,2.00638739258977E-15));
#2885=DIRECTION('center_axis',(1.,-3.66373598126301E-14,0.));
#2886=DIRECTION('ref_axis',(-7.34626717987067E-29,-2.00638739258977E-15,
1.));
#2887=DIRECTION('center_axis',(1.,-3.66789931760533E-14,1.39124822773362E-15));
#2888=DIRECTION('ref_axis',(-7.34626717987067E-29,-2.00638739258977E-15,
1.));
#2889=DIRECTION('',(1.,-3.66373598126301E-14,0.));
#2890=DIRECTION('center_axis',(1.,-3.66789931760533E-14,1.39124822773362E-15));
#2891=DIRECTION('ref_axis',(-1.3912482277337E-15,-2.00638739258972E-15,
1.));
#2892=DIRECTION('center_axis',(-1.,3.66789931760533E-14,-1.39124822773362E-15));
#2893=DIRECTION('ref_axis',(-1.39124822773362E-15,0.,1.));
#2894=DIRECTION('center_axis',(-1.,3.66789931760533E-14,-1.39124822773362E-15));
#2895=DIRECTION('ref_axis',(3.67607179264774E-14,1.,2.00638739258977E-15));
#2896=DIRECTION('center_axis',(-1.,3.67607179264774E-14,-1.97372982155583E-15));
#2897=DIRECTION('ref_axis',(3.67607179264774E-14,1.,2.00638739258977E-15));
#2898=DIRECTION('',(1.,-3.67607179264774E-14,1.97372982155583E-15));
#2899=DIRECTION('center_axis',(-1.,3.67607179264774E-14,-1.97372982155583E-15));
#2900=DIRECTION('ref_axis',(3.67607179264774E-14,1.,2.00638739258977E-15));
#2901=DIRECTION('',(1.,-3.67607179264774E-14,1.97372982155583E-15));
#2902=DIRECTION('center_axis',(-1.,3.67607179264774E-14,-1.97372982155583E-15));
#2903=DIRECTION('ref_axis',(3.67607179264774E-14,1.,2.00638739258977E-15));
#2904=DIRECTION('',(1.,-3.67607179264774E-14,1.97372982155583E-15));
#2905=DIRECTION('center_axis',(-1.,3.67607179264774E-14,-1.97372982155583E-15));
#2906=DIRECTION('ref_axis',(3.67607179264774E-14,1.,2.00638739258977E-15));
#2907=DIRECTION('',(1.,-3.67607179264774E-14,1.97372982155583E-15));
#2908=DIRECTION('center_axis',(-1.,3.66789931760533E-14,-1.39124822773362E-15));
#2909=DIRECTION('ref_axis',(-1.39124822773362E-15,0.,1.));
#2910=CARTESIAN_POINT('',(0.,0.,0.));
#2911=CARTESIAN_POINT('Origin',(9.2212294769212,-25.7290379586261,44.4115881323815));
#2912=CARTESIAN_POINT('',(4.4,-25.7290379586261,42.4115881323815));
#2913=CARTESIAN_POINT('',(4.4,-27.7290379586261,44.4115881323815));
#2914=CARTESIAN_POINT('Origin',(4.4,-25.7290379586261,44.4115881323815));
#2915=CARTESIAN_POINT('',(0.,-27.7290379586261,44.4115881323815));
#2916=CARTESIAN_POINT('',(9.2212294769212,-27.7290379586261,44.4115881323815));
#2917=CARTESIAN_POINT('',(0.,-25.7290379586261,42.4115881323815));
#2918=CARTESIAN_POINT('Origin',(0.,-25.7290379586261,44.4115881323815));
#2919=CARTESIAN_POINT('',(9.2212294769212,-25.7290379586261,42.4115881323815));
#2920=CARTESIAN_POINT('Origin',(0.,-21.7290379586261,42.4115881323815));
#2921=CARTESIAN_POINT('',(0.,-21.7290379586261,42.4115881323815));
#2922=CARTESIAN_POINT('',(0.,-21.7290379586261,42.4115881323815));
#2923=CARTESIAN_POINT('',(4.4,-21.7290379586261,42.4115881323815));
#2924=CARTESIAN_POINT('',(0.,-21.7290379586261,42.4115881323815));
#2925=CARTESIAN_POINT('',(4.4,-21.7290379586261,42.4115881323815));
#2926=CARTESIAN_POINT('Origin',(0.,2.66346399089498,28.0683819997536));
#2927=CARTESIAN_POINT('',(0.,-27.7290379586261,67.4766520038129));
#2928=CARTESIAN_POINT('',(0.,-27.7290379586261,58.5960059978499));
#2929=CARTESIAN_POINT('',(0.,-25.7290379586261,69.476652003813));
#2930=CARTESIAN_POINT('Origin',(-7.99360577730113E-14,-25.7290379586261,
67.4766520038129));
#2931=CARTESIAN_POINT('',(0.,-22.1998776766719,69.476652003813));
#2932=CARTESIAN_POINT('',(0.,-21.7290379586261,69.476652003813));
#2933=CARTESIAN_POINT('',(0.,-21.3076478567187,69.2666033853834));
#2934=CARTESIAN_POINT('Origin',(-1.75415237890775E-13,-22.1998776766719,
67.4766520038129));
#2935=CARTESIAN_POINT('',(0.,30.1287902359888,43.6272902895045));
#2936=CARTESIAN_POINT('',(0.,-21.7290379586261,69.476652003813));
#2937=CARTESIAN_POINT('',(0.,31.021020055942,43.417241671075));
#2938=CARTESIAN_POINT('Origin',(-1.77370106703907E-15,31.021020055942,45.417241671075));
#2939=CARTESIAN_POINT('',(0.,34.5501803378961,43.417241671075));
#2940=CARTESIAN_POINT('',(0.,30.5501803378961,43.417241671075));
#2941=CARTESIAN_POINT('',(4.27641461337098E-15,36.5501803378961,41.417241671075));
#2942=CARTESIAN_POINT('Origin',(1.11022302462516E-15,34.5501803378961,41.417241671075));
#2943=CARTESIAN_POINT('',(5.34551826671372E-14,36.5501803378961,18.417241671075));
#2944=CARTESIAN_POINT('',(5.77315972805081E-14,36.5501803378961,16.417241671075));
#2945=CARTESIAN_POINT('',(5.77315972805081E-14,34.5501803378961,16.417241671075));
#2946=CARTESIAN_POINT('Origin',(1.99840144432528E-14,34.5501803378961,18.417241671075));
#2947=CARTESIAN_POINT('',(5.77315972805081E-14,30.5501803378961,16.417241671075));
#2948=CARTESIAN_POINT('',(5.77315972805081E-14,30.5501803378961,16.417241671075));
#2949=CARTESIAN_POINT('',(0.,30.5501803378961,2.06082939014076));
#2950=CARTESIAN_POINT('',(0.,30.5501803378961,21.0644284872656));
#2951=CARTESIAN_POINT('',(0.,23.1141465110712,-1.39307928365922));
#2952=CARTESIAN_POINT('Origin',(0.,26.0300231031261,2.06082939014076));
#2953=CARTESIAN_POINT('',(0.,21.8583897418619,-0.921600317096152));
#2954=CARTESIAN_POINT('Origin',(0.,21.8239805099307,-2.92130429637856));
#2955=CARTESIAN_POINT('',(0.,-6.27475603675258,-0.437508697495765));
#2956=CARTESIAN_POINT('',(0.,8.18529947054271,-0.686325226764211));
#2957=CARTESIAN_POINT('',(0.,-5.20310550188434,3.56255947904199));
#2958=CARTESIAN_POINT('',(0.,-5.73893076931846,1.56252539077311));
#2959=CARTESIAN_POINT('',(0.,-17.2029649764837,3.56255947904199));
#2960=CARTESIAN_POINT('',(0.,-11.203035239184,3.56255947904199));
#2961=CARTESIAN_POINT('',(0.,-16.1304464489759,-0.437508697495769));
#2962=CARTESIAN_POINT('',(0.,-16.6667057127298,1.56252539077311));
#2963=CARTESIAN_POINT('',(0.,-22.8398616429746,-0.437508697495767));
#2964=CARTESIAN_POINT('',(0.,-20.676849402541,-0.437508697495767));
#2965=CARTESIAN_POINT('',(0.,-24.8094938602956,1.90969287002803));
#2966=CARTESIAN_POINT('Origin',(0.,-22.8398616429746,1.56249130250423));
#2967=CARTESIAN_POINT('',(0.,-23.2919456509498,10.5185590850711));
#2968=CARTESIAN_POINT('',(0.,-24.2575990035279,5.04052519378768));
#2969=CARTESIAN_POINT('',(0.,-22.7075889706611,11.1557636409998));
#2970=CARTESIAN_POINT('Origin',(0.,-22.5001534995867,10.3789840549265));
#2971=CARTESIAN_POINT('',(0.,-18.3037780225277,12.3374816030264));
#2972=CARTESIAN_POINT('',(0.,-20.5056834965944,11.7466226220131));
#2973=CARTESIAN_POINT('',(0.,-16.0798896104097,15.2367195114493));
#2974=CARTESIAN_POINT('Origin',(0.,-19.0817815383978,15.2368031932637));
#2975=CARTESIAN_POINT('',(0.,-16.0798896104097,40.476652003813));
#2976=CARTESIAN_POINT('',(0.,-16.0798896104097,28.1117195114493));
#2977=CARTESIAN_POINT('',(0.,-18.0798896104097,42.476652003813));
#2978=CARTESIAN_POINT('Origin',(0.,-18.0798896104097,40.476652003813));
#2979=CARTESIAN_POINT('',(0.,-21.7290379586261,42.476652003813));
#2980=CARTESIAN_POINT('',(0.,-6.02787244192359,42.476652003813));
#2981=CARTESIAN_POINT('',(0.,-21.7290379586261,58.5960059978499));
#2982=CARTESIAN_POINT('',(0.,-14.9935952611199,56.3887881615131));
#2983=CARTESIAN_POINT('',(0.,-18.3129270105548,56.4423612006944));
#2984=CARTESIAN_POINT('',(0.,-16.6532611358373,56.4155746811038));
#2985=CARTESIAN_POINT('',(0.,-20.0189884981611,53.5945221016862));
#2986=CARTESIAN_POINT('',(0.,-19.1659577543579,55.0184416511903));
#2987=CARTESIAN_POINT('',(0.,-18.4057182363325,50.6931099634968));
#2988=CARTESIAN_POINT('',(0.,-19.2123533672468,52.1438160325915));
#2989=CARTESIAN_POINT('',(0.,-15.0863864868977,50.6395369243155));
#2990=CARTESIAN_POINT('',(0.,-16.7460523616151,50.6663234439061));
#2991=CARTESIAN_POINT('',(0.,-13.3803249992913,53.4873760233237));
#2992=CARTESIAN_POINT('',(0.,-14.2333557430945,52.0634564738196));
#2993=CARTESIAN_POINT('',(0.,-14.1869601302056,54.9380820924184));
#2994=CARTESIAN_POINT('',(0.,4.64971404904073,40.0547200578004));
#2995=CARTESIAN_POINT('',(0.,1.45000987686217,40.0454330151123));
#2996=CARTESIAN_POINT('Origin',(0.,3.0498754406245,40.0454330151123));
#2997=CARTESIAN_POINT('',(0.,1.45000987686217,36.0454330151123));
#2998=CARTESIAN_POINT('',(0.,1.45000987686217,38.0454330151122));
#2999=CARTESIAN_POINT('',(0.,4.64998311914432,36.0547933418737));
#3000=CARTESIAN_POINT('Origin',(0.,3.05001018807352,36.0454330151123));
#3001=CARTESIAN_POINT('',(0.,4.64984858409252,38.0547566998371));
#3002=CARTESIAN_POINT('',(0.,24.3131166359543,36.0680275843905));
#3003=CARTESIAN_POINT('',(0.,27.5131166359543,36.0680275843905));
#3004=CARTESIAN_POINT('Origin',(0.,25.9131166359543,36.0680275843905));
#3005=CARTESIAN_POINT('',(0.,27.5131166359543,40.0680275843905));
#3006=CARTESIAN_POINT('',(0.,27.5131166359543,38.0680275843905));
#3007=CARTESIAN_POINT('',(0.,24.3131166359543,40.0680275843905));
#3008=CARTESIAN_POINT('Origin',(0.,25.9131166359543,40.0680275843905));
#3009=CARTESIAN_POINT('',(0.,24.3131166359543,38.0680275843905));
#3010=CARTESIAN_POINT('',(0.,24.4501901451997,6.05540520222858));
#3011=CARTESIAN_POINT('',(0.,24.4501901451997,2.05540520221838));
#3012=CARTESIAN_POINT('',(0.,24.4501901451997,4.05540520222348));
#3013=CARTESIAN_POINT('',(0.,27.6501901451997,2.05540520221838));
#3014=CARTESIAN_POINT('Origin',(0.,26.0501901451997,2.05540520221838));
#3015=CARTESIAN_POINT('',(0.,27.6501901451997,6.05540520221838));
#3016=CARTESIAN_POINT('',(0.,27.6501901451997,4.05540520221839));
#3017=CARTESIAN_POINT('Origin',(0.,26.0501901451997,6.05540520222348));
#3018=CARTESIAN_POINT('',(0.,27.9801071605864,18.4045388308051));
#3019=CARTESIAN_POINT('',(0.,24.6604266095807,18.4280839493526));
#3020=CARTESIAN_POINT('',(0.,26.3202668850836,18.4163113900788));
#3021=CARTESIAN_POINT('',(0.,22.9801956632806,15.5649288190063));
#3022=CARTESIAN_POINT('',(0.,23.8203111364307,16.9965063841795));
#3023=CARTESIAN_POINT('',(0.,24.6196452679862,12.6782285701124));
#3024=CARTESIAN_POINT('',(0.,23.7999204656334,14.1215786945593));
#3025=CARTESIAN_POINT('',(0.,27.9393258189919,12.6546834515648));
#3026=CARTESIAN_POINT('',(0.,26.279485543489,12.6664560108386));
#3027=CARTESIAN_POINT('',(0.,29.6195567652921,15.5178385819112));
#3028=CARTESIAN_POINT('',(0.,28.779441292142,14.086261016738));
#3029=CARTESIAN_POINT('',(0.,28.7998319629393,16.9611887063581));
#3030=CARTESIAN_POINT('',(0.,-6.74955863290228,45.4766520038134));
#3031=CARTESIAN_POINT('Origin',(0.,-6.74955863290228,48.4766520038134));
#3032=CARTESIAN_POINT('',(0.,3.25044136709779,45.4766520038134));
#3033=CARTESIAN_POINT('Origin',(0.,3.25044136709778,48.4766520038134));
#3034=CARTESIAN_POINT('Origin',(9.40613923410241,32.5501803378961,45.3460777942483));
#3035=CARTESIAN_POINT('',(32.3849179076832,32.5501803378961,69.476652003813));
#3036=CARTESIAN_POINT('',(32.3849179076848,30.5501803378961,66.7437972506862));
#3037=CARTESIAN_POINT('Origin',(32.3849179076849,32.5501803378961,66.7437972506863));
#3038=CARTESIAN_POINT('',(4.4,32.5501803378961,43.417241671075));
#3039=CARTESIAN_POINT('',(8.04317647933932,32.5501803378961,46.8097487030009));
#3040=CARTESIAN_POINT('',(5.44323116595796,31.0210200944304,43.417241671075));
#3041=CARTESIAN_POINT('Origin',(7.33478305699945,32.5501803378961,43.417241671075));
#3042=CARTESIAN_POINT('',(7.39514901892013,30.5501803378961,43.4734541415568));
#3043=CARTESIAN_POINT('Ctrl Pts',(7.39514901892013,30.5501803378961,43.4734541415568));
#3044=CARTESIAN_POINT('Ctrl Pts',(6.98685205374875,30.5501803378961,43.4734541415568));
#3045=CARTESIAN_POINT('Ctrl Pts',(6.54713436199946,30.6093481410896,43.4561714776839));
#3046=CARTESIAN_POINT('Ctrl Pts',(5.93014623873628,30.7928303802006,43.4293391727594));
#3047=CARTESIAN_POINT('Ctrl Pts',(5.73208852446104,30.8692357342829,43.420765346966));
#3048=CARTESIAN_POINT('Ctrl Pts',(5.51276119838554,30.9821813260775,43.4175345811974));
#3049=CARTESIAN_POINT('Ctrl Pts',(5.4776895103381,31.0012245405079,43.4172416706941));
#3050=CARTESIAN_POINT('Ctrl Pts',(5.44323116595796,31.0210200944304,43.417241671075));
#3051=CARTESIAN_POINT('',(9.40613923410241,30.5501803378961,45.3460777942483));
#3052=CARTESIAN_POINT('Origin',(18.4424589538424,30.5501803378961,42.946946837444));
#3053=CARTESIAN_POINT('',(4.4,30.5501803378961,43.4734541415568));
#3054=CARTESIAN_POINT('',(-1.06021305186914E-17,30.5501803378961,43.4734541415568));
#3055=CARTESIAN_POINT('',(4.4,30.5501803378961,19.1500964242033));
#3056=CARTESIAN_POINT('',(4.4,30.5501803378961,21.0644284872656));
#3057=CARTESIAN_POINT('',(32.3849179076848,30.5501803378961,45.2095067569431));
#3058=CARTESIAN_POINT('',(27.4055578301953,30.5501803378961,40.5727524923137));
#3059=CARTESIAN_POINT('',(32.3849179076848,30.5501803378961,49.2266520038134));
#3060=CARTESIAN_POINT('Origin',(27.4055578301953,32.5501803378961,40.5727524923137));
#3061=CARTESIAN_POINT('',(4.4,32.5501803378961,16.417241671075));
#3062=CARTESIAN_POINT('Origin',(4.4,32.5501803378961,19.1500964242033));
#3063=CARTESIAN_POINT('',(32.3849179076833,32.5501803378961,42.4766520038134));
#3064=CARTESIAN_POINT('',(28.7685205849585,32.5501803378961,39.1090815835611));
#3065=CARTESIAN_POINT('Origin',(32.3849179076849,32.5501803378961,45.2095067569432));
#3066=CARTESIAN_POINT('Origin',(27.6636884307633,-23.7290379586261,44.4766520038134));
#3067=CARTESIAN_POINT('',(4.4,-21.7290379586261,44.4766520038133));
#3068=CARTESIAN_POINT('',(4.4,-23.7290379586261,42.4766520038134));
#3069=CARTESIAN_POINT('Origin',(4.4,-23.7290379586261,44.4766520038133));
#3070=CARTESIAN_POINT('',(32.3849179076829,-21.7290379586261,44.4766520038134));
#3071=CARTESIAN_POINT('',(27.6636884307633,-21.7290379586261,44.4766520038134));
#3072=CARTESIAN_POINT('',(32.3849179076829,-23.7290379586261,42.4766520038134));
#3073=CARTESIAN_POINT('Origin',(32.3849179076837,-23.7290379586261,44.4766520038134));
#3074=CARTESIAN_POINT('',(27.6636884307633,-23.7290379586261,42.4766520038134));
#3075=CARTESIAN_POINT('Origin',(36.8849179076841,9.25044136709763,42.4766520038135));
#3076=CARTESIAN_POINT('',(32.3849179076841,9.25044136709779,42.4766520038135));
#3077=CARTESIAN_POINT('',(32.3849179076833,34.5501803378961,42.4766520038134));
#3078=CARTESIAN_POINT('',(32.3849179076833,30.5501803378961,42.4766520038134));
#3079=CARTESIAN_POINT('',(36.8849179076848,34.5501803378961,42.4766520038135));
#3080=CARTESIAN_POINT('',(27.6636884307633,34.5501803378961,42.4766520038135));
#3081=CARTESIAN_POINT('',(36.8849179076848,-25.7290379586261,42.4766520038135));
#3082=CARTESIAN_POINT('',(36.8849179076848,-21.7290379586261,42.4766520038135));
#3083=CARTESIAN_POINT('',(4.4,-25.7290379586261,42.4766520038134));
#3084=CARTESIAN_POINT('',(27.6636884307633,-25.7290379586261,42.4766520038134));
#3085=CARTESIAN_POINT('',(4.4,-21.7290379586261,42.4766520038134));
#3086=CARTESIAN_POINT('Origin',(4.4,-18.0798896104097,40.476652003813));
#3087=CARTESIAN_POINT('',(4.4,-18.0798896104097,42.476652003813));
#3088=CARTESIAN_POINT('',(4.4,-16.0798896104097,40.476652003813));
#3089=CARTESIAN_POINT('Origin',(4.4,-18.0798896104097,40.476652003813));
#3090=CARTESIAN_POINT('',(4.4,-18.0798896104097,42.476652003813));
#3091=CARTESIAN_POINT('',(4.4,-16.0798896104097,40.476652003813));
#3092=CARTESIAN_POINT('Origin',(4.4,-16.0798896104097,28.1117195114493));
#3093=CARTESIAN_POINT('',(4.4,-16.0798896104097,15.2367195114493));
#3094=CARTESIAN_POINT('',(4.4,-16.0798896104097,15.2367195114493));
#3095=CARTESIAN_POINT('',(4.4,-16.0798896104097,28.1117195114493));
#3096=CARTESIAN_POINT('Origin',(4.4,-22.8398616429746,1.56249130250423));
#3097=CARTESIAN_POINT('',(4.4,-22.8398616429746,-0.437508697495767));
#3098=CARTESIAN_POINT('',(4.4,-22.8398616429746,-0.437508697495767));
#3099=CARTESIAN_POINT('',(4.4,-24.8094938602956,1.90969287002803));
#3100=CARTESIAN_POINT('Origin',(4.4,-22.8398616429746,1.56249130250423));
#3101=CARTESIAN_POINT('',(3.12599949595641,-24.8094938602956,1.90969287002803));
#3102=CARTESIAN_POINT('',(4.4,-24.8094938602956,1.90969287002803));
#3103=CARTESIAN_POINT('',(2.18870234675706,-24.5711440590298,0.56116158864461));
#3104=CARTESIAN_POINT('Ctrl Pts',(3.12599949595641,-24.8094938602956,1.90969287002803));
#3105=CARTESIAN_POINT('Ctrl Pts',(3.1678315165833,-24.8293246913168,1.79719498024552));
#3106=CARTESIAN_POINT('Ctrl Pts',(3.18870234675706,-24.8399377352473,1.67627551335102));
#3107=CARTESIAN_POINT('Ctrl Pts',(3.18870234675706,-24.8397761169406,1.43318822080844));
#3108=CARTESIAN_POINT('Ctrl Pts',(3.16265964049741,-24.8262748390864,1.2981898979757));
#3109=CARTESIAN_POINT('Ctrl Pts',(3.0598498845996,-24.7777700410255,1.05238969464987));
#3110=CARTESIAN_POINT('Ctrl Pts',(2.98319770347309,-24.7432870244456,0.941437367419145));
#3111=CARTESIAN_POINT('Ctrl Pts',(2.80814228774882,-24.6769820012244,0.766394000309));
#3112=CARTESIAN_POINT('Ctrl Pts',(2.69727560585044,-24.6404123955076,0.689928548701846));
#3113=CARTESIAN_POINT('Ctrl Pts',(2.45184334605985,-24.5869469925459,0.587277531113445));
#3114=CARTESIAN_POINT('Ctrl Pts',(2.31701187056689,-24.5711440590298,0.56116158864461));
#3115=CARTESIAN_POINT('Ctrl Pts',(2.18870234675706,-24.5711440590298,0.56116158864461));
#3116=CARTESIAN_POINT('',(1.25140519755771,-24.8094938602956,1.90969287002803));
#3117=CARTESIAN_POINT('Ctrl Pts',(2.18870234675706,-24.5711440590298,0.56116158864461));
#3118=CARTESIAN_POINT('Ctrl Pts',(2.06039282294723,-24.5711440590298,0.56116158864461));
#3119=CARTESIAN_POINT('Ctrl Pts',(1.92556134745427,-24.5869469925459,0.587277531113445));
#3120=CARTESIAN_POINT('Ctrl Pts',(1.68012908766367,-24.6404123955076,0.689928548701846));
#3121=CARTESIAN_POINT('Ctrl Pts',(1.5692624057653,-24.6769820012244,0.766394000309));
#3122=CARTESIAN_POINT('Ctrl Pts',(1.39420699004103,-24.7432870244456,0.941437367419145));
#3123=CARTESIAN_POINT('Ctrl Pts',(1.31755480891452,-24.7777700410255,1.05238969464987));
#3124=CARTESIAN_POINT('Ctrl Pts',(1.2147450530167,-24.8262748390864,1.2981898979757));
#3125=CARTESIAN_POINT('Ctrl Pts',(1.18870234675706,-24.8397761169406,1.43318822080844));
#3126=CARTESIAN_POINT('Ctrl Pts',(1.18870234675706,-24.8399377352473,1.67627551335102));
#3127=CARTESIAN_POINT('Ctrl Pts',(1.20957317693082,-24.8293246913168,1.79719498024552));
#3128=CARTESIAN_POINT('Ctrl Pts',(1.25140519755771,-24.8094938602956,1.90969287002803));
#3129=CARTESIAN_POINT('',(4.4,-24.8094938602956,1.90969287002803));
#3130=CARTESIAN_POINT('Origin',(2.18870234675706,-30.,1.56116158864461));
#3131=CARTESIAN_POINT('Origin',(2.18870234675706,-24.8709320344701,1.56116158864461));
#3132=CARTESIAN_POINT('',(2.18870234675706,-16.3982149812823,0.561161588644611));
#3133=CARTESIAN_POINT('',(2.18870234675706,-30.,0.56116158864461));
#3134=CARTESIAN_POINT('Origin',(2.18870234675706,-16.6663400431997,1.56116158864461));
#3135=CARTESIAN_POINT('Origin',(4.4,21.8239805099307,-2.92130429637856));
#3136=CARTESIAN_POINT('',(4.4,23.1141465110712,-1.39307928365922));
#3137=CARTESIAN_POINT('',(4.4,21.8583897418619,-0.921600317096152));
#3138=CARTESIAN_POINT('Origin',(4.4,21.8239805099307,-2.92130429637856));
#3139=CARTESIAN_POINT('',(4.4,21.8583897418619,-0.921600317096153));
#3140=CARTESIAN_POINT('',(4.4,23.1141465110712,-1.39307928365922));
#3141=CARTESIAN_POINT('Origin',(4.4,8.18529947054271,-0.686325226764211));
#3142=CARTESIAN_POINT('',(4.4,-6.27475603675258,-0.437508697495765));
#3143=CARTESIAN_POINT('',(4.4,8.18529947054271,-0.686325226764211));
#3144=CARTESIAN_POINT('',(4.4,-6.27475603675258,-0.437508697495765));
#3145=CARTESIAN_POINT('Origin',(27.6636884307628,-23.7290379586261,67.4766520038129));
#3146=CARTESIAN_POINT('',(4.4,-23.7290379586261,69.4766520038129));
#3147=CARTESIAN_POINT('',(4.4,-21.7290379586261,67.4766520038129));
#3148=CARTESIAN_POINT('Origin',(4.39999999999992,-23.7290379586261,67.4766520038129));
#3149=CARTESIAN_POINT('',(32.3849179076828,-23.7290379586261,69.476652003813));
#3150=CARTESIAN_POINT('',(27.6636884307628,-23.7290379586261,69.4766520038129));
#3151=CARTESIAN_POINT('',(32.3849179076829,-21.7290379586261,67.476652003813));
#3152=CARTESIAN_POINT('Origin',(32.3849179076836,-23.7290379586261,67.476652003813));
#3153=CARTESIAN_POINT('',(27.6636884307628,-21.7290379586261,67.4766520038129));
#3154=CARTESIAN_POINT('Origin',(18.4424589538424,-21.7290379586261,55.9441200680973));
#3155=CARTESIAN_POINT('',(4.4,-21.7290379586261,69.476652003813));
#3156=CARTESIAN_POINT('',(32.3849179076829,-21.7290379586261,62.7266520038131));
#3157=CARTESIAN_POINT('Origin',(18.4424589538415,-22.199877676672,67.4766520038129));
#3158=CARTESIAN_POINT('',(4.4,-22.1998776766719,69.4766520038129));
#3159=CARTESIAN_POINT('',(18.4424589538415,-22.199877676672,69.4766520038129));
#3160=CARTESIAN_POINT('',(4.4,-21.3076478567187,69.2666033853835));
#3161=CARTESIAN_POINT('Origin',(4.4,-22.1998776766719,67.4766520038129));
#3162=CARTESIAN_POINT('',(18.4424589538415,-21.3076478567188,69.2666033853835));
#3163=CARTESIAN_POINT('Origin',(36.8849179076832,-12.7495586329025,69.476652003813));
#3164=CARTESIAN_POINT('',(4.4,-5.0430473210038,69.4766520038129));
#3165=CARTESIAN_POINT('',(36.8849179076828,-25.7290379586261,69.476652003813));
#3166=CARTESIAN_POINT('',(27.6636884307628,-25.7290379586261,69.4766520038129));
#3167=CARTESIAN_POINT('',(36.884917907685,34.5501803378961,69.4766520038131));
#3168=CARTESIAN_POINT('',(36.8849179076832,-12.7495586329025,69.476652003813));
#3169=CARTESIAN_POINT('',(32.3849179076832,34.5501803378961,69.476652003813));
#3170=CARTESIAN_POINT('',(27.6636884307628,34.5501803378961,69.4766520038131));
#3171=CARTESIAN_POINT('',(32.3849179076832,30.5501803378961,69.476652003813));
#3172=CARTESIAN_POINT('',(32.3849179076832,-12.7495586329023,69.476652003813));
#3173=CARTESIAN_POINT('Origin',(4.73436109630098E-17,31.021020055942,45.417241671075));
#3174=CARTESIAN_POINT('',(-4.23713809258896E-17,31.021020055942,43.417241671075));
#3175=CARTESIAN_POINT('',(4.4,30.1287902359888,43.6272902895045));
#3176=CARTESIAN_POINT('',(4.73436109630098E-17,30.1287902359888,43.6272902895045));
#3177=CARTESIAN_POINT('Origin',(4.4,31.021020055942,45.417241671075));
#3178=CARTESIAN_POINT('Origin',(0.,30.5501803378961,43.417241671075));
#3179=CARTESIAN_POINT('',(4.4,34.5501803378961,43.417241671075));
#3180=CARTESIAN_POINT('',(4.4,30.5501803378961,43.417241671075));
#3181=CARTESIAN_POINT('',(9.22122947692122,34.5501803378961,43.417241671075));
#3182=CARTESIAN_POINT('Origin',(4.4,30.5501803378961,43.417241671075));
#3183=CARTESIAN_POINT('',(8.04317647933932,34.5501803378961,46.8097487030009));
#3184=CARTESIAN_POINT('Origin',(11.4212294769212,34.5501803378961,18.417241671075));
#3185=CARTESIAN_POINT('',(4.4,34.5501803378961,16.417241671075));
#3186=CARTESIAN_POINT('',(11.4212294769212,34.5501803378961,16.417241671075));
#3187=CARTESIAN_POINT('',(3.61299523501557,36.5501803378961,18.417241671075));
#3188=CARTESIAN_POINT('',(11.4212294769212,36.5501803378961,18.417241671075));
#3189=CARTESIAN_POINT('Origin',(3.61299523501557,34.5501803378961,18.417241671075));
#3190=CARTESIAN_POINT('Origin',(27.4055578301953,34.5501803378961,40.5727524923137));
#3191=CARTESIAN_POINT('',(31.5979131426989,36.5501803378961,44.4766520038135));
#3192=CARTESIAN_POINT('',(27.4055578301953,36.5501803378961,40.5727524923137));
#3193=CARTESIAN_POINT('Origin',(31.5979131426989,34.5501803378961,44.4766520038135));
#3194=CARTESIAN_POINT('',(28.7685205849585,34.5501803378961,39.1090815835611));
#3195=CARTESIAN_POINT('Origin',(27.6636884307633,34.5501803378961,44.4766520038135));
#3196=CARTESIAN_POINT('',(36.8849179076849,36.5501803378961,44.4766520038135));
#3197=CARTESIAN_POINT('',(27.6636884307633,36.5501803378961,44.4766520038135));
#3198=CARTESIAN_POINT('Origin',(36.8849179076837,34.5501803378961,44.4766520038135));
#3199=CARTESIAN_POINT('Origin',(18.4424589538424,36.5501803378961,42.946946837444));
#3200=CARTESIAN_POINT('',(5.18700476498442,36.5501803378961,41.417241671075));
#3201=CARTESIAN_POINT('',(9.22122947692122,36.5501803378961,41.417241671075));
#3202=CARTESIAN_POINT('',(33.1719226726677,36.5501803378961,67.4766520038131));
#3203=CARTESIAN_POINT('',(9.40613923410241,36.5501803378961,45.3460777942483));
#3204=CARTESIAN_POINT('',(36.8849179076848,36.5501803378961,67.4766520038131));
#3205=CARTESIAN_POINT('',(27.6636884307628,36.5501803378961,67.4766520038131));
#3206=CARTESIAN_POINT('',(36.8849179076848,36.5501803378961,69.4766520038131));
#3207=CARTESIAN_POINT('Origin',(4.4,30.5501803378961,16.417241671075));
#3208=CARTESIAN_POINT('',(4.4,30.5501803378961,16.417241671075));
#3209=CARTESIAN_POINT('',(4.4,30.5501803378961,16.417241671075));
#3210=CARTESIAN_POINT('',(4.4,30.5501803378961,16.417241671075));
#3211=CARTESIAN_POINT('',(4.40000000000001,30.5501803378961,16.417241671075));
#3212=CARTESIAN_POINT('Origin',(27.6636884307628,34.5501803378961,67.4766520038131));
#3213=CARTESIAN_POINT('Origin',(36.8849179076836,34.5501803378961,67.4766520038131));
#3214=CARTESIAN_POINT('Origin',(33.1719226726677,34.5501803378961,67.4766520038131));
#3215=CARTESIAN_POINT('Origin',(9.40613923410241,34.5501803378961,45.3460777942483));
#3216=CARTESIAN_POINT('Origin',(5.18700476498442,34.5501803378961,41.417241671075));
#3217=CARTESIAN_POINT('Origin',(9.22122947692122,34.5501803378961,41.417241671075));
#3218=CARTESIAN_POINT('Origin',(36.8849179076837,-1.74955863290243,55.9766520038132));
#3219=CARTESIAN_POINT('',(36.8849179076848,-27.7290379586261,67.476652003813));
#3220=CARTESIAN_POINT('Origin',(36.8849179076836,-25.7290379586261,67.476652003813));
#3221=CARTESIAN_POINT('',(36.8849179076848,-27.7290379586261,44.4766520038134));
#3222=CARTESIAN_POINT('',(36.8849179076848,-27.7290379586261,42.4766520038135));
#3223=CARTESIAN_POINT('Origin',(36.8849179076837,-25.7290379586261,44.4766520038134));
#3224=CARTESIAN_POINT('',(36.8849179076838,1.50044136709758,63.476652003813));
#3225=CARTESIAN_POINT('Origin',(36.8849179076838,3.25044136709759,63.476652003813));
#3226=CARTESIAN_POINT('',(36.8849179076834,-8.49955863290248,63.476652003813));
#3227=CARTESIAN_POINT('Origin',(36.8849179076835,-6.74955863290248,63.476652003813));
#3228=CARTESIAN_POINT('',(36.8849179076834,-8.49955863290245,48.4766520038134));
#3229=CARTESIAN_POINT('Origin',(36.8849179076835,-6.74955863290245,48.4766520038134));
#3230=CARTESIAN_POINT('',(36.8849179076838,1.50044136709762,48.4766520038135));
#3231=CARTESIAN_POINT('Origin',(36.8849179076838,3.25044136709762,48.4766520038135));
#3232=CARTESIAN_POINT('',(36.8849179076831,-16.6996567487274,56.540949062505));
#3233=CARTESIAN_POINT('Origin',(36.8849179076831,-16.6996567487274,53.540949062505));
#3234=CARTESIAN_POINT('Origin',(27.6636884307633,-25.7290379586261,44.4766520038134));
#3235=CARTESIAN_POINT('',(4.4,-27.7290379586261,44.4766520038133));
#3236=CARTESIAN_POINT('',(27.6636884307633,-27.7290379586261,44.4766520038134));
#3237=CARTESIAN_POINT('Origin',(4.4,-25.7290379586261,44.4766520038133));
#3238=CARTESIAN_POINT('Origin',(18.4424589538424,-27.7290379586261,55.9441200680973));
#3239=CARTESIAN_POINT('',(4.4,-27.7290379586261,40.0680275843905));
#3240=CARTESIAN_POINT('',(27.6636884307628,-27.7290379586261,67.4766520038129));
#3241=CARTESIAN_POINT('Origin',(27.6636884307628,-25.7290379586261,67.4766520038129));
#3242=CARTESIAN_POINT('Origin',(0.,30.5501803378961,43.417241671075));
#3243=CARTESIAN_POINT('',(4.4,17.4803757637655,49.9320942542595));
#3244=CARTESIAN_POINT('Origin',(36.8849179076831,-16.6996567487274,53.540949062505));
#3245=CARTESIAN_POINT('',(32.3849179076831,-16.6996567487272,56.5409490625049));
#3246=CARTESIAN_POINT('',(36.8849179076831,-16.6996567487274,56.540949062505));
#3247=CARTESIAN_POINT('Origin',(32.3849179076831,-16.6996567487272,53.5409490625049));
#3248=CARTESIAN_POINT('Origin',(0.,3.25044136709778,48.4766520038134));
#3249=CARTESIAN_POINT('',(4.4,3.25044136709778,45.4766520038134));
#3250=CARTESIAN_POINT('',(0.,3.25044136709779,45.4766520038134));
#3251=CARTESIAN_POINT('Origin',(4.4,3.25044136709778,48.4766520038134));
#3252=CARTESIAN_POINT('Origin',(0.,-6.74955863290228,48.4766520038134));
#3253=CARTESIAN_POINT('',(4.4,-6.74955863290228,45.4766520038134));
#3254=CARTESIAN_POINT('',(0.,-6.74955863290228,45.4766520038134));
#3255=CARTESIAN_POINT('Origin',(4.4,-6.74955863290228,48.4766520038134));
#3256=CARTESIAN_POINT('Origin',(4.4,-21.7290379586261,42.4115881323815));
#3257=CARTESIAN_POINT('',(4.4,-21.7290379586261,42.476652003813));
#3258=CARTESIAN_POINT('',(4.4,-21.7290379586261,40.0680275843905));
#3259=CARTESIAN_POINT('',(4.4,-21.7290379586261,42.476652003813));
#3260=CARTESIAN_POINT('',(4.4,-18.3037780225277,12.3374816030264));
#3261=CARTESIAN_POINT('Origin',(4.4,-19.0817815383978,15.2368031932637));
#3262=CARTESIAN_POINT('',(4.4,-22.7075889706611,11.1557636409998));
#3263=CARTESIAN_POINT('',(4.4,-20.5056834965944,11.7466226220131));
#3264=CARTESIAN_POINT('',(4.4,-23.2919456509498,10.5185590850711));
#3265=CARTESIAN_POINT('Origin',(4.4,-22.5001534995867,10.3789840549265));
#3266=CARTESIAN_POINT('',(4.4,-24.2575990035279,5.04052519378768));
#3267=CARTESIAN_POINT('',(4.4,-16.1304464489759,-0.437508697495769));
#3268=CARTESIAN_POINT('',(4.4,-20.676849402541,-0.437508697495767));
#3269=CARTESIAN_POINT('',(4.4,-17.2029649764837,3.56255947904199));
#3270=CARTESIAN_POINT('',(4.4,-16.6667057127298,1.56252539077311));
#3271=CARTESIAN_POINT('',(4.4,-5.20310550188434,3.56255947904199));
#3272=CARTESIAN_POINT('',(4.4,-11.203035239184,3.56255947904199));
#3273=CARTESIAN_POINT('',(4.4,-5.73893076931846,1.56252539077311));
#3274=CARTESIAN_POINT('',(4.4,30.5501803378961,2.06082939014076));
#3275=CARTESIAN_POINT('Origin',(4.4,26.0300231031261,2.06082939014076));
#3276=CARTESIAN_POINT('',(4.4,30.5501803378961,21.0644284872656));
#3277=CARTESIAN_POINT('',(4.4,-16.6996567487262,51.4409490625049));
#3278=CARTESIAN_POINT('Origin',(4.4,-16.6996567487262,53.5409490625049));
#3279=CARTESIAN_POINT('',(4.4,26.2998762142863,13.4413819000736));
#3280=CARTESIAN_POINT('Origin',(4.4,26.2998762142863,15.5413837004587));
#3281=CARTESIAN_POINT('',(4.4,0.049993752327282,36.0546857118606));
#3282=CARTESIAN_POINT('',(4.4,6.04997249320149,36.0546857118606));
#3283=CARTESIAN_POINT('Origin',(4.4,3.04998312276439,36.0546857118606));
#3284=CARTESIAN_POINT('',(4.4,0.049993752327282,40.0546857118607));
#3285=CARTESIAN_POINT('',(4.4,0.049993752327282,38.0546857118607));
#3286=CARTESIAN_POINT('',(4.4,6.04997249320149,40.0546857118607));
#3287=CARTESIAN_POINT('Origin',(4.4,3.04998312276439,40.0546857118607));
#3288=CARTESIAN_POINT('',(4.4,6.04997249320149,38.0546857118607));
#3289=CARTESIAN_POINT('',(4.4,23.0508195110923,2.05540388184018));
#3290=CARTESIAN_POINT('',(4.4,29.0501901451997,2.05540520221838));
#3291=CARTESIAN_POINT('Origin',(4.4,26.0505048388457,2.00678863472765));
#3292=CARTESIAN_POINT('',(4.4,23.0508195110923,6.05540388185037));
#3293=CARTESIAN_POINT('',(4.4,23.0508195110923,4.05540388184527));
#3294=CARTESIAN_POINT('',(4.4,29.0508195110923,6.05540388184018));
#3295=CARTESIAN_POINT('Origin',(4.4,26.0508195110923,6.05540388184527));
#3296=CARTESIAN_POINT('',(4.4,29.0505048281461,4.05540454202928));
#3297=CARTESIAN_POINT('',(4.4,28.9131166359543,40.0680275843905));
#3298=CARTESIAN_POINT('',(4.4,22.9131166359543,40.0680275843905));
#3299=CARTESIAN_POINT('Origin',(4.4,25.9131166359543,40.0680275843905));
#3300=CARTESIAN_POINT('',(4.4,28.9131166359543,36.0680275843905));
#3301=CARTESIAN_POINT('',(4.4,28.9131166359543,38.0680275843905));
#3302=CARTESIAN_POINT('',(4.4,22.9131166359543,36.0680275843905));
#3303=CARTESIAN_POINT('Origin',(4.4,25.9131166359543,36.0680275843905));
#3304=CARTESIAN_POINT('',(4.4,22.9131166359543,38.0680275843905));
#3305=CARTESIAN_POINT('Origin',(18.4424589538424,-21.7290379586261,55.9441200680973));
#3306=CARTESIAN_POINT('',(4.4,-21.7290379586261,42.476652003813));
#3307=CARTESIAN_POINT('Origin',(32.3849179076833,30.5501803378961,42.4766520038134));
#3308=CARTESIAN_POINT('Origin',(4.4,-16.4663160734822,42.476652003813));
#3309=CARTESIAN_POINT('Origin',(4.4,3.04998312276439,36.0546857118606));
#3310=CARTESIAN_POINT('',(1.,0.049993752327282,36.0546857118606));
#3311=CARTESIAN_POINT('',(1.,6.04997249320149,36.0546857118606));
#3312=CARTESIAN_POINT('Origin',(1.,3.04998312276439,36.0546857118606));
#3313=CARTESIAN_POINT('',(4.4,0.049993752327282,36.0546857118606));
#3314=CARTESIAN_POINT('',(4.4,6.04997249320149,36.0546857118606));
#3315=CARTESIAN_POINT('Origin',(4.4,0.049993752327282,38.0546857118607));
#3316=CARTESIAN_POINT('',(1.,0.049993752327282,40.0546857118607));
#3317=CARTESIAN_POINT('',(1.,0.049993752327282,38.0546857118607));
#3318=CARTESIAN_POINT('',(4.4,0.049993752327282,40.0546857118607));
#3319=CARTESIAN_POINT('Origin',(4.4,3.04998312276439,40.0546857118607));
#3320=CARTESIAN_POINT('',(1.,6.04997249320149,40.0546857118607));
#3321=CARTESIAN_POINT('Origin',(1.,3.04998312276439,40.0546857118607));
#3322=CARTESIAN_POINT('',(4.4,6.04997249320149,40.0546857118607));
#3323=CARTESIAN_POINT('Origin',(4.4,26.0505048388457,2.00678863472765));
#3324=CARTESIAN_POINT('',(1.,23.0508195110923,2.05540388184018));
#3325=CARTESIAN_POINT('',(1.,29.0501901451997,2.05540520221838));
#3326=CARTESIAN_POINT('Origin',(1.,26.0505048388457,2.00678863472765));
#3327=CARTESIAN_POINT('',(4.4,23.0508195110923,2.05540388184018));
#3328=CARTESIAN_POINT('',(4.4,29.0501901451997,2.05540520221838));
#3329=CARTESIAN_POINT('Origin',(4.4,23.0508195110923,4.05540388184527));
#3330=CARTESIAN_POINT('',(1.,23.0508195110923,6.05540388185037));
#3331=CARTESIAN_POINT('',(1.,23.0508195110923,4.05540388184527));
#3332=CARTESIAN_POINT('',(4.4,23.0508195110923,6.05540388185037));
#3333=CARTESIAN_POINT('Origin',(4.4,26.0508195110923,6.05540388184527));
#3334=CARTESIAN_POINT('',(1.,29.0508195110923,6.05540388184018));
#3335=CARTESIAN_POINT('Origin',(1.,26.0508195110923,6.05540388184527));
#3336=CARTESIAN_POINT('',(4.4,29.0508195110923,6.05540388184018));
#3337=CARTESIAN_POINT('Origin',(4.4,25.9131166359543,40.0680275843905));
#3338=CARTESIAN_POINT('',(1.,28.9131166359543,40.0680275843905));
#3339=CARTESIAN_POINT('',(1.,22.9131166359543,40.0680275843905));
#3340=CARTESIAN_POINT('Origin',(1.,25.9131166359543,40.0680275843905));
#3341=CARTESIAN_POINT('',(4.4,28.9131166359543,40.0680275843905));
#3342=CARTESIAN_POINT('',(4.4,22.9131166359543,40.0680275843905));
#3343=CARTESIAN_POINT('Origin',(4.4,28.9131166359543,38.0680275843905));
#3344=CARTESIAN_POINT('',(1.,28.9131166359543,36.0680275843905));
#3345=CARTESIAN_POINT('',(1.,28.9131166359543,38.0680275843905));
#3346=CARTESIAN_POINT('',(4.4,28.9131166359543,36.0680275843905));
#3347=CARTESIAN_POINT('Origin',(4.4,25.9131166359543,36.0680275843905));
#3348=CARTESIAN_POINT('',(1.,22.9131166359543,36.0680275843905));
#3349=CARTESIAN_POINT('Origin',(1.,25.9131166359543,36.0680275843905));
#3350=CARTESIAN_POINT('',(4.4,22.9131166359543,36.0680275843905));
#3351=CARTESIAN_POINT('Origin',(4.4,26.0300231031261,2.06082939014076));
#3352=CARTESIAN_POINT('',(4.4,30.5501803378961,2.06082939014076));
#3353=CARTESIAN_POINT('Origin',(4.4,30.5501803378961,21.0644284872656));
#3354=CARTESIAN_POINT('Origin',(4.4,-19.0817815383978,15.2368031932637));
#3355=CARTESIAN_POINT('',(4.4,-18.3037780225277,12.3374816030264));
#3356=CARTESIAN_POINT('Origin',(4.4,-20.5056834965944,11.7466226220131));
#3357=CARTESIAN_POINT('',(4.4,-22.7075889706611,11.1557636409998));
#3358=CARTESIAN_POINT('Origin',(4.4,-22.5001534995867,10.3789840549265));
#3359=CARTESIAN_POINT('',(4.4,-23.2919456509498,10.5185590850711));
#3360=CARTESIAN_POINT('Origin',(4.4,-24.2575990035279,5.04052519378768));
#3361=CARTESIAN_POINT('Origin',(4.4,-20.676849402541,-0.437508697495767));
#3362=CARTESIAN_POINT('',(4.4,-16.1304464489759,-0.437508697495769));
#3363=CARTESIAN_POINT('Origin',(4.4,-16.6667057127298,1.56252539077311));
#3364=CARTESIAN_POINT('',(4.4,-17.2029649764837,3.56255947904199));
#3365=CARTESIAN_POINT('Origin',(4.4,-11.203035239184,3.56255947904199));
#3366=CARTESIAN_POINT('',(4.4,-5.20310550188434,3.56255947904199));
#3367=CARTESIAN_POINT('Origin',(4.4,-5.73893076931846,1.56252539077311));
#3368=CARTESIAN_POINT('',(2.18870234675706,-6.00720421036703,0.561161588644606));
#3369=CARTESIAN_POINT('Origin',(2.18870234675706,-5.73929614291109,1.56116158864461));
#3370=CARTESIAN_POINT('Origin',(4.4,26.2998762142863,15.5413837004587));
#3371=CARTESIAN_POINT('',(3.,26.2998762142863,13.4413819000736));
#3372=CARTESIAN_POINT('',(4.4,26.2998762142863,13.4413819000736));
#3373=CARTESIAN_POINT('Origin',(3.,26.2998762142863,15.5413837004587));
#3374=CARTESIAN_POINT('Origin',(4.4,6.04997249320149,38.0546857118607));
#3375=CARTESIAN_POINT('',(1.,6.04997249320149,38.0546857118607));
#3376=CARTESIAN_POINT('Origin',(4.4,29.0505048281461,4.05540454202928));
#3377=CARTESIAN_POINT('',(1.,29.0505048281461,4.05540454202928));
#3378=CARTESIAN_POINT('Origin',(4.4,22.9131166359543,38.0680275843905));
#3379=CARTESIAN_POINT('',(1.,22.9131166359543,38.0680275843905));
#3380=CARTESIAN_POINT('Origin',(4.4,-16.6996567487262,53.5409490625049));
#3381=CARTESIAN_POINT('',(3.,-16.6996567487262,51.4409490625049));
#3382=CARTESIAN_POINT('',(4.4,-16.6996567487262,51.4409490625049));
#3383=CARTESIAN_POINT('Origin',(3.,-16.6996567487262,53.5409490625049));
#3384=CARTESIAN_POINT('Origin',(3.,-16.6532611358373,56.4155746811038));
#3385=CARTESIAN_POINT('',(3.,-14.9935952611199,56.3887881615131));
#3386=CARTESIAN_POINT('',(3.,-14.9935952611199,56.3887881615131));
#3387=CARTESIAN_POINT('',(3.,-18.3129270105548,56.4423612006944));
#3388=CARTESIAN_POINT('',(3.,-16.6532611358373,56.4155746811038));
#3389=CARTESIAN_POINT('',(3.,-18.3129270105548,56.4423612006944));
#3390=CARTESIAN_POINT('Origin',(3.,-19.1659577543579,55.0184416511903));
#3391=CARTESIAN_POINT('',(3.,-20.0189884981611,53.5945221016862));
#3392=CARTESIAN_POINT('',(3.,-19.1659577543579,55.0184416511903));
#3393=CARTESIAN_POINT('',(3.,-20.0189884981611,53.5945221016862));
#3394=CARTESIAN_POINT('Origin',(3.,-19.2123533672468,52.1438160325915));
#3395=CARTESIAN_POINT('',(3.,-18.4057182363325,50.6931099634968));
#3396=CARTESIAN_POINT('',(3.,-19.2123533672468,52.1438160325915));
#3397=CARTESIAN_POINT('',(3.,-18.4057182363325,50.6931099634968));
#3398=CARTESIAN_POINT('Origin',(3.,-16.7460523616151,50.6663234439061));
#3399=CARTESIAN_POINT('',(3.,-15.0863864868977,50.6395369243155));
#3400=CARTESIAN_POINT('',(3.,-16.7460523616151,50.6663234439061));
#3401=CARTESIAN_POINT('',(3.,-15.0863864868977,50.6395369243155));
#3402=CARTESIAN_POINT('Origin',(3.,-14.2333557430945,52.0634564738196));
#3403=CARTESIAN_POINT('',(3.,-13.3803249992913,53.4873760233237));
#3404=CARTESIAN_POINT('',(3.,-14.2333557430945,52.0634564738196));
#3405=CARTESIAN_POINT('',(3.,-13.3803249992913,53.4873760233237));
#3406=CARTESIAN_POINT('Origin',(3.,-14.1869601302056,54.9380820924184));
#3407=CARTESIAN_POINT('',(3.,-14.1869601302056,54.9380820924184));
#3408=CARTESIAN_POINT('Origin',(3.,2.66346399089498,28.0683819997536));
#3409=CARTESIAN_POINT('Origin',(3.,26.3202668850836,18.4163113900788));
#3410=CARTESIAN_POINT('',(3.,27.9801071605864,18.4045388308051));
#3411=CARTESIAN_POINT('',(3.,27.9801071605864,18.4045388308051));
#3412=CARTESIAN_POINT('',(3.,24.6604266095807,18.4280839493526));
#3413=CARTESIAN_POINT('',(3.,26.3202668850836,18.4163113900788));
#3414=CARTESIAN_POINT('',(3.,24.6604266095807,18.4280839493526));
#3415=CARTESIAN_POINT('Origin',(3.,23.8203111364307,16.9965063841795));
#3416=CARTESIAN_POINT('',(3.,22.9801956632806,15.5649288190063));
#3417=CARTESIAN_POINT('',(3.,23.8203111364307,16.9965063841795));
#3418=CARTESIAN_POINT('',(3.,22.9801956632806,15.5649288190063));
#3419=CARTESIAN_POINT('Origin',(3.,23.7999204656334,14.1215786945593));
#3420=CARTESIAN_POINT('',(3.,24.6196452679862,12.6782285701124));
#3421=CARTESIAN_POINT('',(3.,23.7999204656334,14.1215786945593));
#3422=CARTESIAN_POINT('',(3.,24.6196452679862,12.6782285701124));
#3423=CARTESIAN_POINT('Origin',(3.,26.279485543489,12.6664560108386));
#3424=CARTESIAN_POINT('',(3.,27.9393258189919,12.6546834515648));
#3425=CARTESIAN_POINT('',(3.,26.279485543489,12.6664560108386));
#3426=CARTESIAN_POINT('',(3.,27.9393258189919,12.6546834515648));
#3427=CARTESIAN_POINT('Origin',(3.,28.779441292142,14.086261016738));
#3428=CARTESIAN_POINT('',(3.,29.6195567652921,15.5178385819112));
#3429=CARTESIAN_POINT('',(3.,28.779441292142,14.086261016738));
#3430=CARTESIAN_POINT('',(3.,29.6195567652921,15.5178385819112));
#3431=CARTESIAN_POINT('Origin',(3.,28.7998319629393,16.9611887063581));
#3432=CARTESIAN_POINT('',(3.,28.7998319629393,16.9611887063581));
#3433=CARTESIAN_POINT('Origin',(3.,2.66346399089498,28.0683819997536));
#3434=CARTESIAN_POINT('Origin',(1.,24.4501901451997,4.05540520222348));
#3435=CARTESIAN_POINT('',(1.,24.4501901451997,6.05540520222858));
#3436=CARTESIAN_POINT('',(1.,24.4501901451997,6.05540520222858));
#3437=CARTESIAN_POINT('',(1.,24.4501901451997,2.05540520221838));
#3438=CARTESIAN_POINT('',(1.,24.4501901451997,4.05540520222348));
#3439=CARTESIAN_POINT('',(1.,24.4501901451997,2.05540520221838));
#3440=CARTESIAN_POINT('Origin',(1.,26.0501901451997,6.05540520222348));
#3441=CARTESIAN_POINT('',(1.,27.6501901451997,6.05540520221838));
#3442=CARTESIAN_POINT('',(1.,27.6501901451997,6.05540520221838));
#3443=CARTESIAN_POINT('Origin',(1.,26.0501901451997,6.05540520222348));
#3444=CARTESIAN_POINT('Origin',(1.,27.6501901451997,4.05540520221839));
#3445=CARTESIAN_POINT('',(1.,27.6501901451997,2.05540520221838));
#3446=CARTESIAN_POINT('',(1.,27.6501901451997,2.05540520221838));
#3447=CARTESIAN_POINT('',(1.,27.6501901451997,4.05540520221839));
#3448=CARTESIAN_POINT('Origin',(1.,26.0501901451997,2.05540520221838));
#3449=CARTESIAN_POINT('Origin',(1.,26.0501901451997,2.05540520221838));
#3450=CARTESIAN_POINT('Origin',(1.,2.66346399089498,28.0683819997536));
#3451=CARTESIAN_POINT('Origin',(1.,25.9131166359543,36.0680275843905));
#3452=CARTESIAN_POINT('',(1.,24.3131166359543,36.0680275843905));
#3453=CARTESIAN_POINT('',(1.,24.3131166359543,36.0680275843905));
#3454=CARTESIAN_POINT('',(1.,27.5131166359543,36.0680275843905));
#3455=CARTESIAN_POINT('Origin',(1.,25.9131166359543,36.0680275843905));
#3456=CARTESIAN_POINT('',(1.,27.5131166359543,36.0680275843905));
#3457=CARTESIAN_POINT('Origin',(1.,24.3131166359543,38.0680275843905));
#3458=CARTESIAN_POINT('',(1.,24.3131166359543,40.0680275843905));
#3459=CARTESIAN_POINT('',(1.,24.3131166359543,40.0680275843905));
#3460=CARTESIAN_POINT('',(1.,24.3131166359543,38.0680275843905));
#3461=CARTESIAN_POINT('Origin',(1.,25.9131166359543,40.0680275843905));
#3462=CARTESIAN_POINT('',(1.,27.5131166359543,40.0680275843905));
#3463=CARTESIAN_POINT('',(1.,27.5131166359543,40.0680275843905));
#3464=CARTESIAN_POINT('Origin',(1.,25.9131166359543,40.0680275843905));
#3465=CARTESIAN_POINT('Origin',(1.,27.5131166359543,38.0680275843905));
#3466=CARTESIAN_POINT('',(1.,27.5131166359543,38.0680275843905));
#3467=CARTESIAN_POINT('Origin',(1.,2.66346399089498,28.0683819997536));
#3468=CARTESIAN_POINT('Origin',(1.,3.0498754406245,40.0454330151123));
#3469=CARTESIAN_POINT('',(1.,4.64971404904073,40.0547200578004));
#3470=CARTESIAN_POINT('',(1.,4.64971404904073,40.0547200578004));
#3471=CARTESIAN_POINT('',(1.,1.45000987686217,40.0454330151123));
#3472=CARTESIAN_POINT('Origin',(1.,3.0498754406245,40.0454330151123));
#3473=CARTESIAN_POINT('',(1.,1.45000987686217,40.0454330151123));
#3474=CARTESIAN_POINT('Origin',(1.,4.64984858409252,38.0547566998371));
#3475=CARTESIAN_POINT('',(1.,4.64998311914432,36.0547933418737));
#3476=CARTESIAN_POINT('',(1.,4.64998311914432,36.0547933418737));
#3477=CARTESIAN_POINT('',(1.,4.64984858409252,38.0547566998371));
#3478=CARTESIAN_POINT('Origin',(1.,3.05001018807352,36.0454330151123));
#3479=CARTESIAN_POINT('',(1.,1.45000987686217,36.0454330151123));
#3480=CARTESIAN_POINT('',(1.,1.45000987686217,36.0454330151123));
#3481=CARTESIAN_POINT('Origin',(1.,3.05001018807352,36.0454330151123));
#3482=CARTESIAN_POINT('Origin',(1.,1.45000987686217,38.0454330151122));
#3483=CARTESIAN_POINT('',(1.,1.45000987686217,38.0454330151122));
#3484=CARTESIAN_POINT('Origin',(1.,2.66346399089498,28.0683819997536));
#3485=CARTESIAN_POINT('Origin',(2.18870234675706,0.,1.56116158864461));
#3486=CARTESIAN_POINT('',(2.18870234675706,0.,0.56116158864461));
#3487=CARTESIAN_POINT('Origin',(2.18870234675706,0.,1.56116158864461));
#3488=CARTESIAN_POINT('Origin',(2.18870234675706,-30.,1.56116158864461));
#3489=CARTESIAN_POINT('',(2.18870234675706,-30.,0.56116158864461));
#3490=CARTESIAN_POINT('Origin',(32.3849179076838,3.25044136709797,63.476652003813));
#3491=CARTESIAN_POINT('',(32.3849179076838,3.25044136709797,60.476652003813));
#3492=CARTESIAN_POINT('Origin',(32.3849179076838,3.25044136709797,63.476652003813));
#3493=CARTESIAN_POINT('',(35.3849179076838,3.25044136709786,60.476652003813));
#3494=CARTESIAN_POINT('',(32.3849179076838,3.25044136709797,60.476652003813));
#3495=CARTESIAN_POINT('Origin',(35.3849179076838,3.25044136709786,63.476652003813));
#3496=CARTESIAN_POINT('Origin',(35.3849179076838,3.25044136709786,63.476652003813));
#3497=CARTESIAN_POINT('',(35.3849179076838,1.50044136709764,63.476652003813));
#3498=CARTESIAN_POINT('Origin',(35.3849179076838,3.25044136709764,63.476652003813));
#3499=CARTESIAN_POINT('Origin',(32.3849179076838,3.25044136709778,48.4766520038134));
#3500=CARTESIAN_POINT('',(32.3849179076838,3.25044136709779,45.4766520038134));
#3501=CARTESIAN_POINT('Origin',(32.3849179076838,3.25044136709778,48.4766520038134));
#3502=CARTESIAN_POINT('',(35.3849179076838,3.25044136709768,45.4766520038134));
#3503=CARTESIAN_POINT('',(32.3849179076838,3.25044136709779,45.4766520038134));
#3504=CARTESIAN_POINT('Origin',(35.3849179076838,3.25044136709767,48.4766520038134));
#3505=CARTESIAN_POINT('Origin',(35.3849179076838,3.25044136709767,48.4766520038134));
#3506=CARTESIAN_POINT('',(35.3849179076838,1.50044136709767,48.4766520038135));
#3507=CARTESIAN_POINT('Origin',(35.3849179076838,3.25044136709767,48.4766520038135));
#3508=CARTESIAN_POINT('Origin',(32.3849179076835,-6.74955863290232,63.476652003813));
#3509=CARTESIAN_POINT('',(32.3849179076835,-6.74955863290231,60.476652003813));
#3510=CARTESIAN_POINT('Origin',(32.3849179076835,-6.74955863290232,63.476652003813));
#3511=CARTESIAN_POINT('',(35.3849179076835,-6.74955863290242,60.476652003813));
#3512=CARTESIAN_POINT('',(32.3849179076835,-6.74955863290231,60.476652003813));
#3513=CARTESIAN_POINT('Origin',(35.3849179076835,-6.74955863290243,63.476652003813));
#3514=CARTESIAN_POINT('Origin',(35.3849179076835,-6.74955863290243,63.476652003813));
#3515=CARTESIAN_POINT('',(35.3849179076834,-8.49955863290243,63.476652003813));
#3516=CARTESIAN_POINT('Origin',(35.3849179076835,-6.74955863290243,63.476652003813));
#3517=CARTESIAN_POINT('Origin',(32.3849179076835,-6.74955863290228,48.4766520038134));
#3518=CARTESIAN_POINT('',(32.3849179076835,-6.74955863290228,45.4766520038134));
#3519=CARTESIAN_POINT('Origin',(32.3849179076835,-6.74955863290228,48.4766520038134));
#3520=CARTESIAN_POINT('',(35.3849179076835,-6.74955863290239,45.4766520038134));
#3521=CARTESIAN_POINT('',(32.3849179076835,-6.74955863290228,45.4766520038134));
#3522=CARTESIAN_POINT('Origin',(35.3849179076835,-6.74955863290239,48.4766520038134));
#3523=CARTESIAN_POINT('Origin',(35.3849179076835,-6.74955863290239,48.4766520038134));
#3524=CARTESIAN_POINT('',(35.3849179076834,-8.4995586329024,48.4766520038134));
#3525=CARTESIAN_POINT('Origin',(35.3849179076835,-6.74955863290239,48.4766520038134));
#3526=CARTESIAN_POINT('Origin',(36.8849179076838,3.25044136709759,63.476652003813));
#3527=CARTESIAN_POINT('',(36.8849179076838,1.50044136709758,63.476652003813));
#3528=CARTESIAN_POINT('Origin',(36.8849179076835,-6.74955863290248,63.476652003813));
#3529=CARTESIAN_POINT('',(36.8849179076834,-8.49955863290248,63.476652003813));
#3530=CARTESIAN_POINT('Origin',(36.8849179076835,-6.74955863290245,48.4766520038134));
#3531=CARTESIAN_POINT('',(36.8849179076834,-8.49955863290245,48.4766520038134));
#3532=CARTESIAN_POINT('Origin',(36.8849179076838,3.25044136709762,48.4766520038135));
#3533=CARTESIAN_POINT('',(36.8849179076838,1.50044136709762,48.4766520038135));
#3534=CARTESIAN_POINT('Origin',(32.3849179076837,-1.74955863290227,55.9766520038132));
#3535=UNCERTAINTY_MEASURE_WITH_UNIT(LENGTH_MEASURE(0.01),#3539,
'DISTANCE_ACCURACY_VALUE',
'Maximum model space distance between geometric entities at asserted c
onnectivities');
#3536=UNCERTAINTY_MEASURE_WITH_UNIT(LENGTH_MEASURE(0.01),#3539,
'DISTANCE_ACCURACY_VALUE',
'Maximum model space distance between geometric entities at asserted c
onnectivities');
#3537=(
GEOMETRIC_REPRESENTATION_CONTEXT(3)
GLOBAL_UNCERTAINTY_ASSIGNED_CONTEXT((#3535))
GLOBAL_UNIT_ASSIGNED_CONTEXT((#3539,#3541,#3542))
REPRESENTATION_CONTEXT('','3D')
);
#3538=(
GEOMETRIC_REPRESENTATION_CONTEXT(3)
GLOBAL_UNCERTAINTY_ASSIGNED_CONTEXT((#3536))
GLOBAL_UNIT_ASSIGNED_CONTEXT((#3539,#3541,#3542))
REPRESENTATION_CONTEXT('','3D')
);
#3539=(
LENGTH_UNIT()
NAMED_UNIT(*)
SI_UNIT(.MILLI.,.METRE.)
);
#3540=(
LENGTH_UNIT()
NAMED_UNIT(*)
SI_UNIT(.CENTI.,.METRE.)
);
#3541=(
NAMED_UNIT(*)
PLANE_ANGLE_UNIT()
SI_UNIT($,.RADIAN.)
);
#3542=(
NAMED_UNIT(*)
SI_UNIT($,.STERADIAN.)
SOLID_ANGLE_UNIT()
);
#3543=SHAPE_DEFINITION_REPRESENTATION(#3544,#3545);
#3544=PRODUCT_DEFINITION_SHAPE('',$,#3547);
#3545=SHAPE_REPRESENTATION('',(#2106),#3537);
#3546=PRODUCT_DEFINITION_CONTEXT('part definition',#3551,'design');
#3547=PRODUCT_DEFINITION('Part 2','hemera-xs-duct-mount-v2',#3548,#3546);
#3548=PRODUCT_DEFINITION_FORMATION('',$,#3553);
#3549=PRODUCT_RELATED_PRODUCT_CATEGORY('hemera-xs-duct-mount-v2',
'hemera-xs-duct-mount-v2',(#3553));
#3550=APPLICATION_PROTOCOL_DEFINITION('international standard',
'automotive_design',2009,#3551);
#3551=APPLICATION_CONTEXT(
'Core Data for Automotive Mechanical Design Process');
#3552=PRODUCT_CONTEXT('part definition',#3551,'mechanical');
#3553=PRODUCT('Part 2','hemera-xs-duct-mount-v2','STEP AP242',(#3552));
#3554=PRESENTATION_STYLE_ASSIGNMENT((#3556));
#3555=PRESENTATION_STYLE_ASSIGNMENT((#3557));
#3556=SURFACE_STYLE_USAGE(.BOTH.,#3562);
#3557=SURFACE_STYLE_USAGE(.BOTH.,#3563);
#3558=SURFACE_STYLE_RENDERING_WITH_PROPERTIES($,#3570,(#3560));
#3559=SURFACE_STYLE_RENDERING_WITH_PROPERTIES($,#3571,(#3561));
#3560=SURFACE_STYLE_TRANSPARENT(0.);
#3561=SURFACE_STYLE_TRANSPARENT(0.);
#3562=SURFACE_SIDE_STYLE('',(#3564,#3558));
#3563=SURFACE_SIDE_STYLE('',(#3565,#3559));
#3564=SURFACE_STYLE_FILL_AREA(#3566);
#3565=SURFACE_STYLE_FILL_AREA(#3567);
#3566=FILL_AREA_STYLE('',(#3568));
#3567=FILL_AREA_STYLE('',(#3569));
#3568=FILL_AREA_STYLE_COLOUR('',#3570);
#3569=FILL_AREA_STYLE_COLOUR('',#3571);
#3570=COLOUR_RGB('',0.749019607843137,0.749019607843137,0.749019607843137);
#3571=COLOUR_RGB('',0.972549019607843,0.529411764705882,0.00392156862745098);
ENDSEC;
END-ISO-10303-21;
