ISO-10303-21;
HEADER;
/* Generated by software containing ST-Developer
 * from STEP Tools, Inc. (www.steptools.com) 
 */

FILE_DESCRIPTION(
/* description */ (''),
/* implementation_level */ '2;1');

FILE_NAME(
/* name */ 'rpi-mount.stp',
/* time_stamp */ '2024-10-27T21:09:23-04:00',
/* author */ ('Windows 7 was better'),
/* organization */ (''),
/* preprocessor_version */ 'ST-DEVELOPER v20',
/* originating_system */ 'Autodesk Inventor 2025',
/* authorisation */ '');

FILE_SCHEMA (('AUTOMOTIVE_DESIGN { 1 0 10303 214 3 1 1 }'));
ENDSEC;

DATA;
#10=MECHANICAL_DESIGN_GEOMETRIC_PRESENTATION_REPRESENTATION('',(#13),#2699);
#11=SHAPE_REPRESENTATION_RELATIONSHIP('SRR','None',#2706,#12);
#12=ADVANCED_BREP_SHAPE_REPRESENTATION('',(#14),#2698);
#13=STYLED_ITEM('',(#2715),#14);
#14=MANIFOLD_SOLID_BREP('Solid1',#1562);
#15=CYLINDRICAL_SURFACE('',#1629,2.6);
#16=CYLINDRICAL_SURFACE('',#1635,2.6);
#17=CYLINDRICAL_SURFACE('',#1641,2.6);
#18=CYLINDRICAL_SURFACE('',#1647,2.6);
#19=CYLINDRICAL_SURFACE('',#1657,0.75);
#20=CYLINDRICAL_SURFACE('',#1660,0.75);
#21=CYLINDRICAL_SURFACE('',#1663,0.75);
#22=CYLINDRICAL_SURFACE('',#1666,0.75);
#23=CYLINDRICAL_SURFACE('',#1669,0.75);
#24=CYLINDRICAL_SURFACE('',#1672,0.75);
#25=CYLINDRICAL_SURFACE('',#1675,0.75);
#26=CYLINDRICAL_SURFACE('',#1678,2.);
#27=CYLINDRICAL_SURFACE('',#1681,2.);
#28=CYLINDRICAL_SURFACE('',#1684,2.);
#29=CYLINDRICAL_SURFACE('',#1687,2.);
#30=CYLINDRICAL_SURFACE('',#1689,2.);
#31=CYLINDRICAL_SURFACE('',#1692,2.);
#32=CYLINDRICAL_SURFACE('',#1695,2.);
#33=CYLINDRICAL_SURFACE('',#1698,2.);
#34=CYLINDRICAL_SURFACE('',#1701,2.);
#35=CYLINDRICAL_SURFACE('',#1703,2.);
#36=CYLINDRICAL_SURFACE('',#1725,2.);
#37=CYLINDRICAL_SURFACE('',#1727,2.);
#38=CYLINDRICAL_SURFACE('',#1729,2.);
#39=CYLINDRICAL_SURFACE('',#1731,2.);
#40=CYLINDRICAL_SURFACE('',#1733,2.);
#41=CYLINDRICAL_SURFACE('',#1734,2.);
#42=CYLINDRICAL_SURFACE('',#1736,2.);
#43=CYLINDRICAL_SURFACE('',#1737,2.);
#44=CYLINDRICAL_SURFACE('',#1739,2.);
#45=CYLINDRICAL_SURFACE('',#1740,2.);
#46=CYLINDRICAL_SURFACE('',#1741,2.);
#47=CYLINDRICAL_SURFACE('',#1742,2.);
#48=CYLINDRICAL_SURFACE('',#1745,1.6);
#49=CYLINDRICAL_SURFACE('',#1746,1.1);
#50=CYLINDRICAL_SURFACE('',#1747,1.1);
#51=CYLINDRICAL_SURFACE('',#1748,1.6);
#52=CYLINDRICAL_SURFACE('',#1749,1.1);
#53=CYLINDRICAL_SURFACE('',#1750,1.1);
#54=FACE_BOUND('',#457,.T.);
#55=FACE_BOUND('',#458,.T.);
#56=FACE_BOUND('',#459,.T.);
#57=FACE_BOUND('',#460,.T.);
#58=FACE_BOUND('',#461,.T.);
#59=FACE_BOUND('',#462,.T.);
#60=FACE_BOUND('',#471,.T.);
#61=FACE_BOUND('',#473,.T.);
#62=FACE_BOUND('',#475,.T.);
#63=FACE_BOUND('',#477,.T.);
#64=FACE_BOUND('',#511,.T.);
#65=FACE_BOUND('',#512,.T.);
#66=FACE_BOUND('',#513,.T.);
#67=FACE_BOUND('',#514,.T.);
#68=FACE_BOUND('',#515,.T.);
#69=FACE_BOUND('',#516,.T.);
#70=FACE_BOUND('',#517,.T.);
#71=FACE_BOUND('',#518,.T.);
#72=FACE_BOUND('',#519,.T.);
#73=FACE_BOUND('',#520,.T.);
#74=LINE('',#2255,#207);
#75=LINE('',#2259,#208);
#76=LINE('',#2265,#209);
#77=LINE('',#2269,#210);
#78=LINE('',#2273,#211);
#79=LINE('',#2275,#212);
#80=LINE('',#2279,#213);
#81=LINE('',#2285,#214);
#82=LINE('',#2291,#215);
#83=LINE('',#2295,#216);
#84=LINE('',#2300,#217);
#85=LINE('',#2305,#218);
#86=LINE('',#2309,#219);
#87=LINE('',#2315,#220);
#88=LINE('',#2319,#221);
#89=LINE('',#2321,#222);
#90=LINE('',#2323,#223);
#91=LINE('',#2325,#224);
#92=LINE('',#2326,#225);
#93=LINE('',#2329,#226);
#94=LINE('',#2333,#227);
#95=LINE('',#2337,#228);
#96=LINE('',#2341,#229);
#97=LINE('',#2345,#230);
#98=LINE('',#2347,#231);
#99=LINE('',#2351,#232);
#100=LINE('',#2357,#233);
#101=LINE('',#2361,#234);
#102=LINE('',#2365,#235);
#103=LINE('',#2369,#236);
#104=LINE('',#2375,#237);
#105=LINE('',#2379,#238);
#106=LINE('',#2383,#239);
#107=LINE('',#2387,#240);
#108=LINE('',#2392,#241);
#109=LINE('',#2402,#242);
#110=LINE('',#2412,#243);
#111=LINE('',#2422,#244);
#112=LINE('',#2439,#245);
#113=LINE('',#2440,#246);
#114=LINE('',#2443,#247);
#115=LINE('',#2444,#248);
#116=LINE('',#2449,#249);
#117=LINE('',#2450,#250);
#118=LINE('',#2452,#251);
#119=LINE('',#2456,#252);
#120=LINE('',#2459,#253);
#121=LINE('',#2460,#254);
#122=LINE('',#2464,#255);
#123=LINE('',#2466,#256);
#124=LINE('',#2471,#257);
#125=LINE('',#2472,#258);
#126=LINE('',#2475,#259);
#127=LINE('',#2476,#260);
#128=LINE('',#2480,#261);
#129=LINE('',#2483,#262);
#130=LINE('',#2484,#263);
#131=LINE('',#2488,#264);
#132=LINE('',#2490,#265);
#133=LINE('',#2495,#266);
#134=LINE('',#2496,#267);
#135=LINE('',#2499,#268);
#136=LINE('',#2500,#269);
#137=LINE('',#2505,#270);
#138=LINE('',#2506,#271);
#139=LINE('',#2509,#272);
#140=LINE('',#2510,#273);
#141=LINE('',#2515,#274);
#142=LINE('',#2516,#275);
#143=LINE('',#2519,#276);
#144=LINE('',#2520,#277);
#145=LINE('',#2524,#278);
#146=LINE('',#2529,#279);
#147=LINE('',#2530,#280);
#148=LINE('',#2533,#281);
#149=LINE('',#2534,#282);
#150=LINE('',#2537,#283);
#151=LINE('',#2540,#284);
#152=LINE('',#2543,#285);
#153=LINE('',#2544,#286);
#154=LINE('',#2547,#287);
#155=LINE('',#2550,#288);
#156=LINE('',#2553,#289);
#157=LINE('',#2554,#290);
#158=LINE('',#2558,#291);
#159=LINE('',#2561,#292);
#160=LINE('',#2562,#293);
#161=LINE('',#2566,#294);
#162=LINE('',#2569,#295);
#163=LINE('',#2572,#296);
#164=LINE('',#2575,#297);
#165=LINE('',#2576,#298);
#166=LINE('',#2579,#299);
#167=LINE('',#2581,#300);
#168=LINE('',#2582,#301);
#169=LINE('',#2586,#302);
#170=LINE('',#2590,#303);
#171=LINE('',#2595,#304);
#172=LINE('',#2601,#305);
#173=LINE('',#2605,#306);
#174=LINE('',#2609,#307);
#175=LINE('',#2611,#308);
#176=LINE('',#2626,#309);
#177=LINE('',#2629,#310);
#178=LINE('',#2632,#311);
#179=LINE('',#2635,#312);
#180=LINE('',#2636,#313);
#181=LINE('',#2638,#314);
#182=LINE('',#2640,#315);
#183=LINE('',#2642,#316);
#184=LINE('',#2644,#317);
#185=LINE('',#2646,#318);
#186=LINE('',#2649,#319);
#187=LINE('',#2650,#320);
#188=LINE('',#2652,#321);
#189=LINE('',#2654,#322);
#190=LINE('',#2656,#323);
#191=LINE('',#2658,#324);
#192=LINE('',#2660,#325);
#193=LINE('',#2662,#326);
#194=LINE('',#2663,#327);
#195=LINE('',#2665,#328);
#196=LINE('',#2667,#329);
#197=LINE('',#2669,#330);
#198=LINE('',#2671,#331);
#199=LINE('',#2676,#332);
#200=LINE('',#2678,#333);
#201=LINE('',#2680,#334);
#202=LINE('',#2682,#335);
#203=LINE('',#2684,#336);
#204=LINE('',#2686,#337);
#205=LINE('',#2692,#338);
#206=LINE('',#2694,#339);
#207=VECTOR('',#1776,10.);
#208=VECTOR('',#1779,10.);
#209=VECTOR('',#1784,10.);
#210=VECTOR('',#1787,10.);
#211=VECTOR('',#1792,10.);
#212=VECTOR('',#1793,10.);
#213=VECTOR('',#1796,10.);
#214=VECTOR('',#1801,10.);
#215=VECTOR('',#1806,10.);
#216=VECTOR('',#1809,10.);
#217=VECTOR('',#1814,10.);
#218=VECTOR('',#1819,10.);
#219=VECTOR('',#1822,10.);
#220=VECTOR('',#1827,10.);
#221=VECTOR('',#1830,10.);
#222=VECTOR('',#1831,10.);
#223=VECTOR('',#1832,10.);
#224=VECTOR('',#1833,10.);
#225=VECTOR('',#1834,10.);
#226=VECTOR('',#1835,10.);
#227=VECTOR('',#1838,10.);
#228=VECTOR('',#1841,10.);
#229=VECTOR('',#1844,10.);
#230=VECTOR('',#1847,10.);
#231=VECTOR('',#1848,10.);
#232=VECTOR('',#1851,10.);
#233=VECTOR('',#1856,10.);
#234=VECTOR('',#1859,10.);
#235=VECTOR('',#1862,10.);
#236=VECTOR('',#1865,10.);
#237=VECTOR('',#1870,10.);
#238=VECTOR('',#1873,10.);
#239=VECTOR('',#1876,10.);
#240=VECTOR('',#1879,10.);
#241=VECTOR('',#1886,2.6);
#242=VECTOR('',#1899,2.6);
#243=VECTOR('',#1912,2.6);
#244=VECTOR('',#1925,2.6);
#245=VECTOR('',#1946,10.);
#246=VECTOR('',#1947,10.);
#247=VECTOR('',#1950,10.);
#248=VECTOR('',#1951,10.);
#249=VECTOR('',#1956,10.);
#250=VECTOR('',#1957,10.);
#251=VECTOR('',#1960,10.);
#252=VECTOR('',#1965,10.);
#253=VECTOR('',#1968,10.);
#254=VECTOR('',#1969,10.);
#255=VECTOR('',#1974,10.);
#256=VECTOR('',#1977,10.);
#257=VECTOR('',#1982,10.);
#258=VECTOR('',#1983,10.);
#259=VECTOR('',#1986,10.);
#260=VECTOR('',#1987,10.);
#261=VECTOR('',#1992,10.);
#262=VECTOR('',#1995,10.);
#263=VECTOR('',#1996,10.);
#264=VECTOR('',#2001,10.);
#265=VECTOR('',#2004,10.);
#266=VECTOR('',#2009,10.);
#267=VECTOR('',#2010,10.);
#268=VECTOR('',#2013,10.);
#269=VECTOR('',#2014,10.);
#270=VECTOR('',#2019,2.);
#271=VECTOR('',#2020,2.);
#272=VECTOR('',#2023,10.);
#273=VECTOR('',#2024,10.);
#274=VECTOR('',#2029,10.);
#275=VECTOR('',#2030,10.);
#276=VECTOR('',#2033,10.);
#277=VECTOR('',#2034,10.);
#278=VECTOR('',#2039,10.);
#279=VECTOR('',#2044,2.);
#280=VECTOR('',#2045,2.);
#281=VECTOR('',#2048,10.);
#282=VECTOR('',#2049,10.);
#283=VECTOR('',#2052,2.);
#284=VECTOR('',#2055,2.);
#285=VECTOR('',#2058,10.);
#286=VECTOR('',#2059,10.);
#287=VECTOR('',#2062,10.);
#288=VECTOR('',#2065,10.);
#289=VECTOR('',#2068,10.);
#290=VECTOR('',#2069,10.);
#291=VECTOR('',#2074,10.);
#292=VECTOR('',#2077,10.);
#293=VECTOR('',#2078,10.);
#294=VECTOR('',#2083,10.);
#295=VECTOR('',#2086,10.);
#296=VECTOR('',#2089,10.);
#297=VECTOR('',#2092,10.);
#298=VECTOR('',#2093,10.);
#299=VECTOR('',#2096,10.);
#300=VECTOR('',#2097,10.);
#301=VECTOR('',#2098,10.);
#302=VECTOR('',#2101,10.);
#303=VECTOR('',#2104,10.);
#304=VECTOR('',#2109,10.);
#305=VECTOR('',#2114,10.);
#306=VECTOR('',#2117,10.);
#307=VECTOR('',#2120,10.);
#308=VECTOR('',#2123,10.);
#309=VECTOR('',#2136,10.);
#310=VECTOR('',#2139,10.);
#311=VECTOR('',#2142,10.);
#312=VECTOR('',#2145,10.);
#313=VECTOR('',#2146,10.);
#314=VECTOR('',#2149,10.);
#315=VECTOR('',#2152,10.);
#316=VECTOR('',#2155,10.);
#317=VECTOR('',#2158,10.);
#318=VECTOR('',#2161,10.);
#319=VECTOR('',#2166,10.);
#320=VECTOR('',#2167,10.);
#321=VECTOR('',#2170,10.);
#322=VECTOR('',#2173,10.);
#323=VECTOR('',#2176,10.);
#324=VECTOR('',#2179,10.);
#325=VECTOR('',#2182,10.);
#326=VECTOR('',#2185,10.);
#327=VECTOR('',#2186,10.);
#328=VECTOR('',#2189,10.);
#329=VECTOR('',#2192,10.);
#330=VECTOR('',#2195,2.);
#331=VECTOR('',#2198,2.);
#332=VECTOR('',#2207,1.6);
#333=VECTOR('',#2210,1.1);
#334=VECTOR('',#2213,1.1);
#335=VECTOR('',#2216,1.6);
#336=VECTOR('',#2219,1.1);
#337=VECTOR('',#2222,1.1);
#338=VECTOR('',#2233,10.);
#339=VECTOR('',#2236,10.);
#340=PLANE('',#1591);
#341=PLANE('',#1649);
#342=PLANE('',#1651);
#343=PLANE('',#1653);
#344=PLANE('',#1655);
#345=PLANE('',#1659);
#346=PLANE('',#1662);
#347=PLANE('',#1665);
#348=PLANE('',#1668);
#349=PLANE('',#1671);
#350=PLANE('',#1674);
#351=PLANE('',#1677);
#352=PLANE('',#1680);
#353=PLANE('',#1683);
#354=PLANE('',#1686);
#355=PLANE('',#1691);
#356=PLANE('',#1694);
#357=PLANE('',#1697);
#358=PLANE('',#1700);
#359=PLANE('',#1705);
#360=PLANE('',#1706);
#361=PLANE('',#1726);
#362=PLANE('',#1728);
#363=PLANE('',#1730);
#364=PLANE('',#1732);
#365=PLANE('',#1735);
#366=PLANE('',#1738);
#367=PLANE('',#1743);
#368=PLANE('',#1744);
#369=PLANE('',#1751);
#370=PLANE('',#1752);
#371=PLANE('',#1753);
#372=PLANE('',#1754);
#373=PLANE('',#1755);
#374=PLANE('',#1756);
#375=PLANE('',#1757);
#376=FACE_OUTER_BOUND('',#455,.T.);
#377=FACE_OUTER_BOUND('',#456,.T.);
#378=FACE_OUTER_BOUND('',#463,.T.);
#379=FACE_OUTER_BOUND('',#464,.T.);
#380=FACE_OUTER_BOUND('',#465,.T.);
#381=FACE_OUTER_BOUND('',#466,.T.);
#382=FACE_OUTER_BOUND('',#467,.T.);
#383=FACE_OUTER_BOUND('',#468,.T.);
#384=FACE_OUTER_BOUND('',#469,.T.);
#385=FACE_OUTER_BOUND('',#470,.T.);
#386=FACE_OUTER_BOUND('',#472,.T.);
#387=FACE_OUTER_BOUND('',#474,.T.);
#388=FACE_OUTER_BOUND('',#476,.T.);
#389=FACE_OUTER_BOUND('',#478,.T.);
#390=FACE_OUTER_BOUND('',#479,.T.);
#391=FACE_OUTER_BOUND('',#480,.T.);
#392=FACE_OUTER_BOUND('',#481,.T.);
#393=FACE_OUTER_BOUND('',#482,.T.);
#394=FACE_OUTER_BOUND('',#483,.T.);
#395=FACE_OUTER_BOUND('',#484,.T.);
#396=FACE_OUTER_BOUND('',#485,.T.);
#397=FACE_OUTER_BOUND('',#486,.T.);
#398=FACE_OUTER_BOUND('',#487,.T.);
#399=FACE_OUTER_BOUND('',#488,.T.);
#400=FACE_OUTER_BOUND('',#489,.T.);
#401=FACE_OUTER_BOUND('',#490,.T.);
#402=FACE_OUTER_BOUND('',#491,.T.);
#403=FACE_OUTER_BOUND('',#492,.T.);
#404=FACE_OUTER_BOUND('',#493,.T.);
#405=FACE_OUTER_BOUND('',#494,.T.);
#406=FACE_OUTER_BOUND('',#495,.T.);
#407=FACE_OUTER_BOUND('',#496,.T.);
#408=FACE_OUTER_BOUND('',#497,.T.);
#409=FACE_OUTER_BOUND('',#498,.T.);
#410=FACE_OUTER_BOUND('',#499,.T.);
#411=FACE_OUTER_BOUND('',#500,.T.);
#412=FACE_OUTER_BOUND('',#501,.T.);
#413=FACE_OUTER_BOUND('',#502,.T.);
#414=FACE_OUTER_BOUND('',#503,.T.);
#415=FACE_OUTER_BOUND('',#504,.T.);
#416=FACE_OUTER_BOUND('',#505,.T.);
#417=FACE_OUTER_BOUND('',#506,.T.);
#418=FACE_OUTER_BOUND('',#507,.T.);
#419=FACE_OUTER_BOUND('',#508,.T.);
#420=FACE_OUTER_BOUND('',#509,.T.);
#421=FACE_OUTER_BOUND('',#510,.T.);
#422=FACE_OUTER_BOUND('',#521,.T.);
#423=FACE_OUTER_BOUND('',#522,.T.);
#424=FACE_OUTER_BOUND('',#523,.T.);
#425=FACE_OUTER_BOUND('',#524,.T.);
#426=FACE_OUTER_BOUND('',#525,.T.);
#427=FACE_OUTER_BOUND('',#526,.T.);
#428=FACE_OUTER_BOUND('',#527,.T.);
#429=FACE_OUTER_BOUND('',#528,.T.);
#430=FACE_OUTER_BOUND('',#529,.T.);
#431=FACE_OUTER_BOUND('',#530,.T.);
#432=FACE_OUTER_BOUND('',#531,.T.);
#433=FACE_OUTER_BOUND('',#532,.T.);
#434=FACE_OUTER_BOUND('',#533,.T.);
#435=FACE_OUTER_BOUND('',#534,.T.);
#436=FACE_OUTER_BOUND('',#535,.T.);
#437=FACE_OUTER_BOUND('',#536,.T.);
#438=FACE_OUTER_BOUND('',#537,.T.);
#439=FACE_OUTER_BOUND('',#538,.T.);
#440=FACE_OUTER_BOUND('',#539,.T.);
#441=FACE_OUTER_BOUND('',#540,.T.);
#442=FACE_OUTER_BOUND('',#541,.T.);
#443=FACE_OUTER_BOUND('',#542,.T.);
#444=FACE_OUTER_BOUND('',#543,.T.);
#445=FACE_OUTER_BOUND('',#544,.T.);
#446=FACE_OUTER_BOUND('',#545,.T.);
#447=FACE_OUTER_BOUND('',#546,.T.);
#448=FACE_OUTER_BOUND('',#547,.T.);
#449=FACE_OUTER_BOUND('',#548,.T.);
#450=FACE_OUTER_BOUND('',#549,.T.);
#451=FACE_OUTER_BOUND('',#550,.T.);
#452=FACE_OUTER_BOUND('',#551,.T.);
#453=FACE_OUTER_BOUND('',#552,.T.);
#454=FACE_OUTER_BOUND('',#553,.T.);
#455=EDGE_LOOP('',(#1025,#1026,#1027,#1028,#1029,#1030));
#456=EDGE_LOOP('',(#1031,#1032,#1033,#1034,#1035,#1036,#1037,#1038,#1039,
#1040,#1041,#1042,#1043,#1044,#1045,#1046,#1047,#1048,#1049,#1050,#1051,
#1052,#1053,#1054,#1055,#1056,#1057,#1058,#1059,#1060,#1061,#1062,#1063,
#1064,#1065,#1066,#1067,#1068,#1069,#1070,#1071,#1072));
#457=EDGE_LOOP('',(#1073,#1074,#1075,#1076,#1077,#1078));
#458=EDGE_LOOP('',(#1079,#1080,#1081,#1082,#1083,#1084,#1085));
#459=EDGE_LOOP('',(#1086));
#460=EDGE_LOOP('',(#1087,#1088,#1089,#1090,#1091,#1092,#1093,#1094));
#461=EDGE_LOOP('',(#1095));
#462=EDGE_LOOP('',(#1096,#1097,#1098,#1099,#1100,#1101,#1102,#1103));
#463=EDGE_LOOP('',(#1104,#1105,#1106,#1107,#1108));
#464=EDGE_LOOP('',(#1109,#1110,#1111,#1112,#1113,#1114));
#465=EDGE_LOOP('',(#1115,#1116,#1117,#1118,#1119));
#466=EDGE_LOOP('',(#1120,#1121,#1122,#1123,#1124,#1125));
#467=EDGE_LOOP('',(#1126,#1127,#1128,#1129,#1130));
#468=EDGE_LOOP('',(#1131,#1132,#1133,#1134,#1135,#1136));
#469=EDGE_LOOP('',(#1137,#1138,#1139,#1140,#1141));
#470=EDGE_LOOP('',(#1142));
#471=EDGE_LOOP('',(#1143));
#472=EDGE_LOOP('',(#1144));
#473=EDGE_LOOP('',(#1145));
#474=EDGE_LOOP('',(#1146));
#475=EDGE_LOOP('',(#1147));
#476=EDGE_LOOP('',(#1148));
#477=EDGE_LOOP('',(#1149));
#478=EDGE_LOOP('',(#1150,#1151,#1152,#1153));
#479=EDGE_LOOP('',(#1154,#1155,#1156,#1157));
#480=EDGE_LOOP('',(#1158,#1159,#1160,#1161));
#481=EDGE_LOOP('',(#1162,#1163,#1164,#1165));
#482=EDGE_LOOP('',(#1166,#1167,#1168,#1169));
#483=EDGE_LOOP('',(#1170,#1171,#1172,#1173));
#484=EDGE_LOOP('',(#1174,#1175,#1176,#1177));
#485=EDGE_LOOP('',(#1178,#1179,#1180,#1181));
#486=EDGE_LOOP('',(#1182,#1183,#1184,#1185));
#487=EDGE_LOOP('',(#1186,#1187,#1188,#1189));
#488=EDGE_LOOP('',(#1190,#1191,#1192,#1193));
#489=EDGE_LOOP('',(#1194,#1195,#1196,#1197));
#490=EDGE_LOOP('',(#1198,#1199,#1200,#1201));
#491=EDGE_LOOP('',(#1202,#1203,#1204,#1205));
#492=EDGE_LOOP('',(#1206,#1207,#1208,#1209));
#493=EDGE_LOOP('',(#1210,#1211,#1212,#1213));
#494=EDGE_LOOP('',(#1214,#1215,#1216,#1217));
#495=EDGE_LOOP('',(#1218,#1219,#1220,#1221));
#496=EDGE_LOOP('',(#1222,#1223,#1224,#1225));
#497=EDGE_LOOP('',(#1226,#1227,#1228,#1229));
#498=EDGE_LOOP('',(#1230,#1231,#1232,#1233));
#499=EDGE_LOOP('',(#1234,#1235,#1236,#1237));
#500=EDGE_LOOP('',(#1238,#1239,#1240,#1241));
#501=EDGE_LOOP('',(#1242,#1243,#1244,#1245));
#502=EDGE_LOOP('',(#1246,#1247,#1248,#1249));
#503=EDGE_LOOP('',(#1250,#1251,#1252,#1253));
#504=EDGE_LOOP('',(#1254,#1255,#1256,#1257));
#505=EDGE_LOOP('',(#1258,#1259,#1260,#1261));
#506=EDGE_LOOP('',(#1262,#1263,#1264,#1265));
#507=EDGE_LOOP('',(#1266,#1267,#1268,#1269));
#508=EDGE_LOOP('',(#1270,#1271,#1272,#1273));
#509=EDGE_LOOP('',(#1274,#1275,#1276,#1277));
#510=EDGE_LOOP('',(#1278,#1279,#1280,#1281,#1282,#1283,#1284,#1285,#1286,
#1287,#1288,#1289,#1290,#1291,#1292,#1293,#1294,#1295,#1296,#1297,#1298,
#1299,#1300,#1301,#1302,#1303,#1304,#1305,#1306,#1307));
#511=EDGE_LOOP('',(#1308,#1309,#1310,#1311,#1312,#1313,#1314,#1315));
#512=EDGE_LOOP('',(#1316));
#513=EDGE_LOOP('',(#1317));
#514=EDGE_LOOP('',(#1318));
#515=EDGE_LOOP('',(#1319));
#516=EDGE_LOOP('',(#1320));
#517=EDGE_LOOP('',(#1321,#1322,#1323,#1324,#1325,#1326,#1327,#1328));
#518=EDGE_LOOP('',(#1329));
#519=EDGE_LOOP('',(#1330,#1331,#1332,#1333,#1334,#1335,#1336));
#520=EDGE_LOOP('',(#1337,#1338,#1339,#1340,#1341,#1342));
#521=EDGE_LOOP('',(#1343,#1344,#1345,#1346));
#522=EDGE_LOOP('',(#1347,#1348,#1349,#1350));
#523=EDGE_LOOP('',(#1351,#1352,#1353,#1354));
#524=EDGE_LOOP('',(#1355,#1356,#1357,#1358));
#525=EDGE_LOOP('',(#1359,#1360,#1361,#1362));
#526=EDGE_LOOP('',(#1363,#1364,#1365,#1366));
#527=EDGE_LOOP('',(#1367,#1368,#1369,#1370));
#528=EDGE_LOOP('',(#1371,#1372,#1373,#1374,#1375,#1376));
#529=EDGE_LOOP('',(#1377,#1378,#1379,#1380));
#530=EDGE_LOOP('',(#1381,#1382,#1383,#1384));
#531=EDGE_LOOP('',(#1385,#1386,#1387,#1388));
#532=EDGE_LOOP('',(#1389,#1390,#1391,#1392));
#533=EDGE_LOOP('',(#1393,#1394,#1395,#1396));
#534=EDGE_LOOP('',(#1397,#1398,#1399,#1400));
#535=EDGE_LOOP('',(#1401,#1402,#1403,#1404));
#536=EDGE_LOOP('',(#1405,#1406,#1407,#1408));
#537=EDGE_LOOP('',(#1409,#1410,#1411,#1412));
#538=EDGE_LOOP('',(#1413,#1414,#1415,#1416));
#539=EDGE_LOOP('',(#1417,#1418,#1419,#1420));
#540=EDGE_LOOP('',(#1421,#1422,#1423,#1424));
#541=EDGE_LOOP('',(#1425,#1426,#1427,#1428));
#542=EDGE_LOOP('',(#1429,#1430,#1431,#1432));
#543=EDGE_LOOP('',(#1433,#1434,#1435,#1436));
#544=EDGE_LOOP('',(#1437,#1438,#1439,#1440));
#545=EDGE_LOOP('',(#1441,#1442,#1443,#1444));
#546=EDGE_LOOP('',(#1445,#1446,#1447,#1448));
#547=EDGE_LOOP('',(#1449,#1450,#1451,#1452));
#548=EDGE_LOOP('',(#1453,#1454,#1455,#1456));
#549=EDGE_LOOP('',(#1457,#1458,#1459,#1460,#1461,#1462));
#550=EDGE_LOOP('',(#1463,#1464,#1465,#1466));
#551=EDGE_LOOP('',(#1467,#1468,#1469,#1470));
#552=EDGE_LOOP('',(#1471,#1472,#1473,#1474));
#553=EDGE_LOOP('',(#1475,#1476,#1477,#1478));
#554=CIRCLE('',#1586,2.6);
#555=CIRCLE('',#1587,2.6);
#556=CIRCLE('',#1588,1.);
#557=CIRCLE('',#1589,3.6);
#558=CIRCLE('',#1590,3.6);
#559=CIRCLE('',#1592,2.);
#560=CIRCLE('',#1593,2.);
#561=CIRCLE('',#1594,2.);
#562=CIRCLE('',#1595,2.);
#563=CIRCLE('',#1596,2.);
#564=CIRCLE('',#1597,3.6);
#565=CIRCLE('',#1598,3.6);
#566=CIRCLE('',#1599,2.);
#567=CIRCLE('',#1600,2.);
#568=CIRCLE('',#1601,2.);
#569=CIRCLE('',#1602,2.);
#570=CIRCLE('',#1603,2.);
#571=CIRCLE('',#1604,2.);
#572=CIRCLE('',#1605,3.6);
#573=CIRCLE('',#1606,3.6);
#574=CIRCLE('',#1607,3.6);
#575=CIRCLE('',#1608,3.6);
#576=CIRCLE('',#1609,2.);
#577=CIRCLE('',#1610,2.);
#578=CIRCLE('',#1611,2.);
#579=CIRCLE('',#1612,2.);
#580=CIRCLE('',#1613,0.75);
#581=CIRCLE('',#1614,0.75);
#582=CIRCLE('',#1615,0.75);
#583=CIRCLE('',#1616,2.);
#584=CIRCLE('',#1617,2.);
#585=CIRCLE('',#1618,2.);
#586=CIRCLE('',#1619,1.6);
#587=CIRCLE('',#1620,2.);
#588=CIRCLE('',#1621,2.);
#589=CIRCLE('',#1622,2.);
#590=CIRCLE('',#1623,2.);
#591=CIRCLE('',#1624,1.6);
#592=CIRCLE('',#1625,0.75);
#593=CIRCLE('',#1626,0.75);
#594=CIRCLE('',#1627,0.75);
#595=CIRCLE('',#1628,0.75);
#596=CIRCLE('',#1630,2.6);
#597=CIRCLE('',#1632,2.6);
#598=CIRCLE('',#1633,2.6);
#599=CIRCLE('',#1634,1.);
#600=CIRCLE('',#1636,2.6);
#601=CIRCLE('',#1638,2.6);
#602=CIRCLE('',#1639,2.6);
#603=CIRCLE('',#1640,1.);
#604=CIRCLE('',#1642,2.6);
#605=CIRCLE('',#1644,2.6);
#606=CIRCLE('',#1645,2.6);
#607=CIRCLE('',#1646,1.);
#608=CIRCLE('',#1648,2.6);
#609=CIRCLE('',#1650,1.1);
#610=CIRCLE('',#1652,1.1);
#611=CIRCLE('',#1654,1.1);
#612=CIRCLE('',#1656,1.1);
#613=CIRCLE('',#1658,0.75);
#614=CIRCLE('',#1661,0.75);
#615=CIRCLE('',#1664,0.75);
#616=CIRCLE('',#1667,0.75);
#617=CIRCLE('',#1670,0.75);
#618=CIRCLE('',#1673,0.75);
#619=CIRCLE('',#1676,0.75);
#620=CIRCLE('',#1679,2.);
#621=CIRCLE('',#1682,2.);
#622=CIRCLE('',#1685,2.);
#623=CIRCLE('',#1688,2.);
#624=CIRCLE('',#1690,2.);
#625=CIRCLE('',#1693,2.);
#626=CIRCLE('',#1696,2.);
#627=CIRCLE('',#1699,2.);
#628=CIRCLE('',#1702,2.);
#629=CIRCLE('',#1704,2.);
#630=CIRCLE('',#1707,2.);
#631=CIRCLE('',#1708,2.);
#632=CIRCLE('',#1709,2.);
#633=CIRCLE('',#1710,2.);
#634=CIRCLE('',#1711,2.);
#635=CIRCLE('',#1712,2.);
#636=CIRCLE('',#1713,2.);
#637=CIRCLE('',#1714,2.);
#638=CIRCLE('',#1715,2.);
#639=CIRCLE('',#1716,1.1);
#640=CIRCLE('',#1717,1.1);
#641=CIRCLE('',#1718,1.6);
#642=CIRCLE('',#1719,1.1);
#643=CIRCLE('',#1720,1.1);
#644=CIRCLE('',#1721,2.);
#645=CIRCLE('',#1722,2.);
#646=CIRCLE('',#1723,2.);
#647=CIRCLE('',#1724,1.6);
#648=VERTEX_POINT('',#2241);
#649=VERTEX_POINT('',#2242);
#650=VERTEX_POINT('',#2245);
#651=VERTEX_POINT('',#2247);
#652=VERTEX_POINT('',#2251);
#653=VERTEX_POINT('',#2252);
#654=VERTEX_POINT('',#2254);
#655=VERTEX_POINT('',#2256);
#656=VERTEX_POINT('',#2258);
#657=VERTEX_POINT('',#2260);
#658=VERTEX_POINT('',#2262);
#659=VERTEX_POINT('',#2264);
#660=VERTEX_POINT('',#2266);
#661=VERTEX_POINT('',#2268);
#662=VERTEX_POINT('',#2270);
#663=VERTEX_POINT('',#2274);
#664=VERTEX_POINT('',#2276);
#665=VERTEX_POINT('',#2278);
#666=VERTEX_POINT('',#2280);
#667=VERTEX_POINT('',#2282);
#668=VERTEX_POINT('',#2284);
#669=VERTEX_POINT('',#2286);
#670=VERTEX_POINT('',#2288);
#671=VERTEX_POINT('',#2290);
#672=VERTEX_POINT('',#2292);
#673=VERTEX_POINT('',#2294);
#674=VERTEX_POINT('',#2296);
#675=VERTEX_POINT('',#2299);
#676=VERTEX_POINT('',#2301);
#677=VERTEX_POINT('',#2304);
#678=VERTEX_POINT('',#2306);
#679=VERTEX_POINT('',#2308);
#680=VERTEX_POINT('',#2310);
#681=VERTEX_POINT('',#2312);
#682=VERTEX_POINT('',#2314);
#683=VERTEX_POINT('',#2316);
#684=VERTEX_POINT('',#2318);
#685=VERTEX_POINT('',#2320);
#686=VERTEX_POINT('',#2322);
#687=VERTEX_POINT('',#2324);
#688=VERTEX_POINT('',#2327);
#689=VERTEX_POINT('',#2328);
#690=VERTEX_POINT('',#2330);
#691=VERTEX_POINT('',#2332);
#692=VERTEX_POINT('',#2334);
#693=VERTEX_POINT('',#2336);
#694=VERTEX_POINT('',#2339);
#695=VERTEX_POINT('',#2340);
#696=VERTEX_POINT('',#2342);
#697=VERTEX_POINT('',#2344);
#698=VERTEX_POINT('',#2346);
#699=VERTEX_POINT('',#2348);
#700=VERTEX_POINT('',#2350);
#701=VERTEX_POINT('',#2353);
#702=VERTEX_POINT('',#2355);
#703=VERTEX_POINT('',#2356);
#704=VERTEX_POINT('',#2358);
#705=VERTEX_POINT('',#2360);
#706=VERTEX_POINT('',#2362);
#707=VERTEX_POINT('',#2364);
#708=VERTEX_POINT('',#2366);
#709=VERTEX_POINT('',#2368);
#710=VERTEX_POINT('',#2371);
#711=VERTEX_POINT('',#2373);
#712=VERTEX_POINT('',#2374);
#713=VERTEX_POINT('',#2376);
#714=VERTEX_POINT('',#2378);
#715=VERTEX_POINT('',#2380);
#716=VERTEX_POINT('',#2382);
#717=VERTEX_POINT('',#2384);
#718=VERTEX_POINT('',#2386);
#719=VERTEX_POINT('',#2390);
#720=VERTEX_POINT('',#2394);
#721=VERTEX_POINT('',#2395);
#722=VERTEX_POINT('',#2400);
#723=VERTEX_POINT('',#2404);
#724=VERTEX_POINT('',#2405);
#725=VERTEX_POINT('',#2410);
#726=VERTEX_POINT('',#2414);
#727=VERTEX_POINT('',#2415);
#728=VERTEX_POINT('',#2420);
#729=VERTEX_POINT('',#2424);
#730=VERTEX_POINT('',#2427);
#731=VERTEX_POINT('',#2430);
#732=VERTEX_POINT('',#2433);
#733=VERTEX_POINT('',#2436);
#734=VERTEX_POINT('',#2437);
#735=VERTEX_POINT('',#2442);
#736=VERTEX_POINT('',#2446);
#737=VERTEX_POINT('',#2447);
#738=VERTEX_POINT('',#2454);
#739=VERTEX_POINT('',#2458);
#740=VERTEX_POINT('',#2462);
#741=VERTEX_POINT('',#2468);
#742=VERTEX_POINT('',#2469);
#743=VERTEX_POINT('',#2474);
#744=VERTEX_POINT('',#2478);
#745=VERTEX_POINT('',#2482);
#746=VERTEX_POINT('',#2486);
#747=VERTEX_POINT('',#2492);
#748=VERTEX_POINT('',#2493);
#749=VERTEX_POINT('',#2498);
#750=VERTEX_POINT('',#2502);
#751=VERTEX_POINT('',#2503);
#752=VERTEX_POINT('',#2508);
#753=VERTEX_POINT('',#2512);
#754=VERTEX_POINT('',#2513);
#755=VERTEX_POINT('',#2518);
#756=VERTEX_POINT('',#2522);
#757=VERTEX_POINT('',#2526);
#758=VERTEX_POINT('',#2527);
#759=VERTEX_POINT('',#2532);
#760=VERTEX_POINT('',#2536);
#761=VERTEX_POINT('',#2538);
#762=VERTEX_POINT('',#2542);
#763=VERTEX_POINT('',#2546);
#764=VERTEX_POINT('',#2548);
#765=VERTEX_POINT('',#2552);
#766=VERTEX_POINT('',#2556);
#767=VERTEX_POINT('',#2560);
#768=VERTEX_POINT('',#2564);
#769=VERTEX_POINT('',#2568);
#770=VERTEX_POINT('',#2570);
#771=VERTEX_POINT('',#2574);
#772=VERTEX_POINT('',#2578);
#773=VERTEX_POINT('',#2580);
#774=VERTEX_POINT('',#2583);
#775=VERTEX_POINT('',#2585);
#776=VERTEX_POINT('',#2587);
#777=VERTEX_POINT('',#2589);
#778=VERTEX_POINT('',#2592);
#779=VERTEX_POINT('',#2594);
#780=VERTEX_POINT('',#2596);
#781=VERTEX_POINT('',#2598);
#782=VERTEX_POINT('',#2600);
#783=VERTEX_POINT('',#2602);
#784=VERTEX_POINT('',#2604);
#785=VERTEX_POINT('',#2606);
#786=VERTEX_POINT('',#2608);
#787=VERTEX_POINT('',#2612);
#788=VERTEX_POINT('',#2614);
#789=VERTEX_POINT('',#2616);
#790=VERTEX_POINT('',#2618);
#791=VERTEX_POINT('',#2620);
#792=VERTEX_POINT('',#2622);
#793=VERTEX_POINT('',#2623);
#794=VERTEX_POINT('',#2625);
#795=VERTEX_POINT('',#2628);
#796=VERTEX_POINT('',#2630);
#797=VERTEX_POINT('',#2633);
#798=EDGE_CURVE('',#648,#649,#554,.T.);
#799=EDGE_CURVE('',#649,#648,#555,.T.);
#800=EDGE_CURVE('',#648,#650,#556,.T.);
#801=EDGE_CURVE('',#650,#651,#557,.T.);
#802=EDGE_CURVE('',#651,#650,#558,.T.);
#803=EDGE_CURVE('',#652,#653,#559,.T.);
#804=EDGE_CURVE('',#652,#654,#74,.T.);
#805=EDGE_CURVE('',#655,#654,#560,.T.);
#806=EDGE_CURVE('',#655,#656,#75,.T.);
#807=EDGE_CURVE('',#657,#656,#561,.T.);
#808=EDGE_CURVE('',#658,#657,#562,.T.);
#809=EDGE_CURVE('',#658,#659,#76,.T.);
#810=EDGE_CURVE('',#660,#659,#563,.T.);
#811=EDGE_CURVE('',#660,#661,#77,.T.);
#812=EDGE_CURVE('',#662,#661,#564,.T.);
#813=EDGE_CURVE('',#661,#662,#565,.T.);
#814=EDGE_CURVE('',#661,#651,#78,.T.);
#815=EDGE_CURVE('',#651,#663,#79,.T.);
#816=EDGE_CURVE('',#664,#663,#566,.T.);
#817=EDGE_CURVE('',#664,#665,#80,.T.);
#818=EDGE_CURVE('',#666,#665,#567,.T.);
#819=EDGE_CURVE('',#667,#666,#568,.T.);
#820=EDGE_CURVE('',#667,#668,#81,.T.);
#821=EDGE_CURVE('',#669,#668,#569,.T.);
#822=EDGE_CURVE('',#670,#669,#570,.T.);
#823=EDGE_CURVE('',#670,#671,#82,.T.);
#824=EDGE_CURVE('',#672,#671,#571,.T.);
#825=EDGE_CURVE('',#672,#673,#83,.T.);
#826=EDGE_CURVE('',#674,#673,#572,.T.);
#827=EDGE_CURVE('',#673,#674,#573,.T.);
#828=EDGE_CURVE('',#673,#675,#84,.T.);
#829=EDGE_CURVE('',#676,#675,#574,.T.);
#830=EDGE_CURVE('',#675,#676,#575,.T.);
#831=EDGE_CURVE('',#675,#677,#85,.T.);
#832=EDGE_CURVE('',#678,#677,#576,.T.);
#833=EDGE_CURVE('',#678,#679,#86,.T.);
#834=EDGE_CURVE('',#680,#679,#577,.T.);
#835=EDGE_CURVE('',#681,#680,#578,.T.);
#836=EDGE_CURVE('',#681,#682,#87,.T.);
#837=EDGE_CURVE('',#683,#682,#579,.T.);
#838=EDGE_CURVE('',#683,#684,#88,.T.);
#839=EDGE_CURVE('',#684,#685,#89,.T.);
#840=EDGE_CURVE('',#685,#686,#90,.T.);
#841=EDGE_CURVE('',#686,#687,#91,.T.);
#842=EDGE_CURVE('',#687,#653,#92,.T.);
#843=EDGE_CURVE('',#688,#689,#93,.T.);
#844=EDGE_CURVE('',#690,#689,#580,.T.);
#845=EDGE_CURVE('',#690,#691,#94,.T.);
#846=EDGE_CURVE('',#692,#691,#581,.T.);
#847=EDGE_CURVE('',#692,#693,#95,.T.);
#848=EDGE_CURVE('',#688,#693,#582,.T.);
#849=EDGE_CURVE('',#694,#695,#96,.T.);
#850=EDGE_CURVE('',#696,#695,#583,.T.);
#851=EDGE_CURVE('',#696,#697,#97,.T.);
#852=EDGE_CURVE('',#697,#698,#98,.T.);
#853=EDGE_CURVE('',#699,#698,#584,.T.);
#854=EDGE_CURVE('',#699,#700,#99,.T.);
#855=EDGE_CURVE('',#694,#700,#585,.T.);
#856=EDGE_CURVE('',#701,#701,#586,.T.);
#857=EDGE_CURVE('',#702,#703,#100,.T.);
#858=EDGE_CURVE('',#704,#703,#587,.T.);
#859=EDGE_CURVE('',#704,#705,#101,.T.);
#860=EDGE_CURVE('',#706,#705,#588,.T.);
#861=EDGE_CURVE('',#706,#707,#102,.T.);
#862=EDGE_CURVE('',#708,#707,#589,.T.);
#863=EDGE_CURVE('',#708,#709,#103,.T.);
#864=EDGE_CURVE('',#702,#709,#590,.T.);
#865=EDGE_CURVE('',#710,#710,#591,.T.);
#866=EDGE_CURVE('',#711,#712,#104,.T.);
#867=EDGE_CURVE('',#713,#712,#592,.T.);
#868=EDGE_CURVE('',#713,#714,#105,.T.);
#869=EDGE_CURVE('',#715,#714,#593,.T.);
#870=EDGE_CURVE('',#715,#716,#106,.T.);
#871=EDGE_CURVE('',#717,#716,#594,.T.);
#872=EDGE_CURVE('',#717,#718,#107,.T.);
#873=EDGE_CURVE('',#711,#718,#595,.T.);
#874=EDGE_CURVE('',#719,#719,#596,.T.);
#875=EDGE_CURVE('',#719,#649,#108,.T.);
#876=EDGE_CURVE('',#720,#721,#597,.T.);
#877=EDGE_CURVE('',#721,#720,#598,.T.);
#878=EDGE_CURVE('',#720,#674,#599,.T.);
#879=EDGE_CURVE('',#722,#722,#600,.T.);
#880=EDGE_CURVE('',#722,#721,#109,.T.);
#881=EDGE_CURVE('',#723,#724,#601,.T.);
#882=EDGE_CURVE('',#724,#723,#602,.T.);
#883=EDGE_CURVE('',#723,#676,#603,.T.);
#884=EDGE_CURVE('',#725,#725,#604,.T.);
#885=EDGE_CURVE('',#725,#724,#110,.T.);
#886=EDGE_CURVE('',#726,#727,#605,.T.);
#887=EDGE_CURVE('',#727,#726,#606,.T.);
#888=EDGE_CURVE('',#726,#662,#607,.T.);
#889=EDGE_CURVE('',#728,#728,#608,.T.);
#890=EDGE_CURVE('',#728,#727,#111,.T.);
#891=EDGE_CURVE('',#729,#729,#609,.T.);
#892=EDGE_CURVE('',#730,#730,#610,.T.);
#893=EDGE_CURVE('',#731,#731,#611,.T.);
#894=EDGE_CURVE('',#732,#732,#612,.T.);
#895=EDGE_CURVE('',#733,#734,#613,.T.);
#896=EDGE_CURVE('',#734,#715,#112,.T.);
#897=EDGE_CURVE('',#714,#733,#113,.T.);
#898=EDGE_CURVE('',#734,#735,#114,.T.);
#899=EDGE_CURVE('',#716,#735,#115,.T.);
#900=EDGE_CURVE('',#736,#737,#614,.T.);
#901=EDGE_CURVE('',#737,#713,#116,.T.);
#902=EDGE_CURVE('',#712,#736,#117,.T.);
#903=EDGE_CURVE('',#737,#733,#118,.T.);
#904=EDGE_CURVE('',#735,#738,#615,.T.);
#905=EDGE_CURVE('',#738,#717,#119,.T.);
#906=EDGE_CURVE('',#738,#739,#120,.T.);
#907=EDGE_CURVE('',#718,#739,#121,.T.);
#908=EDGE_CURVE('',#739,#740,#616,.T.);
#909=EDGE_CURVE('',#740,#711,#122,.T.);
#910=EDGE_CURVE('',#740,#736,#123,.T.);
#911=EDGE_CURVE('',#741,#742,#617,.T.);
#912=EDGE_CURVE('',#742,#692,#124,.T.);
#913=EDGE_CURVE('',#691,#741,#125,.T.);
#914=EDGE_CURVE('',#742,#743,#126,.T.);
#915=EDGE_CURVE('',#693,#743,#127,.T.);
#916=EDGE_CURVE('',#743,#744,#618,.T.);
#917=EDGE_CURVE('',#744,#688,#128,.T.);
#918=EDGE_CURVE('',#744,#745,#129,.T.);
#919=EDGE_CURVE('',#689,#745,#130,.T.);
#920=EDGE_CURVE('',#745,#746,#619,.T.);
#921=EDGE_CURVE('',#746,#690,#131,.T.);
#922=EDGE_CURVE('',#746,#741,#132,.T.);
#923=EDGE_CURVE('',#747,#748,#620,.T.);
#924=EDGE_CURVE('',#748,#696,#133,.T.);
#925=EDGE_CURVE('',#695,#747,#134,.T.);
#926=EDGE_CURVE('',#748,#749,#135,.T.);
#927=EDGE_CURVE('',#749,#697,#136,.T.);
#928=EDGE_CURVE('',#750,#751,#621,.F.);
#929=EDGE_CURVE('',#750,#694,#137,.T.);
#930=EDGE_CURVE('',#700,#751,#138,.T.);
#931=EDGE_CURVE('',#752,#699,#139,.T.);
#932=EDGE_CURVE('',#752,#751,#140,.T.);
#933=EDGE_CURVE('',#753,#754,#622,.T.);
#934=EDGE_CURVE('',#754,#706,#141,.T.);
#935=EDGE_CURVE('',#705,#753,#142,.T.);
#936=EDGE_CURVE('',#754,#755,#143,.T.);
#937=EDGE_CURVE('',#707,#755,#144,.T.);
#938=EDGE_CURVE('',#756,#752,#623,.T.);
#939=EDGE_CURVE('',#698,#756,#145,.T.);
#940=EDGE_CURVE('',#757,#758,#624,.F.);
#941=EDGE_CURVE('',#757,#657,#146,.T.);
#942=EDGE_CURVE('',#656,#758,#147,.T.);
#943=EDGE_CURVE('',#759,#655,#148,.T.);
#944=EDGE_CURVE('',#759,#758,#149,.T.);
#945=EDGE_CURVE('',#680,#760,#150,.T.);
#946=EDGE_CURVE('',#761,#760,#625,.F.);
#947=EDGE_CURVE('',#761,#681,#151,.T.);
#948=EDGE_CURVE('',#761,#762,#152,.T.);
#949=EDGE_CURVE('',#682,#762,#153,.T.);
#950=EDGE_CURVE('',#653,#763,#154,.T.);
#951=EDGE_CURVE('',#763,#764,#626,.T.);
#952=EDGE_CURVE('',#764,#652,#155,.T.);
#953=EDGE_CURVE('',#765,#687,#156,.T.);
#954=EDGE_CURVE('',#765,#763,#157,.T.);
#955=EDGE_CURVE('',#762,#766,#627,.T.);
#956=EDGE_CURVE('',#766,#683,#158,.T.);
#957=EDGE_CURVE('',#766,#767,#159,.T.);
#958=EDGE_CURVE('',#767,#684,#160,.T.);
#959=EDGE_CURVE('',#768,#759,#628,.T.);
#960=EDGE_CURVE('',#654,#768,#161,.T.);
#961=EDGE_CURVE('',#669,#769,#162,.T.);
#962=EDGE_CURVE('',#769,#770,#629,.T.);
#963=EDGE_CURVE('',#770,#670,#163,.T.);
#964=EDGE_CURVE('',#770,#771,#164,.T.);
#965=EDGE_CURVE('',#671,#771,#165,.T.);
#966=EDGE_CURVE('',#772,#765,#166,.T.);
#967=EDGE_CURVE('',#773,#772,#167,.T.);
#968=EDGE_CURVE('',#767,#773,#168,.T.);
#969=EDGE_CURVE('',#774,#760,#630,.T.);
#970=EDGE_CURVE('',#775,#774,#169,.T.);
#971=EDGE_CURVE('',#776,#775,#631,.T.);
#972=EDGE_CURVE('',#777,#776,#170,.T.);
#973=EDGE_CURVE('',#771,#777,#632,.T.);
#974=EDGE_CURVE('',#769,#778,#633,.F.);
#975=EDGE_CURVE('',#779,#778,#171,.T.);
#976=EDGE_CURVE('',#779,#780,#634,.F.);
#977=EDGE_CURVE('',#781,#780,#635,.T.);
#978=EDGE_CURVE('',#782,#781,#172,.T.);
#979=EDGE_CURVE('',#783,#782,#636,.T.);
#980=EDGE_CURVE('',#784,#783,#173,.T.);
#981=EDGE_CURVE('',#785,#784,#637,.T.);
#982=EDGE_CURVE('',#786,#785,#174,.T.);
#983=EDGE_CURVE('',#757,#786,#638,.T.);
#984=EDGE_CURVE('',#764,#768,#175,.T.);
#985=EDGE_CURVE('',#787,#787,#639,.T.);
#986=EDGE_CURVE('',#788,#788,#640,.T.);
#987=EDGE_CURVE('',#789,#789,#641,.T.);
#988=EDGE_CURVE('',#790,#790,#642,.T.);
#989=EDGE_CURVE('',#791,#791,#643,.T.);
#990=EDGE_CURVE('',#792,#793,#644,.T.);
#991=EDGE_CURVE('',#794,#792,#176,.T.);
#992=EDGE_CURVE('',#755,#794,#645,.T.);
#993=EDGE_CURVE('',#795,#753,#177,.T.);
#994=EDGE_CURVE('',#796,#795,#646,.T.);
#995=EDGE_CURVE('',#793,#796,#178,.T.);
#996=EDGE_CURVE('',#797,#797,#647,.T.);
#997=EDGE_CURVE('',#749,#756,#179,.T.);
#998=EDGE_CURVE('',#750,#747,#180,.T.);
#999=EDGE_CURVE('',#794,#708,#181,.T.);
#1000=EDGE_CURVE('',#709,#792,#182,.T.);
#1001=EDGE_CURVE('',#793,#702,#183,.T.);
#1002=EDGE_CURVE('',#703,#796,#184,.T.);
#1003=EDGE_CURVE('',#795,#704,#185,.T.);
#1004=EDGE_CURVE('',#677,#776,#186,.T.);
#1005=EDGE_CURVE('',#775,#678,#187,.T.);
#1006=EDGE_CURVE('',#777,#672,#188,.T.);
#1007=EDGE_CURVE('',#679,#774,#189,.T.);
#1008=EDGE_CURVE('',#786,#658,#190,.T.);
#1009=EDGE_CURVE('',#659,#785,#191,.T.);
#1010=EDGE_CURVE('',#784,#660,#192,.T.);
#1011=EDGE_CURVE('',#663,#783,#193,.T.);
#1012=EDGE_CURVE('',#782,#664,#194,.T.);
#1013=EDGE_CURVE('',#665,#781,#195,.T.);
#1014=EDGE_CURVE('',#780,#666,#196,.T.);
#1015=EDGE_CURVE('',#779,#667,#197,.T.);
#1016=EDGE_CURVE('',#668,#778,#198,.T.);
#1017=EDGE_CURVE('',#701,#797,#199,.T.);
#1018=EDGE_CURVE('',#731,#791,#200,.T.);
#1019=EDGE_CURVE('',#730,#790,#201,.T.);
#1020=EDGE_CURVE('',#710,#789,#202,.T.);
#1021=EDGE_CURVE('',#732,#788,#203,.T.);
#1022=EDGE_CURVE('',#729,#787,#204,.T.);
#1023=EDGE_CURVE('',#772,#686,#205,.T.);
#1024=EDGE_CURVE('',#773,#685,#206,.T.);
#1025=ORIENTED_EDGE('',*,*,#798,.T.);
#1026=ORIENTED_EDGE('',*,*,#799,.T.);
#1027=ORIENTED_EDGE('',*,*,#800,.T.);
#1028=ORIENTED_EDGE('',*,*,#801,.T.);
#1029=ORIENTED_EDGE('',*,*,#802,.T.);
#1030=ORIENTED_EDGE('',*,*,#800,.F.);
#1031=ORIENTED_EDGE('',*,*,#803,.F.);
#1032=ORIENTED_EDGE('',*,*,#804,.T.);
#1033=ORIENTED_EDGE('',*,*,#805,.F.);
#1034=ORIENTED_EDGE('',*,*,#806,.T.);
#1035=ORIENTED_EDGE('',*,*,#807,.F.);
#1036=ORIENTED_EDGE('',*,*,#808,.F.);
#1037=ORIENTED_EDGE('',*,*,#809,.T.);
#1038=ORIENTED_EDGE('',*,*,#810,.F.);
#1039=ORIENTED_EDGE('',*,*,#811,.T.);
#1040=ORIENTED_EDGE('',*,*,#812,.F.);
#1041=ORIENTED_EDGE('',*,*,#813,.F.);
#1042=ORIENTED_EDGE('',*,*,#814,.T.);
#1043=ORIENTED_EDGE('',*,*,#801,.F.);
#1044=ORIENTED_EDGE('',*,*,#802,.F.);
#1045=ORIENTED_EDGE('',*,*,#815,.T.);
#1046=ORIENTED_EDGE('',*,*,#816,.F.);
#1047=ORIENTED_EDGE('',*,*,#817,.T.);
#1048=ORIENTED_EDGE('',*,*,#818,.F.);
#1049=ORIENTED_EDGE('',*,*,#819,.F.);
#1050=ORIENTED_EDGE('',*,*,#820,.T.);
#1051=ORIENTED_EDGE('',*,*,#821,.F.);
#1052=ORIENTED_EDGE('',*,*,#822,.F.);
#1053=ORIENTED_EDGE('',*,*,#823,.T.);
#1054=ORIENTED_EDGE('',*,*,#824,.F.);
#1055=ORIENTED_EDGE('',*,*,#825,.T.);
#1056=ORIENTED_EDGE('',*,*,#826,.F.);
#1057=ORIENTED_EDGE('',*,*,#827,.F.);
#1058=ORIENTED_EDGE('',*,*,#828,.T.);
#1059=ORIENTED_EDGE('',*,*,#829,.F.);
#1060=ORIENTED_EDGE('',*,*,#830,.F.);
#1061=ORIENTED_EDGE('',*,*,#831,.T.);
#1062=ORIENTED_EDGE('',*,*,#832,.F.);
#1063=ORIENTED_EDGE('',*,*,#833,.T.);
#1064=ORIENTED_EDGE('',*,*,#834,.F.);
#1065=ORIENTED_EDGE('',*,*,#835,.F.);
#1066=ORIENTED_EDGE('',*,*,#836,.T.);
#1067=ORIENTED_EDGE('',*,*,#837,.F.);
#1068=ORIENTED_EDGE('',*,*,#838,.T.);
#1069=ORIENTED_EDGE('',*,*,#839,.T.);
#1070=ORIENTED_EDGE('',*,*,#840,.T.);
#1071=ORIENTED_EDGE('',*,*,#841,.T.);
#1072=ORIENTED_EDGE('',*,*,#842,.T.);
#1073=ORIENTED_EDGE('',*,*,#843,.T.);
#1074=ORIENTED_EDGE('',*,*,#844,.F.);
#1075=ORIENTED_EDGE('',*,*,#845,.T.);
#1076=ORIENTED_EDGE('',*,*,#846,.F.);
#1077=ORIENTED_EDGE('',*,*,#847,.T.);
#1078=ORIENTED_EDGE('',*,*,#848,.F.);
#1079=ORIENTED_EDGE('',*,*,#849,.T.);
#1080=ORIENTED_EDGE('',*,*,#850,.F.);
#1081=ORIENTED_EDGE('',*,*,#851,.T.);
#1082=ORIENTED_EDGE('',*,*,#852,.T.);
#1083=ORIENTED_EDGE('',*,*,#853,.F.);
#1084=ORIENTED_EDGE('',*,*,#854,.T.);
#1085=ORIENTED_EDGE('',*,*,#855,.F.);
#1086=ORIENTED_EDGE('',*,*,#856,.T.);
#1087=ORIENTED_EDGE('',*,*,#857,.T.);
#1088=ORIENTED_EDGE('',*,*,#858,.F.);
#1089=ORIENTED_EDGE('',*,*,#859,.T.);
#1090=ORIENTED_EDGE('',*,*,#860,.F.);
#1091=ORIENTED_EDGE('',*,*,#861,.T.);
#1092=ORIENTED_EDGE('',*,*,#862,.F.);
#1093=ORIENTED_EDGE('',*,*,#863,.T.);
#1094=ORIENTED_EDGE('',*,*,#864,.F.);
#1095=ORIENTED_EDGE('',*,*,#865,.T.);
#1096=ORIENTED_EDGE('',*,*,#866,.T.);
#1097=ORIENTED_EDGE('',*,*,#867,.F.);
#1098=ORIENTED_EDGE('',*,*,#868,.T.);
#1099=ORIENTED_EDGE('',*,*,#869,.F.);
#1100=ORIENTED_EDGE('',*,*,#870,.T.);
#1101=ORIENTED_EDGE('',*,*,#871,.F.);
#1102=ORIENTED_EDGE('',*,*,#872,.T.);
#1103=ORIENTED_EDGE('',*,*,#873,.F.);
#1104=ORIENTED_EDGE('',*,*,#874,.F.);
#1105=ORIENTED_EDGE('',*,*,#875,.T.);
#1106=ORIENTED_EDGE('',*,*,#798,.F.);
#1107=ORIENTED_EDGE('',*,*,#799,.F.);
#1108=ORIENTED_EDGE('',*,*,#875,.F.);
#1109=ORIENTED_EDGE('',*,*,#876,.T.);
#1110=ORIENTED_EDGE('',*,*,#877,.T.);
#1111=ORIENTED_EDGE('',*,*,#878,.T.);
#1112=ORIENTED_EDGE('',*,*,#826,.T.);
#1113=ORIENTED_EDGE('',*,*,#827,.T.);
#1114=ORIENTED_EDGE('',*,*,#878,.F.);
#1115=ORIENTED_EDGE('',*,*,#879,.F.);
#1116=ORIENTED_EDGE('',*,*,#880,.T.);
#1117=ORIENTED_EDGE('',*,*,#876,.F.);
#1118=ORIENTED_EDGE('',*,*,#877,.F.);
#1119=ORIENTED_EDGE('',*,*,#880,.F.);
#1120=ORIENTED_EDGE('',*,*,#881,.T.);
#1121=ORIENTED_EDGE('',*,*,#882,.T.);
#1122=ORIENTED_EDGE('',*,*,#883,.T.);
#1123=ORIENTED_EDGE('',*,*,#829,.T.);
#1124=ORIENTED_EDGE('',*,*,#830,.T.);
#1125=ORIENTED_EDGE('',*,*,#883,.F.);
#1126=ORIENTED_EDGE('',*,*,#884,.F.);
#1127=ORIENTED_EDGE('',*,*,#885,.T.);
#1128=ORIENTED_EDGE('',*,*,#881,.F.);
#1129=ORIENTED_EDGE('',*,*,#882,.F.);
#1130=ORIENTED_EDGE('',*,*,#885,.F.);
#1131=ORIENTED_EDGE('',*,*,#886,.T.);
#1132=ORIENTED_EDGE('',*,*,#887,.T.);
#1133=ORIENTED_EDGE('',*,*,#888,.T.);
#1134=ORIENTED_EDGE('',*,*,#812,.T.);
#1135=ORIENTED_EDGE('',*,*,#813,.T.);
#1136=ORIENTED_EDGE('',*,*,#888,.F.);
#1137=ORIENTED_EDGE('',*,*,#889,.F.);
#1138=ORIENTED_EDGE('',*,*,#890,.T.);
#1139=ORIENTED_EDGE('',*,*,#886,.F.);
#1140=ORIENTED_EDGE('',*,*,#887,.F.);
#1141=ORIENTED_EDGE('',*,*,#890,.F.);
#1142=ORIENTED_EDGE('',*,*,#889,.T.);
#1143=ORIENTED_EDGE('',*,*,#891,.T.);
#1144=ORIENTED_EDGE('',*,*,#884,.T.);
#1145=ORIENTED_EDGE('',*,*,#892,.T.);
#1146=ORIENTED_EDGE('',*,*,#879,.T.);
#1147=ORIENTED_EDGE('',*,*,#893,.T.);
#1148=ORIENTED_EDGE('',*,*,#874,.T.);
#1149=ORIENTED_EDGE('',*,*,#894,.T.);
#1150=ORIENTED_EDGE('',*,*,#895,.T.);
#1151=ORIENTED_EDGE('',*,*,#896,.T.);
#1152=ORIENTED_EDGE('',*,*,#869,.T.);
#1153=ORIENTED_EDGE('',*,*,#897,.T.);
#1154=ORIENTED_EDGE('',*,*,#896,.F.);
#1155=ORIENTED_EDGE('',*,*,#898,.T.);
#1156=ORIENTED_EDGE('',*,*,#899,.F.);
#1157=ORIENTED_EDGE('',*,*,#870,.F.);
#1158=ORIENTED_EDGE('',*,*,#900,.T.);
#1159=ORIENTED_EDGE('',*,*,#901,.T.);
#1160=ORIENTED_EDGE('',*,*,#867,.T.);
#1161=ORIENTED_EDGE('',*,*,#902,.T.);
#1162=ORIENTED_EDGE('',*,*,#897,.F.);
#1163=ORIENTED_EDGE('',*,*,#868,.F.);
#1164=ORIENTED_EDGE('',*,*,#901,.F.);
#1165=ORIENTED_EDGE('',*,*,#903,.T.);
#1166=ORIENTED_EDGE('',*,*,#904,.T.);
#1167=ORIENTED_EDGE('',*,*,#905,.T.);
#1168=ORIENTED_EDGE('',*,*,#871,.T.);
#1169=ORIENTED_EDGE('',*,*,#899,.T.);
#1170=ORIENTED_EDGE('',*,*,#905,.F.);
#1171=ORIENTED_EDGE('',*,*,#906,.T.);
#1172=ORIENTED_EDGE('',*,*,#907,.F.);
#1173=ORIENTED_EDGE('',*,*,#872,.F.);
#1174=ORIENTED_EDGE('',*,*,#908,.T.);
#1175=ORIENTED_EDGE('',*,*,#909,.T.);
#1176=ORIENTED_EDGE('',*,*,#873,.T.);
#1177=ORIENTED_EDGE('',*,*,#907,.T.);
#1178=ORIENTED_EDGE('',*,*,#902,.F.);
#1179=ORIENTED_EDGE('',*,*,#866,.F.);
#1180=ORIENTED_EDGE('',*,*,#909,.F.);
#1181=ORIENTED_EDGE('',*,*,#910,.T.);
#1182=ORIENTED_EDGE('',*,*,#911,.T.);
#1183=ORIENTED_EDGE('',*,*,#912,.T.);
#1184=ORIENTED_EDGE('',*,*,#846,.T.);
#1185=ORIENTED_EDGE('',*,*,#913,.T.);
#1186=ORIENTED_EDGE('',*,*,#912,.F.);
#1187=ORIENTED_EDGE('',*,*,#914,.T.);
#1188=ORIENTED_EDGE('',*,*,#915,.F.);
#1189=ORIENTED_EDGE('',*,*,#847,.F.);
#1190=ORIENTED_EDGE('',*,*,#916,.T.);
#1191=ORIENTED_EDGE('',*,*,#917,.T.);
#1192=ORIENTED_EDGE('',*,*,#848,.T.);
#1193=ORIENTED_EDGE('',*,*,#915,.T.);
#1194=ORIENTED_EDGE('',*,*,#917,.F.);
#1195=ORIENTED_EDGE('',*,*,#918,.T.);
#1196=ORIENTED_EDGE('',*,*,#919,.F.);
#1197=ORIENTED_EDGE('',*,*,#843,.F.);
#1198=ORIENTED_EDGE('',*,*,#920,.T.);
#1199=ORIENTED_EDGE('',*,*,#921,.T.);
#1200=ORIENTED_EDGE('',*,*,#844,.T.);
#1201=ORIENTED_EDGE('',*,*,#919,.T.);
#1202=ORIENTED_EDGE('',*,*,#913,.F.);
#1203=ORIENTED_EDGE('',*,*,#845,.F.);
#1204=ORIENTED_EDGE('',*,*,#921,.F.);
#1205=ORIENTED_EDGE('',*,*,#922,.T.);
#1206=ORIENTED_EDGE('',*,*,#923,.T.);
#1207=ORIENTED_EDGE('',*,*,#924,.T.);
#1208=ORIENTED_EDGE('',*,*,#850,.T.);
#1209=ORIENTED_EDGE('',*,*,#925,.T.);
#1210=ORIENTED_EDGE('',*,*,#924,.F.);
#1211=ORIENTED_EDGE('',*,*,#926,.T.);
#1212=ORIENTED_EDGE('',*,*,#927,.T.);
#1213=ORIENTED_EDGE('',*,*,#851,.F.);
#1214=ORIENTED_EDGE('',*,*,#928,.F.);
#1215=ORIENTED_EDGE('',*,*,#929,.T.);
#1216=ORIENTED_EDGE('',*,*,#855,.T.);
#1217=ORIENTED_EDGE('',*,*,#930,.T.);
#1218=ORIENTED_EDGE('',*,*,#930,.F.);
#1219=ORIENTED_EDGE('',*,*,#854,.F.);
#1220=ORIENTED_EDGE('',*,*,#931,.F.);
#1221=ORIENTED_EDGE('',*,*,#932,.T.);
#1222=ORIENTED_EDGE('',*,*,#933,.T.);
#1223=ORIENTED_EDGE('',*,*,#934,.T.);
#1224=ORIENTED_EDGE('',*,*,#860,.T.);
#1225=ORIENTED_EDGE('',*,*,#935,.T.);
#1226=ORIENTED_EDGE('',*,*,#934,.F.);
#1227=ORIENTED_EDGE('',*,*,#936,.T.);
#1228=ORIENTED_EDGE('',*,*,#937,.F.);
#1229=ORIENTED_EDGE('',*,*,#861,.F.);
#1230=ORIENTED_EDGE('',*,*,#938,.T.);
#1231=ORIENTED_EDGE('',*,*,#931,.T.);
#1232=ORIENTED_EDGE('',*,*,#853,.T.);
#1233=ORIENTED_EDGE('',*,*,#939,.T.);
#1234=ORIENTED_EDGE('',*,*,#940,.F.);
#1235=ORIENTED_EDGE('',*,*,#941,.T.);
#1236=ORIENTED_EDGE('',*,*,#807,.T.);
#1237=ORIENTED_EDGE('',*,*,#942,.T.);
#1238=ORIENTED_EDGE('',*,*,#942,.F.);
#1239=ORIENTED_EDGE('',*,*,#806,.F.);
#1240=ORIENTED_EDGE('',*,*,#943,.F.);
#1241=ORIENTED_EDGE('',*,*,#944,.T.);
#1242=ORIENTED_EDGE('',*,*,#835,.T.);
#1243=ORIENTED_EDGE('',*,*,#945,.T.);
#1244=ORIENTED_EDGE('',*,*,#946,.F.);
#1245=ORIENTED_EDGE('',*,*,#947,.T.);
#1246=ORIENTED_EDGE('',*,*,#947,.F.);
#1247=ORIENTED_EDGE('',*,*,#948,.T.);
#1248=ORIENTED_EDGE('',*,*,#949,.F.);
#1249=ORIENTED_EDGE('',*,*,#836,.F.);
#1250=ORIENTED_EDGE('',*,*,#803,.T.);
#1251=ORIENTED_EDGE('',*,*,#950,.T.);
#1252=ORIENTED_EDGE('',*,*,#951,.T.);
#1253=ORIENTED_EDGE('',*,*,#952,.T.);
#1254=ORIENTED_EDGE('',*,*,#950,.F.);
#1255=ORIENTED_EDGE('',*,*,#842,.F.);
#1256=ORIENTED_EDGE('',*,*,#953,.F.);
#1257=ORIENTED_EDGE('',*,*,#954,.T.);
#1258=ORIENTED_EDGE('',*,*,#955,.T.);
#1259=ORIENTED_EDGE('',*,*,#956,.T.);
#1260=ORIENTED_EDGE('',*,*,#837,.T.);
#1261=ORIENTED_EDGE('',*,*,#949,.T.);
#1262=ORIENTED_EDGE('',*,*,#956,.F.);
#1263=ORIENTED_EDGE('',*,*,#957,.T.);
#1264=ORIENTED_EDGE('',*,*,#958,.T.);
#1265=ORIENTED_EDGE('',*,*,#838,.F.);
#1266=ORIENTED_EDGE('',*,*,#959,.T.);
#1267=ORIENTED_EDGE('',*,*,#943,.T.);
#1268=ORIENTED_EDGE('',*,*,#805,.T.);
#1269=ORIENTED_EDGE('',*,*,#960,.T.);
#1270=ORIENTED_EDGE('',*,*,#822,.T.);
#1271=ORIENTED_EDGE('',*,*,#961,.T.);
#1272=ORIENTED_EDGE('',*,*,#962,.T.);
#1273=ORIENTED_EDGE('',*,*,#963,.T.);
#1274=ORIENTED_EDGE('',*,*,#963,.F.);
#1275=ORIENTED_EDGE('',*,*,#964,.T.);
#1276=ORIENTED_EDGE('',*,*,#965,.F.);
#1277=ORIENTED_EDGE('',*,*,#823,.F.);
#1278=ORIENTED_EDGE('',*,*,#951,.F.);
#1279=ORIENTED_EDGE('',*,*,#954,.F.);
#1280=ORIENTED_EDGE('',*,*,#966,.F.);
#1281=ORIENTED_EDGE('',*,*,#967,.F.);
#1282=ORIENTED_EDGE('',*,*,#968,.F.);
#1283=ORIENTED_EDGE('',*,*,#957,.F.);
#1284=ORIENTED_EDGE('',*,*,#955,.F.);
#1285=ORIENTED_EDGE('',*,*,#948,.F.);
#1286=ORIENTED_EDGE('',*,*,#946,.T.);
#1287=ORIENTED_EDGE('',*,*,#969,.F.);
#1288=ORIENTED_EDGE('',*,*,#970,.F.);
#1289=ORIENTED_EDGE('',*,*,#971,.F.);
#1290=ORIENTED_EDGE('',*,*,#972,.F.);
#1291=ORIENTED_EDGE('',*,*,#973,.F.);
#1292=ORIENTED_EDGE('',*,*,#964,.F.);
#1293=ORIENTED_EDGE('',*,*,#962,.F.);
#1294=ORIENTED_EDGE('',*,*,#974,.T.);
#1295=ORIENTED_EDGE('',*,*,#975,.F.);
#1296=ORIENTED_EDGE('',*,*,#976,.T.);
#1297=ORIENTED_EDGE('',*,*,#977,.F.);
#1298=ORIENTED_EDGE('',*,*,#978,.F.);
#1299=ORIENTED_EDGE('',*,*,#979,.F.);
#1300=ORIENTED_EDGE('',*,*,#980,.F.);
#1301=ORIENTED_EDGE('',*,*,#981,.F.);
#1302=ORIENTED_EDGE('',*,*,#982,.F.);
#1303=ORIENTED_EDGE('',*,*,#983,.F.);
#1304=ORIENTED_EDGE('',*,*,#940,.T.);
#1305=ORIENTED_EDGE('',*,*,#944,.F.);
#1306=ORIENTED_EDGE('',*,*,#959,.F.);
#1307=ORIENTED_EDGE('',*,*,#984,.F.);
#1308=ORIENTED_EDGE('',*,*,#908,.F.);
#1309=ORIENTED_EDGE('',*,*,#906,.F.);
#1310=ORIENTED_EDGE('',*,*,#904,.F.);
#1311=ORIENTED_EDGE('',*,*,#898,.F.);
#1312=ORIENTED_EDGE('',*,*,#895,.F.);
#1313=ORIENTED_EDGE('',*,*,#903,.F.);
#1314=ORIENTED_EDGE('',*,*,#900,.F.);
#1315=ORIENTED_EDGE('',*,*,#910,.F.);
#1316=ORIENTED_EDGE('',*,*,#985,.F.);
#1317=ORIENTED_EDGE('',*,*,#986,.F.);
#1318=ORIENTED_EDGE('',*,*,#987,.F.);
#1319=ORIENTED_EDGE('',*,*,#988,.F.);
#1320=ORIENTED_EDGE('',*,*,#989,.F.);
#1321=ORIENTED_EDGE('',*,*,#990,.F.);
#1322=ORIENTED_EDGE('',*,*,#991,.F.);
#1323=ORIENTED_EDGE('',*,*,#992,.F.);
#1324=ORIENTED_EDGE('',*,*,#936,.F.);
#1325=ORIENTED_EDGE('',*,*,#933,.F.);
#1326=ORIENTED_EDGE('',*,*,#993,.F.);
#1327=ORIENTED_EDGE('',*,*,#994,.F.);
#1328=ORIENTED_EDGE('',*,*,#995,.F.);
#1329=ORIENTED_EDGE('',*,*,#996,.F.);
#1330=ORIENTED_EDGE('',*,*,#928,.T.);
#1331=ORIENTED_EDGE('',*,*,#932,.F.);
#1332=ORIENTED_EDGE('',*,*,#938,.F.);
#1333=ORIENTED_EDGE('',*,*,#997,.F.);
#1334=ORIENTED_EDGE('',*,*,#926,.F.);
#1335=ORIENTED_EDGE('',*,*,#923,.F.);
#1336=ORIENTED_EDGE('',*,*,#998,.F.);
#1337=ORIENTED_EDGE('',*,*,#916,.F.);
#1338=ORIENTED_EDGE('',*,*,#914,.F.);
#1339=ORIENTED_EDGE('',*,*,#911,.F.);
#1340=ORIENTED_EDGE('',*,*,#922,.F.);
#1341=ORIENTED_EDGE('',*,*,#920,.F.);
#1342=ORIENTED_EDGE('',*,*,#918,.F.);
#1343=ORIENTED_EDGE('',*,*,#992,.T.);
#1344=ORIENTED_EDGE('',*,*,#999,.T.);
#1345=ORIENTED_EDGE('',*,*,#862,.T.);
#1346=ORIENTED_EDGE('',*,*,#937,.T.);
#1347=ORIENTED_EDGE('',*,*,#999,.F.);
#1348=ORIENTED_EDGE('',*,*,#991,.T.);
#1349=ORIENTED_EDGE('',*,*,#1000,.F.);
#1350=ORIENTED_EDGE('',*,*,#863,.F.);
#1351=ORIENTED_EDGE('',*,*,#990,.T.);
#1352=ORIENTED_EDGE('',*,*,#1001,.T.);
#1353=ORIENTED_EDGE('',*,*,#864,.T.);
#1354=ORIENTED_EDGE('',*,*,#1000,.T.);
#1355=ORIENTED_EDGE('',*,*,#1001,.F.);
#1356=ORIENTED_EDGE('',*,*,#995,.T.);
#1357=ORIENTED_EDGE('',*,*,#1002,.F.);
#1358=ORIENTED_EDGE('',*,*,#857,.F.);
#1359=ORIENTED_EDGE('',*,*,#994,.T.);
#1360=ORIENTED_EDGE('',*,*,#1003,.T.);
#1361=ORIENTED_EDGE('',*,*,#858,.T.);
#1362=ORIENTED_EDGE('',*,*,#1002,.T.);
#1363=ORIENTED_EDGE('',*,*,#935,.F.);
#1364=ORIENTED_EDGE('',*,*,#859,.F.);
#1365=ORIENTED_EDGE('',*,*,#1003,.F.);
#1366=ORIENTED_EDGE('',*,*,#993,.T.);
#1367=ORIENTED_EDGE('',*,*,#832,.T.);
#1368=ORIENTED_EDGE('',*,*,#1004,.T.);
#1369=ORIENTED_EDGE('',*,*,#971,.T.);
#1370=ORIENTED_EDGE('',*,*,#1005,.T.);
#1371=ORIENTED_EDGE('',*,*,#1004,.F.);
#1372=ORIENTED_EDGE('',*,*,#831,.F.);
#1373=ORIENTED_EDGE('',*,*,#828,.F.);
#1374=ORIENTED_EDGE('',*,*,#825,.F.);
#1375=ORIENTED_EDGE('',*,*,#1006,.F.);
#1376=ORIENTED_EDGE('',*,*,#972,.T.);
#1377=ORIENTED_EDGE('',*,*,#945,.F.);
#1378=ORIENTED_EDGE('',*,*,#834,.T.);
#1379=ORIENTED_EDGE('',*,*,#1007,.T.);
#1380=ORIENTED_EDGE('',*,*,#969,.T.);
#1381=ORIENTED_EDGE('',*,*,#941,.F.);
#1382=ORIENTED_EDGE('',*,*,#983,.T.);
#1383=ORIENTED_EDGE('',*,*,#1008,.T.);
#1384=ORIENTED_EDGE('',*,*,#808,.T.);
#1385=ORIENTED_EDGE('',*,*,#1008,.F.);
#1386=ORIENTED_EDGE('',*,*,#982,.T.);
#1387=ORIENTED_EDGE('',*,*,#1009,.F.);
#1388=ORIENTED_EDGE('',*,*,#809,.F.);
#1389=ORIENTED_EDGE('',*,*,#810,.T.);
#1390=ORIENTED_EDGE('',*,*,#1009,.T.);
#1391=ORIENTED_EDGE('',*,*,#981,.T.);
#1392=ORIENTED_EDGE('',*,*,#1010,.T.);
#1393=ORIENTED_EDGE('',*,*,#816,.T.);
#1394=ORIENTED_EDGE('',*,*,#1011,.T.);
#1395=ORIENTED_EDGE('',*,*,#979,.T.);
#1396=ORIENTED_EDGE('',*,*,#1012,.T.);
#1397=ORIENTED_EDGE('',*,*,#1012,.F.);
#1398=ORIENTED_EDGE('',*,*,#978,.T.);
#1399=ORIENTED_EDGE('',*,*,#1013,.F.);
#1400=ORIENTED_EDGE('',*,*,#817,.F.);
#1401=ORIENTED_EDGE('',*,*,#818,.T.);
#1402=ORIENTED_EDGE('',*,*,#1013,.T.);
#1403=ORIENTED_EDGE('',*,*,#977,.T.);
#1404=ORIENTED_EDGE('',*,*,#1014,.T.);
#1405=ORIENTED_EDGE('',*,*,#1014,.F.);
#1406=ORIENTED_EDGE('',*,*,#976,.F.);
#1407=ORIENTED_EDGE('',*,*,#1015,.T.);
#1408=ORIENTED_EDGE('',*,*,#819,.T.);
#1409=ORIENTED_EDGE('',*,*,#961,.F.);
#1410=ORIENTED_EDGE('',*,*,#821,.T.);
#1411=ORIENTED_EDGE('',*,*,#1016,.T.);
#1412=ORIENTED_EDGE('',*,*,#974,.F.);
#1413=ORIENTED_EDGE('',*,*,#824,.T.);
#1414=ORIENTED_EDGE('',*,*,#965,.T.);
#1415=ORIENTED_EDGE('',*,*,#973,.T.);
#1416=ORIENTED_EDGE('',*,*,#1006,.T.);
#1417=ORIENTED_EDGE('',*,*,#939,.F.);
#1418=ORIENTED_EDGE('',*,*,#852,.F.);
#1419=ORIENTED_EDGE('',*,*,#927,.F.);
#1420=ORIENTED_EDGE('',*,*,#997,.T.);
#1421=ORIENTED_EDGE('',*,*,#925,.F.);
#1422=ORIENTED_EDGE('',*,*,#849,.F.);
#1423=ORIENTED_EDGE('',*,*,#929,.F.);
#1424=ORIENTED_EDGE('',*,*,#998,.T.);
#1425=ORIENTED_EDGE('',*,*,#856,.F.);
#1426=ORIENTED_EDGE('',*,*,#1017,.T.);
#1427=ORIENTED_EDGE('',*,*,#996,.T.);
#1428=ORIENTED_EDGE('',*,*,#1017,.F.);
#1429=ORIENTED_EDGE('',*,*,#893,.F.);
#1430=ORIENTED_EDGE('',*,*,#1018,.T.);
#1431=ORIENTED_EDGE('',*,*,#989,.T.);
#1432=ORIENTED_EDGE('',*,*,#1018,.F.);
#1433=ORIENTED_EDGE('',*,*,#892,.F.);
#1434=ORIENTED_EDGE('',*,*,#1019,.T.);
#1435=ORIENTED_EDGE('',*,*,#988,.T.);
#1436=ORIENTED_EDGE('',*,*,#1019,.F.);
#1437=ORIENTED_EDGE('',*,*,#865,.F.);
#1438=ORIENTED_EDGE('',*,*,#1020,.T.);
#1439=ORIENTED_EDGE('',*,*,#987,.T.);
#1440=ORIENTED_EDGE('',*,*,#1020,.F.);
#1441=ORIENTED_EDGE('',*,*,#894,.F.);
#1442=ORIENTED_EDGE('',*,*,#1021,.T.);
#1443=ORIENTED_EDGE('',*,*,#986,.T.);
#1444=ORIENTED_EDGE('',*,*,#1021,.F.);
#1445=ORIENTED_EDGE('',*,*,#891,.F.);
#1446=ORIENTED_EDGE('',*,*,#1022,.T.);
#1447=ORIENTED_EDGE('',*,*,#985,.T.);
#1448=ORIENTED_EDGE('',*,*,#1022,.F.);
#1449=ORIENTED_EDGE('',*,*,#1005,.F.);
#1450=ORIENTED_EDGE('',*,*,#970,.T.);
#1451=ORIENTED_EDGE('',*,*,#1007,.F.);
#1452=ORIENTED_EDGE('',*,*,#833,.F.);
#1453=ORIENTED_EDGE('',*,*,#1015,.F.);
#1454=ORIENTED_EDGE('',*,*,#975,.T.);
#1455=ORIENTED_EDGE('',*,*,#1016,.F.);
#1456=ORIENTED_EDGE('',*,*,#820,.F.);
#1457=ORIENTED_EDGE('',*,*,#1010,.F.);
#1458=ORIENTED_EDGE('',*,*,#980,.T.);
#1459=ORIENTED_EDGE('',*,*,#1011,.F.);
#1460=ORIENTED_EDGE('',*,*,#815,.F.);
#1461=ORIENTED_EDGE('',*,*,#814,.F.);
#1462=ORIENTED_EDGE('',*,*,#811,.F.);
#1463=ORIENTED_EDGE('',*,*,#952,.F.);
#1464=ORIENTED_EDGE('',*,*,#984,.T.);
#1465=ORIENTED_EDGE('',*,*,#960,.F.);
#1466=ORIENTED_EDGE('',*,*,#804,.F.);
#1467=ORIENTED_EDGE('',*,*,#966,.T.);
#1468=ORIENTED_EDGE('',*,*,#953,.T.);
#1469=ORIENTED_EDGE('',*,*,#841,.F.);
#1470=ORIENTED_EDGE('',*,*,#1023,.F.);
#1471=ORIENTED_EDGE('',*,*,#967,.T.);
#1472=ORIENTED_EDGE('',*,*,#1023,.T.);
#1473=ORIENTED_EDGE('',*,*,#840,.F.);
#1474=ORIENTED_EDGE('',*,*,#1024,.F.);
#1475=ORIENTED_EDGE('',*,*,#968,.T.);
#1476=ORIENTED_EDGE('',*,*,#1024,.T.);
#1477=ORIENTED_EDGE('',*,*,#839,.F.);
#1478=ORIENTED_EDGE('',*,*,#958,.F.);
#1479=TOROIDAL_SURFACE('',#1585,3.6,1.);
#1480=TOROIDAL_SURFACE('',#1631,3.6,1.);
#1481=TOROIDAL_SURFACE('',#1637,3.6,1.);
#1482=TOROIDAL_SURFACE('',#1643,3.6,1.);
#1483=ADVANCED_FACE('',(#376),#1479,.F.);
#1484=ADVANCED_FACE('',(#377,#54,#55,#56,#57,#58,#59),#340,.T.);
#1485=ADVANCED_FACE('',(#378),#15,.T.);
#1486=ADVANCED_FACE('',(#379),#1480,.F.);
#1487=ADVANCED_FACE('',(#380),#16,.T.);
#1488=ADVANCED_FACE('',(#381),#1481,.F.);
#1489=ADVANCED_FACE('',(#382),#17,.T.);
#1490=ADVANCED_FACE('',(#383),#1482,.F.);
#1491=ADVANCED_FACE('',(#384),#18,.T.);
#1492=ADVANCED_FACE('',(#385,#60),#341,.T.);
#1493=ADVANCED_FACE('',(#386,#61),#342,.T.);
#1494=ADVANCED_FACE('',(#387,#62),#343,.T.);
#1495=ADVANCED_FACE('',(#388,#63),#344,.T.);
#1496=ADVANCED_FACE('',(#389),#19,.F.);
#1497=ADVANCED_FACE('',(#390),#345,.T.);
#1498=ADVANCED_FACE('',(#391),#20,.F.);
#1499=ADVANCED_FACE('',(#392),#346,.T.);
#1500=ADVANCED_FACE('',(#393),#21,.F.);
#1501=ADVANCED_FACE('',(#394),#347,.T.);
#1502=ADVANCED_FACE('',(#395),#22,.F.);
#1503=ADVANCED_FACE('',(#396),#348,.T.);
#1504=ADVANCED_FACE('',(#397),#23,.F.);
#1505=ADVANCED_FACE('',(#398),#349,.T.);
#1506=ADVANCED_FACE('',(#399),#24,.F.);
#1507=ADVANCED_FACE('',(#400),#350,.T.);
#1508=ADVANCED_FACE('',(#401),#25,.F.);
#1509=ADVANCED_FACE('',(#402),#351,.T.);
#1510=ADVANCED_FACE('',(#403),#26,.F.);
#1511=ADVANCED_FACE('',(#404),#352,.T.);
#1512=ADVANCED_FACE('',(#405),#27,.F.);
#1513=ADVANCED_FACE('',(#406),#353,.T.);
#1514=ADVANCED_FACE('',(#407),#28,.F.);
#1515=ADVANCED_FACE('',(#408),#354,.T.);
#1516=ADVANCED_FACE('',(#409),#29,.F.);
#1517=ADVANCED_FACE('',(#410),#30,.F.);
#1518=ADVANCED_FACE('',(#411),#355,.T.);
#1519=ADVANCED_FACE('',(#412),#31,.F.);
#1520=ADVANCED_FACE('',(#413),#356,.T.);
#1521=ADVANCED_FACE('',(#414),#32,.T.);
#1522=ADVANCED_FACE('',(#415),#357,.T.);
#1523=ADVANCED_FACE('',(#416),#33,.F.);
#1524=ADVANCED_FACE('',(#417),#358,.T.);
#1525=ADVANCED_FACE('',(#418),#34,.F.);
#1526=ADVANCED_FACE('',(#419),#35,.T.);
#1527=ADVANCED_FACE('',(#420),#359,.T.);
#1528=ADVANCED_FACE('',(#421,#64,#65,#66,#67,#68,#69,#70,#71,#72,#73),#360,
 .F.);
#1529=ADVANCED_FACE('',(#422),#36,.F.);
#1530=ADVANCED_FACE('',(#423),#361,.T.);
#1531=ADVANCED_FACE('',(#424),#37,.F.);
#1532=ADVANCED_FACE('',(#425),#362,.T.);
#1533=ADVANCED_FACE('',(#426),#38,.F.);
#1534=ADVANCED_FACE('',(#427),#363,.T.);
#1535=ADVANCED_FACE('',(#428),#39,.T.);
#1536=ADVANCED_FACE('',(#429),#364,.T.);
#1537=ADVANCED_FACE('',(#430),#40,.T.);
#1538=ADVANCED_FACE('',(#431),#41,.T.);
#1539=ADVANCED_FACE('',(#432),#365,.T.);
#1540=ADVANCED_FACE('',(#433),#42,.T.);
#1541=ADVANCED_FACE('',(#434),#43,.T.);
#1542=ADVANCED_FACE('',(#435),#366,.T.);
#1543=ADVANCED_FACE('',(#436),#44,.T.);
#1544=ADVANCED_FACE('',(#437),#45,.F.);
#1545=ADVANCED_FACE('',(#438),#46,.F.);
#1546=ADVANCED_FACE('',(#439),#47,.T.);
#1547=ADVANCED_FACE('',(#440),#367,.T.);
#1548=ADVANCED_FACE('',(#441),#368,.T.);
#1549=ADVANCED_FACE('',(#442),#48,.F.);
#1550=ADVANCED_FACE('',(#443),#49,.F.);
#1551=ADVANCED_FACE('',(#444),#50,.F.);
#1552=ADVANCED_FACE('',(#445),#51,.F.);
#1553=ADVANCED_FACE('',(#446),#52,.F.);
#1554=ADVANCED_FACE('',(#447),#53,.F.);
#1555=ADVANCED_FACE('',(#448),#369,.T.);
#1556=ADVANCED_FACE('',(#449),#370,.T.);
#1557=ADVANCED_FACE('',(#450),#371,.T.);
#1558=ADVANCED_FACE('',(#451),#372,.T.);
#1559=ADVANCED_FACE('',(#452),#373,.T.);
#1560=ADVANCED_FACE('',(#453),#374,.T.);
#1561=ADVANCED_FACE('',(#454),#375,.T.);
#1562=CLOSED_SHELL('',(#1483,#1484,#1485,#1486,#1487,#1488,#1489,#1490,
#1491,#1492,#1493,#1494,#1495,#1496,#1497,#1498,#1499,#1500,#1501,#1502,
#1503,#1504,#1505,#1506,#1507,#1508,#1509,#1510,#1511,#1512,#1513,#1514,
#1515,#1516,#1517,#1518,#1519,#1520,#1521,#1522,#1523,#1524,#1525,#1526,
#1527,#1528,#1529,#1530,#1531,#1532,#1533,#1534,#1535,#1536,#1537,#1538,
#1539,#1540,#1541,#1542,#1543,#1544,#1545,#1546,#1547,#1548,#1549,#1550,
#1551,#1552,#1553,#1554,#1555,#1556,#1557,#1558,#1559,#1560,#1561));
#1563=DERIVED_UNIT_ELEMENT(#1566,1.);
#1564=DERIVED_UNIT_ELEMENT(#2701,-3.);
#1565=DIMENSIONAL_EXPONENTS(0.,1.,0.,0.,0.,0.,0.);
#1566=(
CONVERSION_BASED_UNIT('gram',#1568)
MASS_UNIT()
NAMED_UNIT(#1565)
);
#1567=(
MASS_UNIT()
NAMED_UNIT(*)
SI_UNIT(.KILO.,.GRAM.)
);
#1568=MASS_MEASURE_WITH_UNIT(MASS_MEASURE(0.001),#1567);
#1569=DERIVED_UNIT((#1563,#1564));
#1570=MEASURE_REPRESENTATION_ITEM('density measure',
POSITIVE_RATIO_MEASURE(1.),#1569);
#1571=PROPERTY_DEFINITION_REPRESENTATION(#1576,#1573);
#1572=PROPERTY_DEFINITION_REPRESENTATION(#1577,#1574);
#1573=REPRESENTATION('material name',(#1575),#2698);
#1574=REPRESENTATION('density',(#1570),#2698);
#1575=DESCRIPTIVE_REPRESENTATION_ITEM('Generic','Generic');
#1576=PROPERTY_DEFINITION('material property','material name',#2708);
#1577=PROPERTY_DEFINITION('material property','density of part',#2708);
#1578=DATE_TIME_ROLE('creation_date');
#1579=APPLIED_DATE_AND_TIME_ASSIGNMENT(#1580,#1578,(#2708));
#1580=DATE_AND_TIME(#1581,#1582);
#1581=CALENDAR_DATE(2024,27,9);
#1582=LOCAL_TIME(0,0,0.,#1583);
#1583=COORDINATED_UNIVERSAL_TIME_OFFSET(0,0,.BEHIND.);
#1584=AXIS2_PLACEMENT_3D('',#2239,#1758,#1759);
#1585=AXIS2_PLACEMENT_3D('',#2240,#1760,#1761);
#1586=AXIS2_PLACEMENT_3D('',#2243,#1762,#1763);
#1587=AXIS2_PLACEMENT_3D('',#2244,#1764,#1765);
#1588=AXIS2_PLACEMENT_3D('',#2246,#1766,#1767);
#1589=AXIS2_PLACEMENT_3D('',#2248,#1768,#1769);
#1590=AXIS2_PLACEMENT_3D('',#2249,#1770,#1771);
#1591=AXIS2_PLACEMENT_3D('',#2250,#1772,#1773);
#1592=AXIS2_PLACEMENT_3D('',#2253,#1774,#1775);
#1593=AXIS2_PLACEMENT_3D('',#2257,#1777,#1778);
#1594=AXIS2_PLACEMENT_3D('',#2261,#1780,#1781);
#1595=AXIS2_PLACEMENT_3D('',#2263,#1782,#1783);
#1596=AXIS2_PLACEMENT_3D('',#2267,#1785,#1786);
#1597=AXIS2_PLACEMENT_3D('',#2271,#1788,#1789);
#1598=AXIS2_PLACEMENT_3D('',#2272,#1790,#1791);
#1599=AXIS2_PLACEMENT_3D('',#2277,#1794,#1795);
#1600=AXIS2_PLACEMENT_3D('',#2281,#1797,#1798);
#1601=AXIS2_PLACEMENT_3D('',#2283,#1799,#1800);
#1602=AXIS2_PLACEMENT_3D('',#2287,#1802,#1803);
#1603=AXIS2_PLACEMENT_3D('',#2289,#1804,#1805);
#1604=AXIS2_PLACEMENT_3D('',#2293,#1807,#1808);
#1605=AXIS2_PLACEMENT_3D('',#2297,#1810,#1811);
#1606=AXIS2_PLACEMENT_3D('',#2298,#1812,#1813);
#1607=AXIS2_PLACEMENT_3D('',#2302,#1815,#1816);
#1608=AXIS2_PLACEMENT_3D('',#2303,#1817,#1818);
#1609=AXIS2_PLACEMENT_3D('',#2307,#1820,#1821);
#1610=AXIS2_PLACEMENT_3D('',#2311,#1823,#1824);
#1611=AXIS2_PLACEMENT_3D('',#2313,#1825,#1826);
#1612=AXIS2_PLACEMENT_3D('',#2317,#1828,#1829);
#1613=AXIS2_PLACEMENT_3D('',#2331,#1836,#1837);
#1614=AXIS2_PLACEMENT_3D('',#2335,#1839,#1840);
#1615=AXIS2_PLACEMENT_3D('',#2338,#1842,#1843);
#1616=AXIS2_PLACEMENT_3D('',#2343,#1845,#1846);
#1617=AXIS2_PLACEMENT_3D('',#2349,#1849,#1850);
#1618=AXIS2_PLACEMENT_3D('',#2352,#1852,#1853);
#1619=AXIS2_PLACEMENT_3D('',#2354,#1854,#1855);
#1620=AXIS2_PLACEMENT_3D('',#2359,#1857,#1858);
#1621=AXIS2_PLACEMENT_3D('',#2363,#1860,#1861);
#1622=AXIS2_PLACEMENT_3D('',#2367,#1863,#1864);
#1623=AXIS2_PLACEMENT_3D('',#2370,#1866,#1867);
#1624=AXIS2_PLACEMENT_3D('',#2372,#1868,#1869);
#1625=AXIS2_PLACEMENT_3D('',#2377,#1871,#1872);
#1626=AXIS2_PLACEMENT_3D('',#2381,#1874,#1875);
#1627=AXIS2_PLACEMENT_3D('',#2385,#1877,#1878);
#1628=AXIS2_PLACEMENT_3D('',#2388,#1880,#1881);
#1629=AXIS2_PLACEMENT_3D('',#2389,#1882,#1883);
#1630=AXIS2_PLACEMENT_3D('',#2391,#1884,#1885);
#1631=AXIS2_PLACEMENT_3D('',#2393,#1887,#1888);
#1632=AXIS2_PLACEMENT_3D('',#2396,#1889,#1890);
#1633=AXIS2_PLACEMENT_3D('',#2397,#1891,#1892);
#1634=AXIS2_PLACEMENT_3D('',#2398,#1893,#1894);
#1635=AXIS2_PLACEMENT_3D('',#2399,#1895,#1896);
#1636=AXIS2_PLACEMENT_3D('',#2401,#1897,#1898);
#1637=AXIS2_PLACEMENT_3D('',#2403,#1900,#1901);
#1638=AXIS2_PLACEMENT_3D('',#2406,#1902,#1903);
#1639=AXIS2_PLACEMENT_3D('',#2407,#1904,#1905);
#1640=AXIS2_PLACEMENT_3D('',#2408,#1906,#1907);
#1641=AXIS2_PLACEMENT_3D('',#2409,#1908,#1909);
#1642=AXIS2_PLACEMENT_3D('',#2411,#1910,#1911);
#1643=AXIS2_PLACEMENT_3D('',#2413,#1913,#1914);
#1644=AXIS2_PLACEMENT_3D('',#2416,#1915,#1916);
#1645=AXIS2_PLACEMENT_3D('',#2417,#1917,#1918);
#1646=AXIS2_PLACEMENT_3D('',#2418,#1919,#1920);
#1647=AXIS2_PLACEMENT_3D('',#2419,#1921,#1922);
#1648=AXIS2_PLACEMENT_3D('',#2421,#1923,#1924);
#1649=AXIS2_PLACEMENT_3D('',#2423,#1926,#1927);
#1650=AXIS2_PLACEMENT_3D('',#2425,#1928,#1929);
#1651=AXIS2_PLACEMENT_3D('',#2426,#1930,#1931);
#1652=AXIS2_PLACEMENT_3D('',#2428,#1932,#1933);
#1653=AXIS2_PLACEMENT_3D('',#2429,#1934,#1935);
#1654=AXIS2_PLACEMENT_3D('',#2431,#1936,#1937);
#1655=AXIS2_PLACEMENT_3D('',#2432,#1938,#1939);
#1656=AXIS2_PLACEMENT_3D('',#2434,#1940,#1941);
#1657=AXIS2_PLACEMENT_3D('',#2435,#1942,#1943);
#1658=AXIS2_PLACEMENT_3D('',#2438,#1944,#1945);
#1659=AXIS2_PLACEMENT_3D('',#2441,#1948,#1949);
#1660=AXIS2_PLACEMENT_3D('',#2445,#1952,#1953);
#1661=AXIS2_PLACEMENT_3D('',#2448,#1954,#1955);
#1662=AXIS2_PLACEMENT_3D('',#2451,#1958,#1959);
#1663=AXIS2_PLACEMENT_3D('',#2453,#1961,#1962);
#1664=AXIS2_PLACEMENT_3D('',#2455,#1963,#1964);
#1665=AXIS2_PLACEMENT_3D('',#2457,#1966,#1967);
#1666=AXIS2_PLACEMENT_3D('',#2461,#1970,#1971);
#1667=AXIS2_PLACEMENT_3D('',#2463,#1972,#1973);
#1668=AXIS2_PLACEMENT_3D('',#2465,#1975,#1976);
#1669=AXIS2_PLACEMENT_3D('',#2467,#1978,#1979);
#1670=AXIS2_PLACEMENT_3D('',#2470,#1980,#1981);
#1671=AXIS2_PLACEMENT_3D('',#2473,#1984,#1985);
#1672=AXIS2_PLACEMENT_3D('',#2477,#1988,#1989);
#1673=AXIS2_PLACEMENT_3D('',#2479,#1990,#1991);
#1674=AXIS2_PLACEMENT_3D('',#2481,#1993,#1994);
#1675=AXIS2_PLACEMENT_3D('',#2485,#1997,#1998);
#1676=AXIS2_PLACEMENT_3D('',#2487,#1999,#2000);
#1677=AXIS2_PLACEMENT_3D('',#2489,#2002,#2003);
#1678=AXIS2_PLACEMENT_3D('',#2491,#2005,#2006);
#1679=AXIS2_PLACEMENT_3D('',#2494,#2007,#2008);
#1680=AXIS2_PLACEMENT_3D('',#2497,#2011,#2012);
#1681=AXIS2_PLACEMENT_3D('',#2501,#2015,#2016);
#1682=AXIS2_PLACEMENT_3D('',#2504,#2017,#2018);
#1683=AXIS2_PLACEMENT_3D('',#2507,#2021,#2022);
#1684=AXIS2_PLACEMENT_3D('',#2511,#2025,#2026);
#1685=AXIS2_PLACEMENT_3D('',#2514,#2027,#2028);
#1686=AXIS2_PLACEMENT_3D('',#2517,#2031,#2032);
#1687=AXIS2_PLACEMENT_3D('',#2521,#2035,#2036);
#1688=AXIS2_PLACEMENT_3D('',#2523,#2037,#2038);
#1689=AXIS2_PLACEMENT_3D('',#2525,#2040,#2041);
#1690=AXIS2_PLACEMENT_3D('',#2528,#2042,#2043);
#1691=AXIS2_PLACEMENT_3D('',#2531,#2046,#2047);
#1692=AXIS2_PLACEMENT_3D('',#2535,#2050,#2051);
#1693=AXIS2_PLACEMENT_3D('',#2539,#2053,#2054);
#1694=AXIS2_PLACEMENT_3D('',#2541,#2056,#2057);
#1695=AXIS2_PLACEMENT_3D('',#2545,#2060,#2061);
#1696=AXIS2_PLACEMENT_3D('',#2549,#2063,#2064);
#1697=AXIS2_PLACEMENT_3D('',#2551,#2066,#2067);
#1698=AXIS2_PLACEMENT_3D('',#2555,#2070,#2071);
#1699=AXIS2_PLACEMENT_3D('',#2557,#2072,#2073);
#1700=AXIS2_PLACEMENT_3D('',#2559,#2075,#2076);
#1701=AXIS2_PLACEMENT_3D('',#2563,#2079,#2080);
#1702=AXIS2_PLACEMENT_3D('',#2565,#2081,#2082);
#1703=AXIS2_PLACEMENT_3D('',#2567,#2084,#2085);
#1704=AXIS2_PLACEMENT_3D('',#2571,#2087,#2088);
#1705=AXIS2_PLACEMENT_3D('',#2573,#2090,#2091);
#1706=AXIS2_PLACEMENT_3D('',#2577,#2094,#2095);
#1707=AXIS2_PLACEMENT_3D('',#2584,#2099,#2100);
#1708=AXIS2_PLACEMENT_3D('',#2588,#2102,#2103);
#1709=AXIS2_PLACEMENT_3D('',#2591,#2105,#2106);
#1710=AXIS2_PLACEMENT_3D('',#2593,#2107,#2108);
#1711=AXIS2_PLACEMENT_3D('',#2597,#2110,#2111);
#1712=AXIS2_PLACEMENT_3D('',#2599,#2112,#2113);
#1713=AXIS2_PLACEMENT_3D('',#2603,#2115,#2116);
#1714=AXIS2_PLACEMENT_3D('',#2607,#2118,#2119);
#1715=AXIS2_PLACEMENT_3D('',#2610,#2121,#2122);
#1716=AXIS2_PLACEMENT_3D('',#2613,#2124,#2125);
#1717=AXIS2_PLACEMENT_3D('',#2615,#2126,#2127);
#1718=AXIS2_PLACEMENT_3D('',#2617,#2128,#2129);
#1719=AXIS2_PLACEMENT_3D('',#2619,#2130,#2131);
#1720=AXIS2_PLACEMENT_3D('',#2621,#2132,#2133);
#1721=AXIS2_PLACEMENT_3D('',#2624,#2134,#2135);
#1722=AXIS2_PLACEMENT_3D('',#2627,#2137,#2138);
#1723=AXIS2_PLACEMENT_3D('',#2631,#2140,#2141);
#1724=AXIS2_PLACEMENT_3D('',#2634,#2143,#2144);
#1725=AXIS2_PLACEMENT_3D('',#2637,#2147,#2148);
#1726=AXIS2_PLACEMENT_3D('',#2639,#2150,#2151);
#1727=AXIS2_PLACEMENT_3D('',#2641,#2153,#2154);
#1728=AXIS2_PLACEMENT_3D('',#2643,#2156,#2157);
#1729=AXIS2_PLACEMENT_3D('',#2645,#2159,#2160);
#1730=AXIS2_PLACEMENT_3D('',#2647,#2162,#2163);
#1731=AXIS2_PLACEMENT_3D('',#2648,#2164,#2165);
#1732=AXIS2_PLACEMENT_3D('',#2651,#2168,#2169);
#1733=AXIS2_PLACEMENT_3D('',#2653,#2171,#2172);
#1734=AXIS2_PLACEMENT_3D('',#2655,#2174,#2175);
#1735=AXIS2_PLACEMENT_3D('',#2657,#2177,#2178);
#1736=AXIS2_PLACEMENT_3D('',#2659,#2180,#2181);
#1737=AXIS2_PLACEMENT_3D('',#2661,#2183,#2184);
#1738=AXIS2_PLACEMENT_3D('',#2664,#2187,#2188);
#1739=AXIS2_PLACEMENT_3D('',#2666,#2190,#2191);
#1740=AXIS2_PLACEMENT_3D('',#2668,#2193,#2194);
#1741=AXIS2_PLACEMENT_3D('',#2670,#2196,#2197);
#1742=AXIS2_PLACEMENT_3D('',#2672,#2199,#2200);
#1743=AXIS2_PLACEMENT_3D('',#2673,#2201,#2202);
#1744=AXIS2_PLACEMENT_3D('',#2674,#2203,#2204);
#1745=AXIS2_PLACEMENT_3D('',#2675,#2205,#2206);
#1746=AXIS2_PLACEMENT_3D('',#2677,#2208,#2209);
#1747=AXIS2_PLACEMENT_3D('',#2679,#2211,#2212);
#1748=AXIS2_PLACEMENT_3D('',#2681,#2214,#2215);
#1749=AXIS2_PLACEMENT_3D('',#2683,#2217,#2218);
#1750=AXIS2_PLACEMENT_3D('',#2685,#2220,#2221);
#1751=AXIS2_PLACEMENT_3D('',#2687,#2223,#2224);
#1752=AXIS2_PLACEMENT_3D('',#2688,#2225,#2226);
#1753=AXIS2_PLACEMENT_3D('',#2689,#2227,#2228);
#1754=AXIS2_PLACEMENT_3D('',#2690,#2229,#2230);
#1755=AXIS2_PLACEMENT_3D('',#2691,#2231,#2232);
#1756=AXIS2_PLACEMENT_3D('',#2693,#2234,#2235);
#1757=AXIS2_PLACEMENT_3D('',#2695,#2237,#2238);
#1758=DIRECTION('axis',(0.,0.,1.));
#1759=DIRECTION('refdir',(1.,0.,0.));
#1760=DIRECTION('center_axis',(0.,0.,-1.));
#1761=DIRECTION('ref_axis',(-1.,0.,0.));
#1762=DIRECTION('center_axis',(0.,0.,-1.));
#1763=DIRECTION('ref_axis',(-1.,0.,0.));
#1764=DIRECTION('center_axis',(0.,0.,-1.));
#1765=DIRECTION('ref_axis',(-1.,0.,0.));
#1766=DIRECTION('center_axis',(0.,-1.,0.));
#1767=DIRECTION('ref_axis',(1.,0.,0.));
#1768=DIRECTION('center_axis',(0.,0.,1.));
#1769=DIRECTION('ref_axis',(-1.,0.,0.));
#1770=DIRECTION('center_axis',(0.,0.,1.));
#1771=DIRECTION('ref_axis',(-1.,0.,0.));
#1772=DIRECTION('center_axis',(0.,0.,1.));
#1773=DIRECTION('ref_axis',(1.,0.,0.));
#1774=DIRECTION('center_axis',(0.,0.,-1.));
#1775=DIRECTION('ref_axis',(0.996194698091746,0.0871557427476512,0.));
#1776=DIRECTION('',(-0.766044443118974,0.642787609686544,0.));
#1777=DIRECTION('center_axis',(0.,0.,1.));
#1778=DIRECTION('ref_axis',(-0.906307787036651,-0.422618261740697,0.));
#1779=DIRECTION('',(0.,1.,0.));
#1780=DIRECTION('center_axis',(0.,0.,1.));
#1781=DIRECTION('ref_axis',(1.,0.,0.));
#1782=DIRECTION('center_axis',(0.,0.,-1.));
#1783=DIRECTION('ref_axis',(0.707106781186549,-0.707106781186546,0.));
#1784=DIRECTION('',(0.,1.,0.));
#1785=DIRECTION('center_axis',(0.,0.,-1.));
#1786=DIRECTION('ref_axis',(0.707106781186546,0.707106781186549,0.));
#1787=DIRECTION('',(-1.,1.92524223923437E-16,0.));
#1788=DIRECTION('center_axis',(0.,0.,1.));
#1789=DIRECTION('ref_axis',(-1.,0.,0.));
#1790=DIRECTION('center_axis',(0.,0.,1.));
#1791=DIRECTION('ref_axis',(-1.,0.,0.));
#1792=DIRECTION('',(-1.,1.92524223923437E-16,0.));
#1793=DIRECTION('',(-1.,1.92524223923437E-16,0.));
#1794=DIRECTION('center_axis',(0.,0.,-1.));
#1795=DIRECTION('ref_axis',(-0.707106781186546,0.707106781186549,0.));
#1796=DIRECTION('',(3.083952846181E-16,-1.,0.));
#1797=DIRECTION('center_axis',(0.,0.,-1.));
#1798=DIRECTION('ref_axis',(-0.907842942224876,-0.419310376991174,0.));
#1799=DIRECTION('center_axis',(0.,0.,1.));
#1800=DIRECTION('ref_axis',(0.296715230990082,0.954966005519831,0.));
#1801=DIRECTION('',(2.12482875526346E-16,-1.,0.));
#1802=DIRECTION('center_axis',(0.,0.,1.));
#1803=DIRECTION('ref_axis',(0.29671523099007,-0.954966005519835,0.));
#1804=DIRECTION('center_axis',(0.,0.,-1.));
#1805=DIRECTION('ref_axis',(-0.907842942224874,0.419310376991177,0.));
#1806=DIRECTION('',(0.,-1.,0.));
#1807=DIRECTION('center_axis',(0.,0.,-1.));
#1808=DIRECTION('ref_axis',(-0.707106781186548,-0.707106781186548,0.));
#1809=DIRECTION('',(1.,-1.28349482615625E-16,0.));
#1810=DIRECTION('center_axis',(0.,0.,1.));
#1811=DIRECTION('ref_axis',(-1.,0.,0.));
#1812=DIRECTION('center_axis',(0.,0.,1.));
#1813=DIRECTION('ref_axis',(-1.,0.,0.));
#1814=DIRECTION('',(1.,-1.28349482615625E-16,0.));
#1815=DIRECTION('center_axis',(0.,0.,1.));
#1816=DIRECTION('ref_axis',(-1.,0.,0.));
#1817=DIRECTION('center_axis',(0.,0.,1.));
#1818=DIRECTION('ref_axis',(-1.,0.,0.));
#1819=DIRECTION('',(1.,-1.28349482615625E-16,0.));
#1820=DIRECTION('center_axis',(0.,0.,-1.));
#1821=DIRECTION('ref_axis',(0.707106781186549,-0.707106781186546,0.));
#1822=DIRECTION('',(0.,1.,0.));
#1823=DIRECTION('center_axis',(0.,0.,-1.));
#1824=DIRECTION('ref_axis',(0.707106781186546,0.707106781186549,0.));
#1825=DIRECTION('center_axis',(0.,0.,1.));
#1826=DIRECTION('ref_axis',(1.,0.,0.));
#1827=DIRECTION('',(0.,1.,0.));
#1828=DIRECTION('center_axis',(0.,0.,1.));
#1829=DIRECTION('ref_axis',(-0.939692620785907,0.342020143325673,0.));
#1830=DIRECTION('',(0.642787609686547,0.766044443118971,0.));
#1831=DIRECTION('',(-0.766044443118978,0.642787609686539,0.));
#1832=DIRECTION('',(0.,1.,0.));
#1833=DIRECTION('',(0.766044443118977,-0.64278760968654,0.));
#1834=DIRECTION('',(0.642787609686545,0.766044443118973,0.));
#1835=DIRECTION('',(1.,-3.85048447846875E-16,0.));
#1836=DIRECTION('center_axis',(0.,0.,1.));
#1837=DIRECTION('ref_axis',(0.707106781186556,0.707106781186539,0.));
#1838=DIRECTION('',(0.,-1.,0.));
#1839=DIRECTION('center_axis',(0.,0.,1.));
#1840=DIRECTION('ref_axis',(0.422618261740705,-0.906307787036647,0.));
#1841=DIRECTION('',(-0.766044443118974,0.642787609686544,0.));
#1842=DIRECTION('center_axis',(0.,0.,1.));
#1843=DIRECTION('ref_axis',(-0.939692620785906,0.342020143325675,0.));
#1844=DIRECTION('',(0.766044443118977,-0.642787609686541,0.));
#1845=DIRECTION('center_axis',(0.,0.,1.));
#1846=DIRECTION('ref_axis',(0.90630778703665,0.4226182617407,0.));
#1847=DIRECTION('',(0.,-1.,0.));
#1848=DIRECTION('',(-1.,0.,0.));
#1849=DIRECTION('center_axis',(0.,0.,1.));
#1850=DIRECTION('ref_axis',(-0.707106781186548,-0.707106781186548,0.));
#1851=DIRECTION('',(-4.24965751052691E-16,1.,0.));
#1852=DIRECTION('center_axis',(0.,0.,1.));
#1853=DIRECTION('ref_axis',(-1.,0.,0.));
#1854=DIRECTION('center_axis',(0.,0.,-1.));
#1855=DIRECTION('ref_axis',(-1.,0.,0.));
#1856=DIRECTION('',(0.,1.,0.));
#1857=DIRECTION('center_axis',(0.,0.,1.));
#1858=DIRECTION('ref_axis',(-0.707106781186547,0.707106781186548,0.));
#1859=DIRECTION('',(1.,-3.85048447846875E-16,0.));
#1860=DIRECTION('center_axis',(0.,0.,1.));
#1861=DIRECTION('ref_axis',(0.707106781186548,0.707106781186548,0.));
#1862=DIRECTION('',(3.18724313289519E-16,-1.,0.));
#1863=DIRECTION('center_axis',(0.,0.,1.));
#1864=DIRECTION('ref_axis',(0.707106781186548,-0.707106781186548,0.));
#1865=DIRECTION('',(-1.,0.,0.));
#1866=DIRECTION('center_axis',(0.,0.,1.));
#1867=DIRECTION('ref_axis',(-0.707106781186548,-0.707106781186547,0.));
#1868=DIRECTION('center_axis',(0.,0.,-1.));
#1869=DIRECTION('ref_axis',(-1.,0.,0.));
#1870=DIRECTION('',(0.766044443118977,-0.64278760968654,0.));
#1871=DIRECTION('center_axis',(0.,0.,1.));
#1872=DIRECTION('ref_axis',(0.90630778703665,0.422618261740699,0.));
#1873=DIRECTION('',(0.,-1.,0.));
#1874=DIRECTION('center_axis',(0.,0.,1.));
#1875=DIRECTION('ref_axis',(0.422618261764055,-0.906307787025759,0.));
#1876=DIRECTION('',(-0.766044443152116,0.642787609647047,0.));
#1877=DIRECTION('center_axis',(0.,0.,1.));
#1878=DIRECTION('ref_axis',(-0.939692620794719,0.342020143301463,0.));
#1879=DIRECTION('',(1.,-3.85048447846875E-16,0.));
#1880=DIRECTION('center_axis',(0.,0.,1.));
#1881=DIRECTION('ref_axis',(0.342020143325669,0.939692620785908,0.));
#1882=DIRECTION('center_axis',(0.,0.,1.));
#1883=DIRECTION('ref_axis',(1.,0.,0.));
#1884=DIRECTION('center_axis',(0.,0.,1.));
#1885=DIRECTION('ref_axis',(1.,0.,0.));
#1886=DIRECTION('',(0.,0.,-1.));
#1887=DIRECTION('center_axis',(0.,0.,-1.));
#1888=DIRECTION('ref_axis',(-1.,0.,0.));
#1889=DIRECTION('center_axis',(0.,0.,-1.));
#1890=DIRECTION('ref_axis',(-1.,0.,0.));
#1891=DIRECTION('center_axis',(0.,0.,-1.));
#1892=DIRECTION('ref_axis',(-1.,0.,0.));
#1893=DIRECTION('center_axis',(0.,-1.,0.));
#1894=DIRECTION('ref_axis',(1.,0.,0.));
#1895=DIRECTION('center_axis',(0.,0.,1.));
#1896=DIRECTION('ref_axis',(1.,0.,0.));
#1897=DIRECTION('center_axis',(0.,0.,1.));
#1898=DIRECTION('ref_axis',(1.,0.,0.));
#1899=DIRECTION('',(0.,0.,-1.));
#1900=DIRECTION('center_axis',(0.,0.,-1.));
#1901=DIRECTION('ref_axis',(-1.,0.,0.));
#1902=DIRECTION('center_axis',(0.,0.,-1.));
#1903=DIRECTION('ref_axis',(-1.,0.,0.));
#1904=DIRECTION('center_axis',(0.,0.,-1.));
#1905=DIRECTION('ref_axis',(-1.,0.,0.));
#1906=DIRECTION('center_axis',(0.,-1.,0.));
#1907=DIRECTION('ref_axis',(1.,0.,0.));
#1908=DIRECTION('center_axis',(0.,0.,1.));
#1909=DIRECTION('ref_axis',(1.,0.,0.));
#1910=DIRECTION('center_axis',(0.,0.,1.));
#1911=DIRECTION('ref_axis',(1.,0.,0.));
#1912=DIRECTION('',(0.,0.,-1.));
#1913=DIRECTION('center_axis',(0.,0.,-1.));
#1914=DIRECTION('ref_axis',(-1.,0.,0.));
#1915=DIRECTION('center_axis',(0.,0.,-1.));
#1916=DIRECTION('ref_axis',(-1.,0.,0.));
#1917=DIRECTION('center_axis',(0.,0.,-1.));
#1918=DIRECTION('ref_axis',(-1.,0.,0.));
#1919=DIRECTION('center_axis',(0.,-1.,0.));
#1920=DIRECTION('ref_axis',(1.,0.,0.));
#1921=DIRECTION('center_axis',(0.,0.,1.));
#1922=DIRECTION('ref_axis',(1.,0.,0.));
#1923=DIRECTION('center_axis',(0.,0.,1.));
#1924=DIRECTION('ref_axis',(1.,0.,0.));
#1925=DIRECTION('',(0.,0.,-1.));
#1926=DIRECTION('center_axis',(0.,0.,1.));
#1927=DIRECTION('ref_axis',(1.,0.,0.));
#1928=DIRECTION('center_axis',(0.,0.,-1.));
#1929=DIRECTION('ref_axis',(-1.,0.,0.));
#1930=DIRECTION('center_axis',(0.,0.,1.));
#1931=DIRECTION('ref_axis',(1.,0.,0.));
#1932=DIRECTION('center_axis',(0.,0.,-1.));
#1933=DIRECTION('ref_axis',(-1.,0.,0.));
#1934=DIRECTION('center_axis',(0.,0.,1.));
#1935=DIRECTION('ref_axis',(1.,0.,0.));
#1936=DIRECTION('center_axis',(0.,0.,-1.));
#1937=DIRECTION('ref_axis',(-1.,0.,0.));
#1938=DIRECTION('center_axis',(0.,0.,1.));
#1939=DIRECTION('ref_axis',(1.,0.,0.));
#1940=DIRECTION('center_axis',(0.,0.,-1.));
#1941=DIRECTION('ref_axis',(-1.,0.,0.));
#1942=DIRECTION('center_axis',(0.,0.,1.));
#1943=DIRECTION('ref_axis',(0.422618261764055,-0.906307787025759,0.));
#1944=DIRECTION('center_axis',(0.,0.,-1.));
#1945=DIRECTION('ref_axis',(0.422618261764055,-0.906307787025759,0.));
#1946=DIRECTION('',(0.,0.,1.));
#1947=DIRECTION('',(0.,0.,-1.));
#1948=DIRECTION('center_axis',(0.642787609647047,0.766044443152116,0.));
#1949=DIRECTION('ref_axis',(-0.766044443152116,0.642787609647047,0.));
#1950=DIRECTION('',(-0.766044443152116,0.642787609647047,0.));
#1951=DIRECTION('',(0.,0.,-1.));
#1952=DIRECTION('center_axis',(0.,0.,1.));
#1953=DIRECTION('ref_axis',(0.90630778703665,0.422618261740699,0.));
#1954=DIRECTION('center_axis',(0.,0.,-1.));
#1955=DIRECTION('ref_axis',(0.90630778703665,0.422618261740699,0.));
#1956=DIRECTION('',(0.,0.,1.));
#1957=DIRECTION('',(0.,0.,-1.));
#1958=DIRECTION('center_axis',(-1.,0.,0.));
#1959=DIRECTION('ref_axis',(0.,-1.,0.));
#1960=DIRECTION('',(0.,-1.,0.));
#1961=DIRECTION('center_axis',(0.,0.,1.));
#1962=DIRECTION('ref_axis',(-0.939692620794719,0.342020143301463,0.));
#1963=DIRECTION('center_axis',(0.,0.,-1.));
#1964=DIRECTION('ref_axis',(-0.939692620794719,0.342020143301463,0.));
#1965=DIRECTION('',(0.,0.,1.));
#1966=DIRECTION('center_axis',(-3.85048447846875E-16,-1.,0.));
#1967=DIRECTION('ref_axis',(1.,-3.85048447846875E-16,0.));
#1968=DIRECTION('',(1.,-3.85048447846875E-16,0.));
#1969=DIRECTION('',(0.,0.,-1.));
#1970=DIRECTION('center_axis',(0.,0.,1.));
#1971=DIRECTION('ref_axis',(0.342020143325669,0.939692620785908,0.));
#1972=DIRECTION('center_axis',(0.,0.,-1.));
#1973=DIRECTION('ref_axis',(0.342020143325669,0.939692620785908,0.));
#1974=DIRECTION('',(0.,0.,1.));
#1975=DIRECTION('center_axis',(-0.64278760968654,-0.766044443118977,0.));
#1976=DIRECTION('ref_axis',(0.766044443118977,-0.64278760968654,0.));
#1977=DIRECTION('',(0.766044443118977,-0.64278760968654,0.));
#1978=DIRECTION('center_axis',(0.,0.,1.));
#1979=DIRECTION('ref_axis',(0.422618261740705,-0.906307787036647,0.));
#1980=DIRECTION('center_axis',(0.,0.,-1.));
#1981=DIRECTION('ref_axis',(0.422618261740705,-0.906307787036647,0.));
#1982=DIRECTION('',(0.,0.,1.));
#1983=DIRECTION('',(0.,0.,-1.));
#1984=DIRECTION('center_axis',(0.642787609686544,0.766044443118974,0.));
#1985=DIRECTION('ref_axis',(-0.766044443118974,0.642787609686544,0.));
#1986=DIRECTION('',(-0.766044443118974,0.642787609686544,0.));
#1987=DIRECTION('',(0.,0.,-1.));
#1988=DIRECTION('center_axis',(0.,0.,1.));
#1989=DIRECTION('ref_axis',(-0.939692620785906,0.342020143325675,0.));
#1990=DIRECTION('center_axis',(0.,0.,-1.));
#1991=DIRECTION('ref_axis',(-0.939692620785906,0.342020143325675,0.));
#1992=DIRECTION('',(0.,0.,1.));
#1993=DIRECTION('center_axis',(-3.85048447846875E-16,-1.,0.));
#1994=DIRECTION('ref_axis',(1.,-3.85048447846875E-16,0.));
#1995=DIRECTION('',(1.,-3.85048447846875E-16,0.));
#1996=DIRECTION('',(0.,0.,-1.));
#1997=DIRECTION('center_axis',(0.,0.,1.));
#1998=DIRECTION('ref_axis',(0.707106781186556,0.707106781186539,0.));
#1999=DIRECTION('center_axis',(0.,0.,-1.));
#2000=DIRECTION('ref_axis',(0.707106781186556,0.707106781186539,0.));
#2001=DIRECTION('',(0.,0.,1.));
#2002=DIRECTION('center_axis',(-1.,0.,0.));
#2003=DIRECTION('ref_axis',(0.,-1.,0.));
#2004=DIRECTION('',(0.,-1.,0.));
#2005=DIRECTION('center_axis',(0.,0.,1.));
#2006=DIRECTION('ref_axis',(0.90630778703665,0.4226182617407,0.));
#2007=DIRECTION('center_axis',(0.,0.,-1.));
#2008=DIRECTION('ref_axis',(0.90630778703665,0.4226182617407,0.));
#2009=DIRECTION('',(0.,0.,1.));
#2010=DIRECTION('',(0.,0.,-1.));
#2011=DIRECTION('center_axis',(-1.,0.,0.));
#2012=DIRECTION('ref_axis',(0.,-1.,0.));
#2013=DIRECTION('',(0.,-1.,0.));
#2014=DIRECTION('',(0.,0.,1.));
#2015=DIRECTION('center_axis',(0.,0.,-1.));
#2016=DIRECTION('ref_axis',(-1.,0.,0.));
#2017=DIRECTION('center_axis',(0.,0.,-1.));
#2018=DIRECTION('ref_axis',(-1.,0.,0.));
#2019=DIRECTION('',(0.,0.,1.));
#2020=DIRECTION('',(0.,0.,-1.));
#2021=DIRECTION('center_axis',(1.,4.24965751052691E-16,0.));
#2022=DIRECTION('ref_axis',(-4.24965751052691E-16,1.,0.));
#2023=DIRECTION('',(0.,0.,1.));
#2024=DIRECTION('',(-4.24965751052691E-16,1.,0.));
#2025=DIRECTION('center_axis',(0.,0.,1.));
#2026=DIRECTION('ref_axis',(0.707106781186548,0.707106781186548,0.));
#2027=DIRECTION('center_axis',(0.,0.,-1.));
#2028=DIRECTION('ref_axis',(0.707106781186548,0.707106781186548,0.));
#2029=DIRECTION('',(0.,0.,1.));
#2030=DIRECTION('',(0.,0.,-1.));
#2031=DIRECTION('center_axis',(-1.,-3.18724313289519E-16,0.));
#2032=DIRECTION('ref_axis',(3.18724313289519E-16,-1.,0.));
#2033=DIRECTION('',(3.18724313289519E-16,-1.,0.));
#2034=DIRECTION('',(0.,0.,-1.));
#2035=DIRECTION('center_axis',(0.,0.,1.));
#2036=DIRECTION('ref_axis',(-0.707106781186548,-0.707106781186548,0.));
#2037=DIRECTION('center_axis',(0.,0.,-1.));
#2038=DIRECTION('ref_axis',(-0.707106781186548,-0.707106781186548,0.));
#2039=DIRECTION('',(0.,0.,-1.));
#2040=DIRECTION('center_axis',(0.,0.,-1.));
#2041=DIRECTION('ref_axis',(1.,0.,0.));
#2042=DIRECTION('center_axis',(0.,0.,-1.));
#2043=DIRECTION('ref_axis',(1.,0.,0.));
#2044=DIRECTION('',(0.,0.,1.));
#2045=DIRECTION('',(0.,0.,-1.));
#2046=DIRECTION('center_axis',(1.,0.,0.));
#2047=DIRECTION('ref_axis',(0.,1.,0.));
#2048=DIRECTION('',(0.,0.,1.));
#2049=DIRECTION('',(0.,1.,0.));
#2050=DIRECTION('center_axis',(0.,0.,1.));
#2051=DIRECTION('ref_axis',(1.,0.,0.));
#2052=DIRECTION('',(0.,0.,-1.));
#2053=DIRECTION('center_axis',(0.,0.,-1.));
#2054=DIRECTION('ref_axis',(1.,0.,0.));
#2055=DIRECTION('',(0.,0.,1.));
#2056=DIRECTION('center_axis',(1.,0.,0.));
#2057=DIRECTION('ref_axis',(0.,1.,0.));
#2058=DIRECTION('',(0.,1.,0.));
#2059=DIRECTION('',(0.,0.,-1.));
#2060=DIRECTION('center_axis',(0.,0.,1.));
#2061=DIRECTION('ref_axis',(0.996194698091746,0.0871557427476512,0.));
#2062=DIRECTION('',(0.,0.,-1.));
#2063=DIRECTION('center_axis',(0.,0.,1.));
#2064=DIRECTION('ref_axis',(0.996194698091746,0.0871557427476512,0.));
#2065=DIRECTION('',(0.,0.,1.));
#2066=DIRECTION('center_axis',(0.766044443118973,-0.642787609686546,0.));
#2067=DIRECTION('ref_axis',(0.642787609686545,0.766044443118973,0.));
#2068=DIRECTION('',(0.,0.,1.));
#2069=DIRECTION('',(0.642787609686545,0.766044443118973,0.));
#2070=DIRECTION('center_axis',(0.,0.,1.));
#2071=DIRECTION('ref_axis',(-0.939692620785907,0.342020143325673,0.));
#2072=DIRECTION('center_axis',(0.,0.,-1.));
#2073=DIRECTION('ref_axis',(-0.939692620785907,0.342020143325673,0.));
#2074=DIRECTION('',(0.,0.,1.));
#2075=DIRECTION('center_axis',(0.766044443118972,-0.642787609686547,0.));
#2076=DIRECTION('ref_axis',(0.642787609686547,0.766044443118971,0.));
#2077=DIRECTION('',(0.642787609686547,0.766044443118971,0.));
#2078=DIRECTION('',(0.,0.,1.));
#2079=DIRECTION('center_axis',(0.,0.,1.));
#2080=DIRECTION('ref_axis',(-0.906307787036651,-0.422618261740697,0.));
#2081=DIRECTION('center_axis',(0.,0.,-1.));
#2082=DIRECTION('ref_axis',(-0.906307787036651,-0.422618261740697,0.));
#2083=DIRECTION('',(0.,0.,-1.));
#2084=DIRECTION('center_axis',(0.,0.,1.));
#2085=DIRECTION('ref_axis',(-0.907842942224874,0.419310376991177,0.));
#2086=DIRECTION('',(0.,0.,-1.));
#2087=DIRECTION('center_axis',(0.,0.,1.));
#2088=DIRECTION('ref_axis',(-0.907842942224874,0.419310376991177,0.));
#2089=DIRECTION('',(0.,0.,1.));
#2090=DIRECTION('center_axis',(-1.,0.,0.));
#2091=DIRECTION('ref_axis',(0.,-1.,0.));
#2092=DIRECTION('',(0.,-1.,0.));
#2093=DIRECTION('',(0.,0.,-1.));
#2094=DIRECTION('center_axis',(0.,0.,1.));
#2095=DIRECTION('ref_axis',(1.,0.,0.));
#2096=DIRECTION('',(0.766044443118977,-0.64278760968654,0.));
#2097=DIRECTION('',(0.,1.,0.));
#2098=DIRECTION('',(-0.766044443118978,0.642787609686539,0.));
#2099=DIRECTION('center_axis',(0.,0.,1.));
#2100=DIRECTION('ref_axis',(0.707106781186546,0.707106781186549,0.));
#2101=DIRECTION('',(0.,1.,0.));
#2102=DIRECTION('center_axis',(0.,0.,1.));
#2103=DIRECTION('ref_axis',(0.707106781186549,-0.707106781186546,0.));
#2104=DIRECTION('',(1.,-1.28349482615625E-16,0.));
#2105=DIRECTION('center_axis',(0.,0.,1.));
#2106=DIRECTION('ref_axis',(-0.707106781186548,-0.707106781186548,0.));
#2107=DIRECTION('center_axis',(0.,0.,-1.));
#2108=DIRECTION('ref_axis',(0.29671523099007,-0.954966005519835,0.));
#2109=DIRECTION('',(2.12482875526346E-16,-1.,0.));
#2110=DIRECTION('center_axis',(0.,0.,-1.));
#2111=DIRECTION('ref_axis',(0.296715230990082,0.954966005519831,0.));
#2112=DIRECTION('center_axis',(0.,0.,1.));
#2113=DIRECTION('ref_axis',(-0.907842942224876,-0.419310376991174,0.));
#2114=DIRECTION('',(3.083952846181E-16,-1.,0.));
#2115=DIRECTION('center_axis',(0.,0.,1.));
#2116=DIRECTION('ref_axis',(-0.707106781186546,0.707106781186549,0.));
#2117=DIRECTION('',(-1.,1.92524223923437E-16,0.));
#2118=DIRECTION('center_axis',(0.,0.,1.));
#2119=DIRECTION('ref_axis',(0.707106781186546,0.707106781186549,0.));
#2120=DIRECTION('',(0.,1.,0.));
#2121=DIRECTION('center_axis',(0.,0.,1.));
#2122=DIRECTION('ref_axis',(0.707106781186549,-0.707106781186546,0.));
#2123=DIRECTION('',(-0.766044443118974,0.642787609686544,0.));
#2124=DIRECTION('center_axis',(0.,0.,-1.));
#2125=DIRECTION('ref_axis',(-1.,0.,0.));
#2126=DIRECTION('center_axis',(0.,0.,-1.));
#2127=DIRECTION('ref_axis',(-1.,0.,0.));
#2128=DIRECTION('center_axis',(0.,0.,-1.));
#2129=DIRECTION('ref_axis',(-1.,0.,0.));
#2130=DIRECTION('center_axis',(0.,0.,-1.));
#2131=DIRECTION('ref_axis',(-1.,0.,0.));
#2132=DIRECTION('center_axis',(0.,0.,-1.));
#2133=DIRECTION('ref_axis',(-1.,0.,0.));
#2134=DIRECTION('center_axis',(0.,0.,-1.));
#2135=DIRECTION('ref_axis',(-0.707106781186548,-0.707106781186547,0.));
#2136=DIRECTION('',(-1.,0.,0.));
#2137=DIRECTION('center_axis',(0.,0.,-1.));
#2138=DIRECTION('ref_axis',(0.707106781186548,-0.707106781186548,0.));
#2139=DIRECTION('',(1.,-3.85048447846875E-16,0.));
#2140=DIRECTION('center_axis',(0.,0.,-1.));
#2141=DIRECTION('ref_axis',(-0.707106781186547,0.707106781186548,0.));
#2142=DIRECTION('',(0.,1.,0.));
#2143=DIRECTION('center_axis',(0.,0.,-1.));
#2144=DIRECTION('ref_axis',(-1.,0.,0.));
#2145=DIRECTION('',(-1.,0.,0.));
#2146=DIRECTION('',(0.766044443118977,-0.642787609686541,0.));
#2147=DIRECTION('center_axis',(0.,0.,1.));
#2148=DIRECTION('ref_axis',(0.707106781186548,-0.707106781186548,0.));
#2149=DIRECTION('',(0.,0.,1.));
#2150=DIRECTION('center_axis',(0.,1.,0.));
#2151=DIRECTION('ref_axis',(-1.,0.,0.));
#2152=DIRECTION('',(0.,0.,-1.));
#2153=DIRECTION('center_axis',(0.,0.,1.));
#2154=DIRECTION('ref_axis',(-0.707106781186548,-0.707106781186547,0.));
#2155=DIRECTION('',(0.,0.,1.));
#2156=DIRECTION('center_axis',(1.,0.,0.));
#2157=DIRECTION('ref_axis',(0.,1.,0.));
#2158=DIRECTION('',(0.,0.,-1.));
#2159=DIRECTION('center_axis',(0.,0.,1.));
#2160=DIRECTION('ref_axis',(-0.707106781186547,0.707106781186548,0.));
#2161=DIRECTION('',(0.,0.,1.));
#2162=DIRECTION('center_axis',(-3.85048447846875E-16,-1.,0.));
#2163=DIRECTION('ref_axis',(1.,-3.85048447846875E-16,0.));
#2164=DIRECTION('center_axis',(0.,0.,1.));
#2165=DIRECTION('ref_axis',(0.707106781186549,-0.707106781186546,0.));
#2166=DIRECTION('',(0.,0.,-1.));
#2167=DIRECTION('',(0.,0.,1.));
#2168=DIRECTION('center_axis',(-1.28349482615625E-16,-1.,0.));
#2169=DIRECTION('ref_axis',(1.,-1.28349482615625E-16,0.));
#2170=DIRECTION('',(0.,0.,1.));
#2171=DIRECTION('center_axis',(0.,0.,1.));
#2172=DIRECTION('ref_axis',(0.707106781186546,0.707106781186549,0.));
#2173=DIRECTION('',(0.,0.,-1.));
#2174=DIRECTION('center_axis',(0.,0.,1.));
#2175=DIRECTION('ref_axis',(0.707106781186549,-0.707106781186546,0.));
#2176=DIRECTION('',(0.,0.,1.));
#2177=DIRECTION('center_axis',(1.,0.,0.));
#2178=DIRECTION('ref_axis',(0.,1.,0.));
#2179=DIRECTION('',(0.,0.,-1.));
#2180=DIRECTION('center_axis',(0.,0.,1.));
#2181=DIRECTION('ref_axis',(0.707106781186546,0.707106781186549,0.));
#2182=DIRECTION('',(0.,0.,1.));
#2183=DIRECTION('center_axis',(0.,0.,1.));
#2184=DIRECTION('ref_axis',(-0.707106781186546,0.707106781186549,0.));
#2185=DIRECTION('',(0.,0.,-1.));
#2186=DIRECTION('',(0.,0.,1.));
#2187=DIRECTION('center_axis',(-1.,-3.083952846181E-16,0.));
#2188=DIRECTION('ref_axis',(3.083952846181E-16,-1.,0.));
#2189=DIRECTION('',(0.,0.,-1.));
#2190=DIRECTION('center_axis',(0.,0.,1.));
#2191=DIRECTION('ref_axis',(-0.907842942224876,-0.419310376991174,0.));
#2192=DIRECTION('',(0.,0.,1.));
#2193=DIRECTION('center_axis',(0.,0.,-1.));
#2194=DIRECTION('ref_axis',(0.296715230990082,0.954966005519831,0.));
#2195=DIRECTION('',(0.,0.,1.));
#2196=DIRECTION('center_axis',(0.,0.,1.));
#2197=DIRECTION('ref_axis',(0.29671523099007,-0.954966005519835,0.));
#2198=DIRECTION('',(0.,0.,-1.));
#2199=DIRECTION('center_axis',(0.,0.,1.));
#2200=DIRECTION('ref_axis',(-0.707106781186548,-0.707106781186548,0.));
#2201=DIRECTION('center_axis',(0.,1.,0.));
#2202=DIRECTION('ref_axis',(-1.,0.,0.));
#2203=DIRECTION('center_axis',(-0.642787609686541,-0.766044443118977,0.));
#2204=DIRECTION('ref_axis',(0.766044443118977,-0.642787609686541,0.));
#2205=DIRECTION('center_axis',(0.,0.,1.));
#2206=DIRECTION('ref_axis',(-1.,0.,0.));
#2207=DIRECTION('',(0.,0.,-1.));
#2208=DIRECTION('center_axis',(0.,0.,1.));
#2209=DIRECTION('ref_axis',(-1.,0.,0.));
#2210=DIRECTION('',(0.,0.,-1.));
#2211=DIRECTION('center_axis',(0.,0.,1.));
#2212=DIRECTION('ref_axis',(-1.,0.,0.));
#2213=DIRECTION('',(0.,0.,-1.));
#2214=DIRECTION('center_axis',(0.,0.,1.));
#2215=DIRECTION('ref_axis',(-1.,0.,0.));
#2216=DIRECTION('',(0.,0.,-1.));
#2217=DIRECTION('center_axis',(0.,0.,1.));
#2218=DIRECTION('ref_axis',(-1.,0.,0.));
#2219=DIRECTION('',(0.,0.,-1.));
#2220=DIRECTION('center_axis',(0.,0.,1.));
#2221=DIRECTION('ref_axis',(-1.,0.,0.));
#2222=DIRECTION('',(0.,0.,-1.));
#2223=DIRECTION('center_axis',(1.,0.,0.));
#2224=DIRECTION('ref_axis',(0.,1.,0.));
#2225=DIRECTION('center_axis',(-1.,-2.12482875526346E-16,0.));
#2226=DIRECTION('ref_axis',(2.12482875526346E-16,-1.,0.));
#2227=DIRECTION('center_axis',(1.92524223923437E-16,1.,0.));
#2228=DIRECTION('ref_axis',(-1.,1.92524223923437E-16,0.));
#2229=DIRECTION('center_axis',(0.642787609686544,0.766044443118974,0.));
#2230=DIRECTION('ref_axis',(-0.766044443118974,0.642787609686544,0.));
#2231=DIRECTION('center_axis',(-0.64278760968654,-0.766044443118977,0.));
#2232=DIRECTION('ref_axis',(0.766044443118977,-0.64278760968654,0.));
#2233=DIRECTION('',(0.,0.,1.));
#2234=DIRECTION('center_axis',(1.,0.,0.));
#2235=DIRECTION('ref_axis',(0.,1.,0.));
#2236=DIRECTION('',(0.,0.,1.));
#2237=DIRECTION('center_axis',(0.642787609686539,0.766044443118978,0.));
#2238=DIRECTION('ref_axis',(-0.766044443118978,0.642787609686539,0.));
#2239=CARTESIAN_POINT('',(0.,0.,0.));
#2240=CARTESIAN_POINT('Origin',(-9.21234729260194,25.4,5.));
#2241=CARTESIAN_POINT('',(-6.61234729260193,25.4,5.));
#2242=CARTESIAN_POINT('',(-11.8123472926019,25.4,5.));
#2243=CARTESIAN_POINT('Origin',(-9.21234729260194,25.4,5.));
#2244=CARTESIAN_POINT('Origin',(-9.21234729260194,25.4,5.));
#2245=CARTESIAN_POINT('',(-5.61234729260193,25.4,4.));
#2246=CARTESIAN_POINT('Origin',(-5.61234729260193,25.4,5.));
#2247=CARTESIAN_POINT('',(-9.21234729260194,29.,4.));
#2248=CARTESIAN_POINT('Origin',(-9.21234729260194,25.4,4.));
#2249=CARTESIAN_POINT('Origin',(-9.21234729260194,25.4,4.));
#2250=CARTESIAN_POINT('Origin',(53.0194358183561,-4.21805281642149,4.));
#2251=CARTESIAN_POINT('',(58.9541698570356,4.93254669489147,4.));
#2252=CARTESIAN_POINT('',(59.2006835239005,2.11488258928043,4.));
#2253=CARTESIAN_POINT('Origin',(57.6685946376625,3.40045780865352,4.));
#2254=CARTESIAN_POINT('',(52.502077488025,10.3464950220501,4.));
#2255=CARTESIAN_POINT('',(60.4862587432736,3.64697147551838,4.));
#2256=CARTESIAN_POINT('',(51.7876527073981,11.8785839082881,4.));
#2257=CARTESIAN_POINT('Origin',(53.7876527073981,11.8785839082881,4.));
#2258=CARTESIAN_POINT('',(51.7876527073981,20.0530012009609,4.));
#2259=CARTESIAN_POINT('',(51.7876527073981,-23.6,4.));
#2260=CARTESIAN_POINT('',(53.0876527073981,21.9265006004805,4.));
#2261=CARTESIAN_POINT('Origin',(53.7876527073981,20.0530012009609,4.));
#2262=CARTESIAN_POINT('',(54.3876527073981,23.8,4.));
#2263=CARTESIAN_POINT('Origin',(52.3876527073981,23.8,4.));
#2264=CARTESIAN_POINT('',(54.3876527073981,27.,4.));
#2265=CARTESIAN_POINT('',(54.3876527073981,21.8,4.));
#2266=CARTESIAN_POINT('',(52.3876527073981,29.,4.));
#2267=CARTESIAN_POINT('Origin',(52.3876527073981,27.,4.));
#2268=CARTESIAN_POINT('',(48.7876527073981,29.,4.));
#2269=CARTESIAN_POINT('',(54.3876527073981,29.,4.));
#2270=CARTESIAN_POINT('',(52.3876527073981,25.4,4.));
#2271=CARTESIAN_POINT('Origin',(48.7876527073981,25.4,4.));
#2272=CARTESIAN_POINT('Origin',(48.7876527073981,25.4,4.));
#2273=CARTESIAN_POINT('',(54.3876527073981,29.,4.));
#2274=CARTESIAN_POINT('',(-12.812347292602,29.,4.));
#2275=CARTESIAN_POINT('',(54.3876527073981,29.,4.));
#2276=CARTESIAN_POINT('',(-14.812347292602,27.,4.));
#2277=CARTESIAN_POINT('Origin',(-12.812347292602,27.,4.));
#2278=CARTESIAN_POINT('',(-14.812347292602,22.9354117197851,4.));
#2279=CARTESIAN_POINT('',(-14.812347292602,29.,4.));
#2280=CARTESIAN_POINT('',(-14.1090625235921,21.4127398543727,4.));
#2281=CARTESIAN_POINT('Origin',(-12.812347292602,22.9354117197851,4.));
#2282=CARTESIAN_POINT('',(-13.4057777545821,19.8900679889603,4.));
#2283=CARTESIAN_POINT('Origin',(-15.4057777545821,19.8900679889603,4.));
#2284=CARTESIAN_POINT('',(-13.4057777545821,-18.0900679889603,4.));
#2285=CARTESIAN_POINT('',(-13.4057777545821,21.8,4.));
#2286=CARTESIAN_POINT('',(-14.1090625235921,-19.6127398543727,4.));
#2287=CARTESIAN_POINT('Origin',(-15.4057777545821,-18.0900679889603,4.));
#2288=CARTESIAN_POINT('',(-14.812347292602,-21.1354117197851,4.));
#2289=CARTESIAN_POINT('Origin',(-12.812347292602,-21.1354117197851,4.));
#2290=CARTESIAN_POINT('',(-14.812347292602,-25.2,4.));
#2291=CARTESIAN_POINT('',(-14.812347292602,-20.,4.));
#2292=CARTESIAN_POINT('',(-12.812347292602,-27.2,4.));
#2293=CARTESIAN_POINT('Origin',(-12.812347292602,-25.2,4.));
#2294=CARTESIAN_POINT('',(-9.21234729260194,-27.2,4.));
#2295=CARTESIAN_POINT('',(-14.812347292602,-27.2,4.));
#2296=CARTESIAN_POINT('',(-5.61234729260194,-23.6,4.));
#2297=CARTESIAN_POINT('Origin',(-9.21234729260194,-23.6,4.));
#2298=CARTESIAN_POINT('Origin',(-9.21234729260194,-23.6,4.));
#2299=CARTESIAN_POINT('',(48.7876527073981,-27.2,4.));
#2300=CARTESIAN_POINT('',(-14.812347292602,-27.2,4.));
#2301=CARTESIAN_POINT('',(52.3876527073981,-23.6,4.));
#2302=CARTESIAN_POINT('Origin',(48.7876527073981,-23.6,4.));
#2303=CARTESIAN_POINT('Origin',(48.7876527073981,-23.6,4.));
#2304=CARTESIAN_POINT('',(52.3876527073981,-27.2,4.));
#2305=CARTESIAN_POINT('',(-14.812347292602,-27.2,4.));
#2306=CARTESIAN_POINT('',(54.3876527073981,-25.2,4.));
#2307=CARTESIAN_POINT('Origin',(52.3876527073981,-25.2,4.));
#2308=CARTESIAN_POINT('',(54.3876527073981,-22.,4.));
#2309=CARTESIAN_POINT('',(54.3876527073981,-27.2,4.));
#2310=CARTESIAN_POINT('',(53.0876527073981,-20.1265006004805,4.));
#2311=CARTESIAN_POINT('Origin',(52.3876527073981,-22.,4.));
#2312=CARTESIAN_POINT('',(51.7876527073981,-18.2530012009609,4.));
#2313=CARTESIAN_POINT('Origin',(53.7876527073981,-18.2530012009609,4.));
#2314=CARTESIAN_POINT('',(51.7876527073981,-7.44756398683033,4.));
#2315=CARTESIAN_POINT('',(51.7876527073981,-23.6,4.));
#2316=CARTESIAN_POINT('',(52.2555638211601,-6.16198876745723,4.));
#2317=CARTESIAN_POINT('Origin',(53.7876527073981,-7.44756398683033,4.));
#2318=CARTESIAN_POINT('',(56.8223693680604,-0.719481850259764,4.));
#2319=CARTESIAN_POINT('',(54.2512189293142,-3.78365962273566,4.));
#2320=CARTESIAN_POINT('',(51.7876527073981,3.50514704278412,4.));
#2321=CARTESIAN_POINT('',(56.8223693680604,-0.719481850259762,4.));
#2322=CARTESIAN_POINT('',(51.7876527073981,5.72433943464893,4.));
#2323=CARTESIAN_POINT('',(51.7876527073981,-23.6,4.));
#2324=CARTESIAN_POINT('',(57.9151083045274,0.58279370304251,4.));
#2325=CARTESIAN_POINT('',(31.1035527953632,23.0803600420715,4.));
#2326=CARTESIAN_POINT('',(57.9151083045274,0.58279370304251,4.));
#2327=CARTESIAN_POINT('',(40.9129298473487,21.8,4.));
#2328=CARTESIAN_POINT('',(45.0376527073981,21.8,4.));
#2329=CARTESIAN_POINT('',(-14.812347292602,21.8,4.));
#2330=CARTESIAN_POINT('',(45.7876527073981,21.05,4.));
#2331=CARTESIAN_POINT('Origin',(45.0376527073981,21.05,4.));
#2332=CARTESIAN_POINT('',(45.7876527073981,17.588946569424,4.));
#2333=CARTESIAN_POINT('',(45.7876527073981,25.4,4.));
#2334=CARTESIAN_POINT('',(44.5555620001332,17.0144132370848,4.));
#2335=CARTESIAN_POINT('Origin',(45.0376527073981,17.588946569424,4.));
#2336=CARTESIAN_POINT('',(40.4308391400838,20.4754666676608,4.));
#2337=CARTESIAN_POINT('',(60.4862587432736,3.64697147551838,4.));
#2338=CARTESIAN_POINT('Origin',(40.9129298473487,21.05,4.));
#2339=CARTESIAN_POINT('',(24.8797974647909,20.8618892952983,4.));
#2340=CARTESIAN_POINT('',(45.0732279267711,3.91758924244658,4.));
#2341=CARTESIAN_POINT('',(23.7618006622116,21.8,4.));
#2342=CARTESIAN_POINT('',(45.7876527073981,2.38550035620862,4.));
#2343=CARTESIAN_POINT('Origin',(43.7876527073981,2.38550035620862,4.));
#2344=CARTESIAN_POINT('',(45.7876527073981,-20.,4.));
#2345=CARTESIAN_POINT('',(45.7876527073981,25.4,4.));
#2346=CARTESIAN_POINT('',(23.5942222454179,-20.,4.));
#2347=CARTESIAN_POINT('',(54.3876527073981,-20.,4.));
#2348=CARTESIAN_POINT('',(21.5942222454179,-18.,4.));
#2349=CARTESIAN_POINT('Origin',(23.5942222454179,-18.,4.));
#2350=CARTESIAN_POINT('',(21.5942222454179,19.3298004090603,4.));
#2351=CARTESIAN_POINT('',(21.5942222454179,-20.,4.));
#2352=CARTESIAN_POINT('Origin',(23.5942222454179,19.3298004090603,4.));
#2353=CARTESIAN_POINT('',(50.3876527073981,7.13204213224762,4.));
#2354=CARTESIAN_POINT('Origin',(48.7876527073981,7.13204213224762,4.));
#2355=CARTESIAN_POINT('',(-7.40577775458214,-18.,4.));
#2356=CARTESIAN_POINT('',(-7.40577775458214,19.8,4.));
#2357=CARTESIAN_POINT('',(-7.40577775458214,-20.,4.));
#2358=CARTESIAN_POINT('',(-5.40577775458214,21.8,4.));
#2359=CARTESIAN_POINT('Origin',(-5.40577775458214,19.8,4.));
#2360=CARTESIAN_POINT('',(13.5942222454179,21.8,4.));
#2361=CARTESIAN_POINT('',(-14.812347292602,21.8,4.));
#2362=CARTESIAN_POINT('',(15.5942222454179,19.8,4.));
#2363=CARTESIAN_POINT('Origin',(13.5942222454179,19.8,4.));
#2364=CARTESIAN_POINT('',(15.5942222454179,-18.,4.));
#2365=CARTESIAN_POINT('',(15.5942222454179,21.8,4.));
#2366=CARTESIAN_POINT('',(13.5942222454179,-20.,4.));
#2367=CARTESIAN_POINT('Origin',(13.5942222454179,-18.,4.));
#2368=CARTESIAN_POINT('',(-5.40577775458214,-20.,4.));
#2369=CARTESIAN_POINT('',(54.3876527073981,-20.,4.));
#2370=CARTESIAN_POINT('Origin',(-5.40577775458214,-18.,4.));
#2371=CARTESIAN_POINT('',(28.3825593344498,25.4,4.));
#2372=CARTESIAN_POINT('Origin',(26.7825593344498,25.4,4.));
#2373=CARTESIAN_POINT('',(32.8385395068812,21.6245333323392,4.));
#2374=CARTESIAN_POINT('',(45.519743414663,10.9837398104356,4.));
#2375=CARTESIAN_POINT('',(31.1035527953632,23.0803600420715,4.));
#2376=CARTESIAN_POINT('',(45.7876527073981,10.4092064780964,4.));
#2377=CARTESIAN_POINT('Origin',(45.0376527073981,10.4092064780964,4.));
#2378=CARTESIAN_POINT('',(45.7876527073981,10.1481250215077,4.));
#2379=CARTESIAN_POINT('',(45.7876527073981,25.4,4.));
#2380=CARTESIAN_POINT('',(44.5555620001628,9.57359168914365,4.));
#2381=CARTESIAN_POINT('Origin',(45.0376527073981,10.1481250215077,4.));
#2382=CARTESIAN_POINT('',(31.5632133271714,20.4754666676359,4.));
#2383=CARTESIAN_POINT('',(30.0108138588961,21.7780844887692,4.));
#2384=CARTESIAN_POINT('',(32.0453040344067,21.8,4.));
#2385=CARTESIAN_POINT('Origin',(32.0453040344067,21.05,4.));
#2386=CARTESIAN_POINT('',(32.3564487996163,21.8,4.));
#2387=CARTESIAN_POINT('',(-14.812347292602,21.8,4.));
#2388=CARTESIAN_POINT('Origin',(32.3564487996163,21.05,4.));
#2389=CARTESIAN_POINT('Origin',(-9.21234729260194,25.4,4.));
#2390=CARTESIAN_POINT('',(-11.8123472926019,25.4,9.));
#2391=CARTESIAN_POINT('Origin',(-9.21234729260194,25.4,9.));
#2392=CARTESIAN_POINT('',(-11.8123472926019,25.4,4.));
#2393=CARTESIAN_POINT('Origin',(-9.21234729260194,-23.6,5.));
#2394=CARTESIAN_POINT('',(-6.61234729260194,-23.6,5.));
#2395=CARTESIAN_POINT('',(-11.8123472926019,-23.6,5.));
#2396=CARTESIAN_POINT('Origin',(-9.21234729260194,-23.6,5.));
#2397=CARTESIAN_POINT('Origin',(-9.21234729260194,-23.6,5.));
#2398=CARTESIAN_POINT('Origin',(-5.61234729260194,-23.6,5.));
#2399=CARTESIAN_POINT('Origin',(-9.21234729260194,-23.6,4.));
#2400=CARTESIAN_POINT('',(-11.8123472926019,-23.6,9.));
#2401=CARTESIAN_POINT('Origin',(-9.21234729260194,-23.6,9.));
#2402=CARTESIAN_POINT('',(-11.8123472926019,-23.6,4.));
#2403=CARTESIAN_POINT('Origin',(48.7876527073981,-23.6,5.));
#2404=CARTESIAN_POINT('',(51.3876527073981,-23.6,5.));
#2405=CARTESIAN_POINT('',(46.1876527073981,-23.6,5.));
#2406=CARTESIAN_POINT('Origin',(48.7876527073981,-23.6,5.));
#2407=CARTESIAN_POINT('Origin',(48.7876527073981,-23.6,5.));
#2408=CARTESIAN_POINT('Origin',(52.3876527073981,-23.6,5.));
#2409=CARTESIAN_POINT('Origin',(48.7876527073981,-23.6,4.));
#2410=CARTESIAN_POINT('',(46.1876527073981,-23.6,9.));
#2411=CARTESIAN_POINT('Origin',(48.7876527073981,-23.6,9.));
#2412=CARTESIAN_POINT('',(46.1876527073981,-23.6,4.));
#2413=CARTESIAN_POINT('Origin',(48.7876527073981,25.4,5.));
#2414=CARTESIAN_POINT('',(51.3876527073981,25.4,5.));
#2415=CARTESIAN_POINT('',(46.1876527073981,25.4,5.));
#2416=CARTESIAN_POINT('Origin',(48.7876527073981,25.4,5.));
#2417=CARTESIAN_POINT('Origin',(48.7876527073981,25.4,5.));
#2418=CARTESIAN_POINT('Origin',(52.3876527073981,25.4,5.));
#2419=CARTESIAN_POINT('Origin',(48.7876527073981,25.4,4.));
#2420=CARTESIAN_POINT('',(46.1876527073981,25.4,9.));
#2421=CARTESIAN_POINT('Origin',(48.7876527073981,25.4,9.));
#2422=CARTESIAN_POINT('',(46.1876527073981,25.4,4.));
#2423=CARTESIAN_POINT('Origin',(48.7876527073981,25.4,9.));
#2424=CARTESIAN_POINT('',(49.8876527073981,25.4,9.));
#2425=CARTESIAN_POINT('Origin',(48.7876527073981,25.4,9.));
#2426=CARTESIAN_POINT('Origin',(48.7876527073981,-23.6,9.));
#2427=CARTESIAN_POINT('',(49.8876527073981,-23.6,9.));
#2428=CARTESIAN_POINT('Origin',(48.7876527073981,-23.6,9.));
#2429=CARTESIAN_POINT('Origin',(-9.21234729260194,-23.6,9.));
#2430=CARTESIAN_POINT('',(-8.11234729260194,-23.6,9.));
#2431=CARTESIAN_POINT('Origin',(-9.21234729260194,-23.6,9.));
#2432=CARTESIAN_POINT('Origin',(-9.21234729260194,25.4,9.));
#2433=CARTESIAN_POINT('',(-8.11234729260194,25.4,9.));
#2434=CARTESIAN_POINT('Origin',(-9.21234729260194,25.4,9.));
#2435=CARTESIAN_POINT('Origin',(45.0376527073981,10.1481250215077,0.));
#2436=CARTESIAN_POINT('',(45.7876527073981,10.1481250215077,0.));
#2437=CARTESIAN_POINT('',(44.5555620001628,9.57359168914365,0.));
#2438=CARTESIAN_POINT('Origin',(45.0376527073981,10.1481250215077,0.));
#2439=CARTESIAN_POINT('',(44.5555620001628,9.57359168914366,0.));
#2440=CARTESIAN_POINT('',(45.7876527073981,10.1481250215077,0.));
#2441=CARTESIAN_POINT('Origin',(45.7876527080806,8.53974483066114,0.));
#2442=CARTESIAN_POINT('',(31.5632133271714,20.4754666676359,0.));
#2443=CARTESIAN_POINT('',(30.0108138588961,21.7780844887692,0.));
#2444=CARTESIAN_POINT('',(31.5632133271714,20.4754666676359,0.));
#2445=CARTESIAN_POINT('Origin',(45.0376527073981,10.4092064780964,0.));
#2446=CARTESIAN_POINT('',(45.519743414663,10.9837398104356,0.));
#2447=CARTESIAN_POINT('',(45.7876527073981,10.4092064780964,0.));
#2448=CARTESIAN_POINT('Origin',(45.0376527073981,10.4092064780964,0.));
#2449=CARTESIAN_POINT('',(45.7876527073981,10.4092064780964,0.));
#2450=CARTESIAN_POINT('',(45.519743414663,10.9837398104356,0.));
#2451=CARTESIAN_POINT('Origin',(45.7876527073981,10.7589372217126,0.));
#2452=CARTESIAN_POINT('',(45.7876527073981,25.4,0.));
#2453=CARTESIAN_POINT('Origin',(32.0453040344067,21.05,0.));
#2454=CARTESIAN_POINT('',(32.0453040344067,21.8,0.));
#2455=CARTESIAN_POINT('Origin',(32.0453040344067,21.05,0.));
#2456=CARTESIAN_POINT('',(32.0453040344067,21.8,0.));
#2457=CARTESIAN_POINT('Origin',(29.9846959696505,21.8,0.));
#2458=CARTESIAN_POINT('',(32.3564487996163,21.8,0.));
#2459=CARTESIAN_POINT('',(-14.812347292602,21.8,0.));
#2460=CARTESIAN_POINT('',(32.3564487996163,21.8,0.));
#2461=CARTESIAN_POINT('Origin',(32.3564487996163,21.05,0.));
#2462=CARTESIAN_POINT('',(32.8385395068812,21.6245333323392,0.));
#2463=CARTESIAN_POINT('Origin',(32.3564487996163,21.05,0.));
#2464=CARTESIAN_POINT('',(32.8385395068812,21.6245333323392,0.));
#2465=CARTESIAN_POINT('Origin',(32.6294264753159,21.8,0.));
#2466=CARTESIAN_POINT('',(31.1035527953632,23.0803600420715,0.));
#2467=CARTESIAN_POINT('Origin',(45.0376527073981,17.588946569424,0.));
#2468=CARTESIAN_POINT('',(45.7876527073981,17.588946569424,0.));
#2469=CARTESIAN_POINT('',(44.5555620001332,17.0144132370848,0.));
#2470=CARTESIAN_POINT('Origin',(45.0376527073981,17.588946569424,0.));
#2471=CARTESIAN_POINT('',(44.5555620001332,17.0144132370848,0.));
#2472=CARTESIAN_POINT('',(45.7876527073981,17.588946569424,0.));
#2473=CARTESIAN_POINT('Origin',(45.7876527073981,15.9805663790418,0.));
#2474=CARTESIAN_POINT('',(40.4308391400838,20.4754666676608,0.));
#2475=CARTESIAN_POINT('',(60.4862587432736,3.64697147551838,0.));
#2476=CARTESIAN_POINT('',(40.4308391400838,20.4754666676608,0.));
#2477=CARTESIAN_POINT('Origin',(40.9129298473487,21.05,0.));
#2478=CARTESIAN_POINT('',(40.9129298473487,21.8,0.));
#2479=CARTESIAN_POINT('Origin',(40.9129298473487,21.05,0.));
#2480=CARTESIAN_POINT('',(40.9129298473487,21.8,0.));
#2481=CARTESIAN_POINT('Origin',(38.8523217827577,21.8,0.));
#2482=CARTESIAN_POINT('',(45.0376527073981,21.8,0.));
#2483=CARTESIAN_POINT('',(-14.812347292602,21.8,0.));
#2484=CARTESIAN_POINT('',(45.0376527073981,21.8,0.));
#2485=CARTESIAN_POINT('Origin',(45.0376527073981,21.05,0.));
#2486=CARTESIAN_POINT('',(45.7876527073981,21.05,0.));
#2487=CARTESIAN_POINT('Origin',(45.0376527073981,21.05,0.));
#2488=CARTESIAN_POINT('',(45.7876527073981,21.05,0.));
#2489=CARTESIAN_POINT('Origin',(45.7876527073981,21.8,0.));
#2490=CARTESIAN_POINT('',(45.7876527073981,25.4,0.));
#2491=CARTESIAN_POINT('Origin',(43.7876527073981,2.38550035620862,0.));
#2492=CARTESIAN_POINT('',(45.0732279267711,3.91758924244658,0.));
#2493=CARTESIAN_POINT('',(45.7876527073981,2.38550035620862,0.));
#2494=CARTESIAN_POINT('Origin',(43.7876527073981,2.38550035620862,0.));
#2495=CARTESIAN_POINT('',(45.7876527073981,2.38550035620862,0.));
#2496=CARTESIAN_POINT('',(45.0732279267711,3.91758924244658,0.));
#2497=CARTESIAN_POINT('Origin',(45.7876527073981,3.31811567251867,0.));
#2498=CARTESIAN_POINT('',(45.7876527073981,-20.,0.));
#2499=CARTESIAN_POINT('',(45.7876527073981,25.4,0.));
#2500=CARTESIAN_POINT('',(45.7876527073981,-20.,0.));
#2501=CARTESIAN_POINT('Origin',(23.5942222454179,19.3298004090603,0.));
#2502=CARTESIAN_POINT('',(24.8797974647909,20.8618892952983,0.));
#2503=CARTESIAN_POINT('',(21.5942222454179,19.3298004090603,0.));
#2504=CARTESIAN_POINT('Origin',(23.5942222454179,19.3298004090603,0.));
#2505=CARTESIAN_POINT('',(24.8797974647909,20.8618892952983,0.));
#2506=CARTESIAN_POINT('',(21.5942222454179,19.3298004090603,0.));
#2507=CARTESIAN_POINT('Origin',(21.5942222454179,-20.,0.));
#2508=CARTESIAN_POINT('',(21.5942222454179,-18.,0.));
#2509=CARTESIAN_POINT('',(21.5942222454179,-18.,0.));
#2510=CARTESIAN_POINT('',(21.5942222454179,-20.,0.));
#2511=CARTESIAN_POINT('Origin',(13.5942222454179,19.8,0.));
#2512=CARTESIAN_POINT('',(13.5942222454179,21.8,0.));
#2513=CARTESIAN_POINT('',(15.5942222454179,19.8,0.));
#2514=CARTESIAN_POINT('Origin',(13.5942222454179,19.8,0.));
#2515=CARTESIAN_POINT('',(15.5942222454179,19.8,0.));
#2516=CARTESIAN_POINT('',(13.5942222454179,21.8,0.));
#2517=CARTESIAN_POINT('Origin',(15.5942222454179,21.8,0.));
#2518=CARTESIAN_POINT('',(15.5942222454179,-18.,0.));
#2519=CARTESIAN_POINT('',(15.5942222454179,21.8,0.));
#2520=CARTESIAN_POINT('',(15.5942222454179,-18.,0.));
#2521=CARTESIAN_POINT('Origin',(23.5942222454179,-18.,0.));
#2522=CARTESIAN_POINT('',(23.5942222454179,-20.,0.));
#2523=CARTESIAN_POINT('Origin',(23.5942222454179,-18.,0.));
#2524=CARTESIAN_POINT('',(23.5942222454179,-20.,0.));
#2525=CARTESIAN_POINT('Origin',(53.7876527073981,20.0530012009609,0.));
#2526=CARTESIAN_POINT('',(53.0876527073981,21.9265006004805,0.));
#2527=CARTESIAN_POINT('',(51.7876527073981,20.0530012009609,0.));
#2528=CARTESIAN_POINT('Origin',(53.7876527073981,20.0530012009609,0.));
#2529=CARTESIAN_POINT('',(53.0876527073981,21.9265006004805,0.));
#2530=CARTESIAN_POINT('',(51.7876527073981,20.0530012009609,0.));
#2531=CARTESIAN_POINT('Origin',(51.7876527073981,10.9459685919781,0.));
#2532=CARTESIAN_POINT('',(51.7876527073981,11.8785839082881,0.));
#2533=CARTESIAN_POINT('',(51.7876527073981,11.8785839082881,0.));
#2534=CARTESIAN_POINT('',(51.7876527073981,-23.6,0.));
#2535=CARTESIAN_POINT('Origin',(53.7876527073981,-18.2530012009609,0.));
#2536=CARTESIAN_POINT('',(53.0876527073981,-20.1265006004805,0.));
#2537=CARTESIAN_POINT('',(53.0876527073981,-20.1265006004805,0.));
#2538=CARTESIAN_POINT('',(51.7876527073981,-18.2530012009609,0.));
#2539=CARTESIAN_POINT('Origin',(53.7876527073981,-18.2530012009609,0.));
#2540=CARTESIAN_POINT('',(51.7876527073981,-18.2530012009609,0.));
#2541=CARTESIAN_POINT('Origin',(51.7876527073981,-20.,0.));
#2542=CARTESIAN_POINT('',(51.7876527073981,-7.44756398683033,0.));
#2543=CARTESIAN_POINT('',(51.7876527073981,-23.6,0.));
#2544=CARTESIAN_POINT('',(51.7876527073981,-7.44756398683033,0.));
#2545=CARTESIAN_POINT('Origin',(57.6685946376625,3.40045780865352,0.));
#2546=CARTESIAN_POINT('',(59.2006835239005,2.11488258928043,0.));
#2547=CARTESIAN_POINT('',(59.2006835239005,2.11488258928043,0.));
#2548=CARTESIAN_POINT('',(58.9541698570356,4.93254669489147,0.));
#2549=CARTESIAN_POINT('Origin',(57.6685946376625,3.40045780865352,0.));
#2550=CARTESIAN_POINT('',(58.9541698570356,4.93254669489148,0.));
#2551=CARTESIAN_POINT('Origin',(57.9151083045274,0.58279370304251,0.));
#2552=CARTESIAN_POINT('',(57.9151083045274,0.58279370304251,0.));
#2553=CARTESIAN_POINT('',(57.9151083045274,0.58279370304251,0.));
#2554=CARTESIAN_POINT('',(57.9151083045274,0.58279370304251,0.));
#2555=CARTESIAN_POINT('Origin',(53.7876527073981,-7.44756398683033,0.));
#2556=CARTESIAN_POINT('',(52.2555638211601,-6.16198876745723,0.));
#2557=CARTESIAN_POINT('Origin',(53.7876527073981,-7.44756398683033,0.));
#2558=CARTESIAN_POINT('',(52.2555638211601,-6.16198876745723,0.));
#2559=CARTESIAN_POINT('Origin',(51.787652707398,-6.71962351829794,0.));
#2560=CARTESIAN_POINT('',(56.8223693680604,-0.719481850259764,0.));
#2561=CARTESIAN_POINT('',(54.2512189293142,-3.78365962273566,0.));
#2562=CARTESIAN_POINT('',(56.8223693680604,-0.719481850259764,0.));
#2563=CARTESIAN_POINT('Origin',(53.7876527073981,11.8785839082881,0.));
#2564=CARTESIAN_POINT('',(52.502077488025,10.3464950220501,0.));
#2565=CARTESIAN_POINT('Origin',(53.7876527073981,11.8785839082881,0.));
#2566=CARTESIAN_POINT('',(52.502077488025,10.3464950220501,0.));
#2567=CARTESIAN_POINT('Origin',(-12.812347292602,-21.1354117197851,0.));
#2568=CARTESIAN_POINT('',(-14.1090625235921,-19.6127398543727,0.));
#2569=CARTESIAN_POINT('',(-14.1090625235921,-19.6127398543727,0.));
#2570=CARTESIAN_POINT('',(-14.812347292602,-21.1354117197851,0.));
#2571=CARTESIAN_POINT('Origin',(-12.812347292602,-21.1354117197851,0.));
#2572=CARTESIAN_POINT('',(-14.812347292602,-21.1354117197851,0.));
#2573=CARTESIAN_POINT('Origin',(-14.812347292602,-20.,0.));
#2574=CARTESIAN_POINT('',(-14.812347292602,-25.2,0.));
#2575=CARTESIAN_POINT('',(-14.812347292602,-20.,0.));
#2576=CARTESIAN_POINT('',(-14.812347292602,-25.2,0.));
#2577=CARTESIAN_POINT('Origin',(53.0194358183561,-4.21805281642149,0.));
#2578=CARTESIAN_POINT('',(51.7876527073981,5.72433943464893,0.));
#2579=CARTESIAN_POINT('',(31.1035527953632,23.0803600420715,0.));
#2580=CARTESIAN_POINT('',(51.7876527073981,3.50514704278412,0.));
#2581=CARTESIAN_POINT('',(51.7876527073981,-23.6,0.));
#2582=CARTESIAN_POINT('',(56.8223693680604,-0.719481850259762,0.));
#2583=CARTESIAN_POINT('',(54.3876527073981,-22.,0.));
#2584=CARTESIAN_POINT('Origin',(52.3876527073981,-22.,0.));
#2585=CARTESIAN_POINT('',(54.3876527073981,-25.2,0.));
#2586=CARTESIAN_POINT('',(54.3876527073981,-27.2,0.));
#2587=CARTESIAN_POINT('',(52.3876527073981,-27.2,0.));
#2588=CARTESIAN_POINT('Origin',(52.3876527073981,-25.2,0.));
#2589=CARTESIAN_POINT('',(-12.812347292602,-27.2,0.));
#2590=CARTESIAN_POINT('',(-14.812347292602,-27.2,0.));
#2591=CARTESIAN_POINT('Origin',(-12.812347292602,-25.2,0.));
#2592=CARTESIAN_POINT('',(-13.4057777545821,-18.0900679889603,0.));
#2593=CARTESIAN_POINT('Origin',(-15.4057777545821,-18.0900679889603,0.));
#2594=CARTESIAN_POINT('',(-13.4057777545821,19.8900679889603,0.));
#2595=CARTESIAN_POINT('',(-13.4057777545821,21.8,0.));
#2596=CARTESIAN_POINT('',(-14.1090625235921,21.4127398543727,0.));
#2597=CARTESIAN_POINT('Origin',(-15.4057777545821,19.8900679889603,0.));
#2598=CARTESIAN_POINT('',(-14.812347292602,22.9354117197851,0.));
#2599=CARTESIAN_POINT('Origin',(-12.812347292602,22.9354117197851,0.));
#2600=CARTESIAN_POINT('',(-14.812347292602,27.,0.));
#2601=CARTESIAN_POINT('',(-14.812347292602,29.,0.));
#2602=CARTESIAN_POINT('',(-12.812347292602,29.,0.));
#2603=CARTESIAN_POINT('Origin',(-12.812347292602,27.,0.));
#2604=CARTESIAN_POINT('',(52.3876527073981,29.,0.));
#2605=CARTESIAN_POINT('',(54.3876527073981,29.,0.));
#2606=CARTESIAN_POINT('',(54.3876527073981,27.,0.));
#2607=CARTESIAN_POINT('Origin',(52.3876527073981,27.,0.));
#2608=CARTESIAN_POINT('',(54.3876527073981,23.8,0.));
#2609=CARTESIAN_POINT('',(54.3876527073981,21.8,0.));
#2610=CARTESIAN_POINT('Origin',(52.3876527073981,23.8,0.));
#2611=CARTESIAN_POINT('',(60.4862587432736,3.64697147551838,0.));
#2612=CARTESIAN_POINT('',(49.8876527073981,25.4,0.));
#2613=CARTESIAN_POINT('Origin',(48.7876527073981,25.4,0.));
#2614=CARTESIAN_POINT('',(-8.11234729260194,25.4,0.));
#2615=CARTESIAN_POINT('Origin',(-9.21234729260194,25.4,0.));
#2616=CARTESIAN_POINT('',(28.3825593344498,25.4,0.));
#2617=CARTESIAN_POINT('Origin',(26.7825593344498,25.4,0.));
#2618=CARTESIAN_POINT('',(49.8876527073981,-23.6,0.));
#2619=CARTESIAN_POINT('Origin',(48.7876527073981,-23.6,0.));
#2620=CARTESIAN_POINT('',(-8.11234729260194,-23.6,0.));
#2621=CARTESIAN_POINT('Origin',(-9.21234729260194,-23.6,0.));
#2622=CARTESIAN_POINT('',(-5.40577775458214,-20.,0.));
#2623=CARTESIAN_POINT('',(-7.40577775458214,-18.,0.));
#2624=CARTESIAN_POINT('Origin',(-5.40577775458214,-18.,0.));
#2625=CARTESIAN_POINT('',(13.5942222454179,-20.,0.));
#2626=CARTESIAN_POINT('',(54.3876527073981,-20.,0.));
#2627=CARTESIAN_POINT('Origin',(13.5942222454179,-18.,0.));
#2628=CARTESIAN_POINT('',(-5.40577775458214,21.8,0.));
#2629=CARTESIAN_POINT('',(-14.812347292602,21.8,0.));
#2630=CARTESIAN_POINT('',(-7.40577775458214,19.8,0.));
#2631=CARTESIAN_POINT('Origin',(-5.40577775458214,19.8,0.));
#2632=CARTESIAN_POINT('',(-7.40577775458214,-20.,0.));
#2633=CARTESIAN_POINT('',(50.3876527073981,7.13204213224762,0.));
#2634=CARTESIAN_POINT('Origin',(48.7876527073981,7.13204213224762,0.));
#2635=CARTESIAN_POINT('',(54.3876527073981,-20.,0.));
#2636=CARTESIAN_POINT('',(23.7618006622116,21.8,0.));
#2637=CARTESIAN_POINT('Origin',(13.5942222454179,-18.,0.));
#2638=CARTESIAN_POINT('',(13.5942222454179,-20.,0.));
#2639=CARTESIAN_POINT('Origin',(15.5942222454179,-20.,0.));
#2640=CARTESIAN_POINT('',(-5.40577775458214,-20.,0.));
#2641=CARTESIAN_POINT('Origin',(-5.40577775458214,-18.,0.));
#2642=CARTESIAN_POINT('',(-7.40577775458214,-18.,0.));
#2643=CARTESIAN_POINT('Origin',(-7.40577775458214,-20.,0.));
#2644=CARTESIAN_POINT('',(-7.40577775458214,19.8,0.));
#2645=CARTESIAN_POINT('Origin',(-5.40577775458214,19.8,0.));
#2646=CARTESIAN_POINT('',(-5.40577775458214,21.8,0.));
#2647=CARTESIAN_POINT('Origin',(-7.40577775458214,21.8,0.));
#2648=CARTESIAN_POINT('Origin',(52.3876527073981,-25.2,0.));
#2649=CARTESIAN_POINT('',(52.3876527073981,-27.2,0.));
#2650=CARTESIAN_POINT('',(54.3876527073981,-25.2,0.));
#2651=CARTESIAN_POINT('Origin',(-14.812347292602,-27.2,0.));
#2652=CARTESIAN_POINT('',(-12.812347292602,-27.2,0.));
#2653=CARTESIAN_POINT('Origin',(52.3876527073981,-22.,0.));
#2654=CARTESIAN_POINT('',(54.3876527073981,-22.,0.));
#2655=CARTESIAN_POINT('Origin',(52.3876527073981,23.8,0.));
#2656=CARTESIAN_POINT('',(54.3876527073981,23.8,0.));
#2657=CARTESIAN_POINT('Origin',(54.3876527073981,21.8,0.));
#2658=CARTESIAN_POINT('',(54.3876527073981,27.,0.));
#2659=CARTESIAN_POINT('Origin',(52.3876527073981,27.,0.));
#2660=CARTESIAN_POINT('',(52.3876527073981,29.,0.));
#2661=CARTESIAN_POINT('Origin',(-12.812347292602,27.,0.));
#2662=CARTESIAN_POINT('',(-12.812347292602,29.,0.));
#2663=CARTESIAN_POINT('',(-14.812347292602,27.,0.));
#2664=CARTESIAN_POINT('Origin',(-14.812347292602,29.,0.));
#2665=CARTESIAN_POINT('',(-14.812347292602,22.9354117197851,0.));
#2666=CARTESIAN_POINT('Origin',(-12.812347292602,22.9354117197851,0.));
#2667=CARTESIAN_POINT('',(-14.1090625235921,21.4127398543727,0.));
#2668=CARTESIAN_POINT('Origin',(-15.4057777545821,19.8900679889603,0.));
#2669=CARTESIAN_POINT('',(-13.4057777545821,19.8900679889603,0.));
#2670=CARTESIAN_POINT('Origin',(-15.4057777545821,-18.0900679889603,0.));
#2671=CARTESIAN_POINT('',(-13.4057777545821,-18.0900679889603,0.));
#2672=CARTESIAN_POINT('Origin',(-12.812347292602,-25.2,0.));
#2673=CARTESIAN_POINT('Origin',(45.7876527073981,-20.,0.));
#2674=CARTESIAN_POINT('Origin',(23.7618006622116,21.8,0.));
#2675=CARTESIAN_POINT('Origin',(48.7876527073981,7.13204213224762,0.));
#2676=CARTESIAN_POINT('',(50.3876527073981,7.13204213224762,0.));
#2677=CARTESIAN_POINT('Origin',(-9.21234729260194,-23.6,0.));
#2678=CARTESIAN_POINT('',(-8.11234729260194,-23.6,0.));
#2679=CARTESIAN_POINT('Origin',(48.7876527073981,-23.6,0.));
#2680=CARTESIAN_POINT('',(49.8876527073981,-23.6,0.));
#2681=CARTESIAN_POINT('Origin',(26.7825593344498,25.4,0.));
#2682=CARTESIAN_POINT('',(28.3825593344498,25.4,0.));
#2683=CARTESIAN_POINT('Origin',(-9.21234729260194,25.4,0.));
#2684=CARTESIAN_POINT('',(-8.11234729260194,25.4,0.));
#2685=CARTESIAN_POINT('Origin',(48.7876527073981,25.4,0.));
#2686=CARTESIAN_POINT('',(49.8876527073981,25.4,0.));
#2687=CARTESIAN_POINT('Origin',(54.3876527073981,-27.2,0.));
#2688=CARTESIAN_POINT('Origin',(-13.4057777545821,21.8,0.));
#2689=CARTESIAN_POINT('Origin',(54.3876527073981,29.,0.));
#2690=CARTESIAN_POINT('Origin',(60.4862587432736,3.64697147551838,0.));
#2691=CARTESIAN_POINT('Origin',(51.7876527073981,5.72433943464892,0.));
#2692=CARTESIAN_POINT('',(51.7876527073981,5.72433943464893,0.));
#2693=CARTESIAN_POINT('Origin',(51.7876527073981,3.50514704278412,0.));
#2694=CARTESIAN_POINT('',(51.7876527073981,3.50514704278412,0.));
#2695=CARTESIAN_POINT('Origin',(56.8223693680604,-0.719481850259763,0.));
#2696=UNCERTAINTY_MEASURE_WITH_UNIT(LENGTH_MEASURE(0.01),#2700,
'DISTANCE_ACCURACY_VALUE',
'Maximum model space distance between geometric entities at asserted c
onnectivities');
#2697=UNCERTAINTY_MEASURE_WITH_UNIT(LENGTH_MEASURE(0.01),#2700,
'DISTANCE_ACCURACY_VALUE',
'Maximum model space distance between geometric entities at asserted c
onnectivities');
#2698=(
GEOMETRIC_REPRESENTATION_CONTEXT(3)
GLOBAL_UNCERTAINTY_ASSIGNED_CONTEXT((#2696))
GLOBAL_UNIT_ASSIGNED_CONTEXT((#2700,#2702,#2703))
REPRESENTATION_CONTEXT('','3D')
);
#2699=(
GEOMETRIC_REPRESENTATION_CONTEXT(3)
GLOBAL_UNCERTAINTY_ASSIGNED_CONTEXT((#2697))
GLOBAL_UNIT_ASSIGNED_CONTEXT((#2700,#2702,#2703))
REPRESENTATION_CONTEXT('','3D')
);
#2700=(
LENGTH_UNIT()
NAMED_UNIT(*)
SI_UNIT(.MILLI.,.METRE.)
);
#2701=(
LENGTH_UNIT()
NAMED_UNIT(*)
SI_UNIT(.CENTI.,.METRE.)
);
#2702=(
NAMED_UNIT(*)
PLANE_ANGLE_UNIT()
SI_UNIT($,.RADIAN.)
);
#2703=(
NAMED_UNIT(*)
SI_UNIT($,.STERADIAN.)
SOLID_ANGLE_UNIT()
);
#2704=SHAPE_DEFINITION_REPRESENTATION(#2705,#2706);
#2705=PRODUCT_DEFINITION_SHAPE('',$,#2708);
#2706=SHAPE_REPRESENTATION('',(#1584),#2698);
#2707=PRODUCT_DEFINITION_CONTEXT('part definition',#2712,'design');
#2708=PRODUCT_DEFINITION('rpi-mount','rpi-mount',#2709,#2707);
#2709=PRODUCT_DEFINITION_FORMATION('',$,#2714);
#2710=PRODUCT_RELATED_PRODUCT_CATEGORY('rpi-mount','rpi-mount',(#2714));
#2711=APPLICATION_PROTOCOL_DEFINITION('international standard',
'automotive_design',2009,#2712);
#2712=APPLICATION_CONTEXT(
'Core Data for Automotive Mechanical Design Process');
#2713=PRODUCT_CONTEXT('part definition',#2712,'mechanical');
#2714=PRODUCT('rpi-mount','rpi-mount',$,(#2713));
#2715=PRESENTATION_STYLE_ASSIGNMENT((#2716));
#2716=SURFACE_STYLE_USAGE(.BOTH.,#2719);
#2717=SURFACE_STYLE_RENDERING_WITH_PROPERTIES($,#2723,(#2718));
#2718=SURFACE_STYLE_TRANSPARENT(0.);
#2719=SURFACE_SIDE_STYLE('',(#2720,#2717));
#2720=SURFACE_STYLE_FILL_AREA(#2721);
#2721=FILL_AREA_STYLE('',(#2722));
#2722=FILL_AREA_STYLE_COLOUR('',#2723);
#2723=COLOUR_RGB('',0.749019607843137,0.749019607843137,0.749019607843137);
ENDSEC;
END-ISO-10303-21;
