ISO-10303-21;
HEADER;
/* Generated by software containing ST-Developer
 * from STEP Tools, Inc. (www.steptools.com) 
 */

FILE_DESCRIPTION(
/* description */ (''),
/* implementation_level */ '2;1');

FILE_NAME(
/* name */ 'skr-mini-mount.stp',
/* time_stamp */ '2024-10-27T21:08:38-04:00',
/* author */ ('Windows 7 was better'),
/* organization */ (''),
/* preprocessor_version */ 'ST-DEVELOPER v20',
/* originating_system */ 'Autodesk Inventor 2025',
/* authorisation */ '');

FILE_SCHEMA (('AUTOMOTIVE_DESIGN { 1 0 10303 214 3 1 1 }'));
ENDSEC;

DATA;
#10=MECHANICAL_DESIGN_GEOMETRIC_PRESENTATION_REPRESENTATION('',(#13),#2142);
#11=SHAPE_REPRESENTATION_RELATIONSHIP('SRR','None',#2149,#12);
#12=ADVANCED_BREP_SHAPE_REPRESENTATION('',(#14),#2141);
#13=STYLED_ITEM('',(#2158),#14);
#14=MANIFOLD_SOLID_BREP('Solid1',#1171);
#15=FACE_BOUND('',#330,.T.);
#16=FACE_BOUND('',#331,.T.);
#17=FACE_BOUND('',#332,.T.);
#18=FACE_BOUND('',#333,.T.);
#19=FACE_BOUND('',#360,.T.);
#20=FACE_BOUND('',#362,.T.);
#21=FACE_BOUND('',#364,.T.);
#22=FACE_BOUND('',#366,.T.);
#23=FACE_BOUND('',#368,.T.);
#24=FACE_BOUND('',#390,.T.);
#25=FACE_BOUND('',#391,.T.);
#26=FACE_BOUND('',#392,.T.);
#27=FACE_BOUND('',#393,.T.);
#28=FACE_BOUND('',#394,.T.);
#29=FACE_BOUND('',#395,.T.);
#30=FACE_BOUND('',#396,.T.);
#31=FACE_BOUND('',#397,.T.);
#32=FACE_BOUND('',#398,.T.);
#33=FACE_BOUND('',#399,.T.);
#34=FACE_BOUND('',#400,.T.);
#35=PLANE('',#1217);
#36=PLANE('',#1247);
#37=PLANE('',#1250);
#38=PLANE('',#1253);
#39=PLANE('',#1258);
#40=PLANE('',#1261);
#41=PLANE('',#1264);
#42=PLANE('',#1267);
#43=PLANE('',#1272);
#44=PLANE('',#1275);
#45=PLANE('',#1276);
#46=PLANE('',#1278);
#47=PLANE('',#1280);
#48=PLANE('',#1282);
#49=PLANE('',#1284);
#50=PLANE('',#1286);
#51=PLANE('',#1302);
#52=PLANE('',#1303);
#53=PLANE('',#1304);
#54=PLANE('',#1305);
#55=PLANE('',#1306);
#56=PLANE('',#1307);
#57=PLANE('',#1308);
#58=PLANE('',#1309);
#59=PLANE('',#1312);
#60=PLANE('',#1313);
#61=PLANE('',#1314);
#62=PLANE('',#1315);
#63=LINE('',#1713,#153);
#64=LINE('',#1715,#154);
#65=LINE('',#1718,#155);
#66=LINE('',#1750,#156);
#67=LINE('',#1753,#157);
#68=LINE('',#1755,#158);
#69=LINE('',#1832,#159);
#70=LINE('',#1833,#160);
#71=LINE('',#1835,#161);
#72=LINE('',#1839,#162);
#73=LINE('',#1843,#163);
#74=LINE('',#1846,#164);
#75=LINE('',#1848,#165);
#76=LINE('',#1852,#166);
#77=LINE('',#1855,#167);
#78=LINE('',#1857,#168);
#79=LINE('',#1859,#169);
#80=LINE('',#1861,#170);
#81=LINE('',#1862,#171);
#82=LINE('',#1869,#172);
#83=LINE('',#1873,#173);
#84=LINE('',#1877,#174);
#85=LINE('',#1881,#175);
#86=LINE('',#1885,#176);
#87=LINE('',#1889,#177);
#88=LINE('',#1894,#178);
#89=LINE('',#1926,#179);
#90=LINE('',#1928,#180);
#91=LINE('',#1931,#181);
#92=LINE('',#1961,#182);
#93=LINE('',#1963,#183);
#94=LINE('',#1966,#184);
#95=LINE('',#1971,#185);
#96=LINE('',#1972,#186);
#97=LINE('',#1975,#187);
#98=LINE('',#1976,#188);
#99=LINE('',#1980,#189);
#100=LINE('',#1983,#190);
#101=LINE('',#1984,#191);
#102=LINE('',#1987,#192);
#103=LINE('',#1990,#193);
#104=LINE('',#1993,#194);
#105=LINE('',#1994,#195);
#106=LINE('',#1999,#196);
#107=LINE('',#2002,#197);
#108=LINE('',#2004,#198);
#109=LINE('',#2009,#199);
#110=LINE('',#2010,#200);
#111=LINE('',#2013,#201);
#112=LINE('',#2014,#202);
#113=LINE('',#2019,#203);
#114=LINE('',#2020,#204);
#115=LINE('',#2022,#205);
#116=LINE('',#2025,#206);
#117=LINE('',#2028,#207);
#118=LINE('',#2031,#208);
#119=LINE('',#2032,#209);
#120=LINE('',#2036,#210);
#121=LINE('',#2041,#211);
#122=LINE('',#2042,#212);
#123=LINE('',#2044,#213);
#124=LINE('',#2048,#214);
#125=LINE('',#2050,#215);
#126=LINE('',#2068,#216);
#127=LINE('',#2070,#217);
#128=LINE('',#2075,#218);
#129=LINE('',#2079,#219);
#130=LINE('',#2082,#220);
#131=LINE('',#2086,#221);
#132=LINE('',#2090,#222);
#133=LINE('',#2094,#223);
#134=LINE('',#2098,#224);
#135=LINE('',#2102,#225);
#136=LINE('',#2104,#226);
#137=LINE('',#2105,#227);
#138=LINE('',#2108,#228);
#139=LINE('',#2110,#229);
#140=LINE('',#2111,#230);
#141=LINE('',#2113,#231);
#142=LINE('',#2115,#232);
#143=LINE('',#2117,#233);
#144=LINE('',#2119,#234);
#145=LINE('',#2121,#235);
#146=LINE('',#2124,#236);
#147=LINE('',#2125,#237);
#148=LINE('',#2129,#238);
#149=LINE('',#2132,#239);
#150=LINE('',#2133,#240);
#151=LINE('',#2135,#241);
#152=LINE('',#2137,#242);
#153=VECTOR('',#1334,3.05000000000001);
#154=VECTOR('',#1335,10.);
#155=VECTOR('',#1338,10.);
#156=VECTOR('',#1349,3.);
#157=VECTOR('',#1352,10.);
#158=VECTOR('',#1353,10.);
#159=VECTOR('',#1372,10.);
#160=VECTOR('',#1373,10.);
#161=VECTOR('',#1374,10.);
#162=VECTOR('',#1377,10.);
#163=VECTOR('',#1380,10.);
#164=VECTOR('',#1383,10.);
#165=VECTOR('',#1384,10.);
#166=VECTOR('',#1387,10.);
#167=VECTOR('',#1390,10.);
#168=VECTOR('',#1391,10.);
#169=VECTOR('',#1392,10.);
#170=VECTOR('',#1393,10.);
#171=VECTOR('',#1394,10.);
#172=VECTOR('',#1399,10.);
#173=VECTOR('',#1402,10.);
#174=VECTOR('',#1405,10.);
#175=VECTOR('',#1408,10.);
#176=VECTOR('',#1411,10.);
#177=VECTOR('',#1414,10.);
#178=VECTOR('',#1421,3.03762114800428);
#179=VECTOR('',#1432,3.);
#180=VECTOR('',#1433,10.);
#181=VECTOR('',#1436,10.);
#182=VECTOR('',#1447,3.);
#183=VECTOR('',#1448,10.);
#184=VECTOR('',#1451,10.);
#185=VECTOR('',#1456,10.);
#186=VECTOR('',#1457,10.);
#187=VECTOR('',#1460,10.);
#188=VECTOR('',#1461,10.);
#189=VECTOR('',#1466,10.);
#190=VECTOR('',#1469,10.);
#191=VECTOR('',#1470,10.);
#192=VECTOR('',#1473,10.);
#193=VECTOR('',#1476,10.);
#194=VECTOR('',#1479,10.);
#195=VECTOR('',#1480,10.);
#196=VECTOR('',#1487,10.);
#197=VECTOR('',#1490,10.);
#198=VECTOR('',#1493,10.);
#199=VECTOR('',#1498,10.);
#200=VECTOR('',#1499,10.);
#201=VECTOR('',#1502,10.);
#202=VECTOR('',#1503,10.);
#203=VECTOR('',#1508,10.);
#204=VECTOR('',#1509,10.);
#205=VECTOR('',#1512,10.);
#206=VECTOR('',#1515,10.);
#207=VECTOR('',#1518,10.);
#208=VECTOR('',#1521,10.);
#209=VECTOR('',#1522,10.);
#210=VECTOR('',#1527,10.);
#211=VECTOR('',#1532,10.);
#212=VECTOR('',#1533,10.);
#213=VECTOR('',#1536,10.);
#214=VECTOR('',#1541,10.);
#215=VECTOR('',#1544,10.);
#216=VECTOR('',#1567,10.);
#217=VECTOR('',#1568,10.);
#218=VECTOR('',#1575,1.6);
#219=VECTOR('',#1580,1.6);
#220=VECTOR('',#1583,1.55);
#221=VECTOR('',#1588,1.55);
#222=VECTOR('',#1593,1.55);
#223=VECTOR('',#1598,1.55);
#224=VECTOR('',#1603,1.55);
#225=VECTOR('',#1608,10.);
#226=VECTOR('',#1609,10.);
#227=VECTOR('',#1610,10.);
#228=VECTOR('',#1613,10.);
#229=VECTOR('',#1614,10.);
#230=VECTOR('',#1615,10.);
#231=VECTOR('',#1618,10.);
#232=VECTOR('',#1621,10.);
#233=VECTOR('',#1624,10.);
#234=VECTOR('',#1627,10.);
#235=VECTOR('',#1630,10.);
#236=VECTOR('',#1633,10.);
#237=VECTOR('',#1634,10.);
#238=VECTOR('',#1639,10.);
#239=VECTOR('',#1642,10.);
#240=VECTOR('',#1643,10.);
#241=VECTOR('',#1646,10.);
#242=VECTOR('',#1649,10.);
#243=CYLINDRICAL_SURFACE('',#1200,3.05000000000001);
#244=CYLINDRICAL_SURFACE('',#1206,3.);
#245=CYLINDRICAL_SURFACE('',#1231,3.03762114800428);
#246=CYLINDRICAL_SURFACE('',#1236,3.);
#247=CYLINDRICAL_SURFACE('',#1242,3.);
#248=CYLINDRICAL_SURFACE('',#1245,2.);
#249=CYLINDRICAL_SURFACE('',#1248,2.);
#250=CYLINDRICAL_SURFACE('',#1251,2.);
#251=CYLINDRICAL_SURFACE('',#1254,2.);
#252=CYLINDRICAL_SURFACE('',#1256,2.);
#253=CYLINDRICAL_SURFACE('',#1259,2.);
#254=CYLINDRICAL_SURFACE('',#1262,2.);
#255=CYLINDRICAL_SURFACE('',#1265,2.);
#256=CYLINDRICAL_SURFACE('',#1268,2.);
#257=CYLINDRICAL_SURFACE('',#1270,2.);
#258=CYLINDRICAL_SURFACE('',#1273,2.);
#259=CYLINDRICAL_SURFACE('',#1288,1.6);
#260=CYLINDRICAL_SURFACE('',#1290,1.6);
#261=CYLINDRICAL_SURFACE('',#1292,1.55);
#262=CYLINDRICAL_SURFACE('',#1294,1.55);
#263=CYLINDRICAL_SURFACE('',#1296,1.55);
#264=CYLINDRICAL_SURFACE('',#1298,1.55);
#265=CYLINDRICAL_SURFACE('',#1300,1.55);
#266=CYLINDRICAL_SURFACE('',#1310,3.);
#267=FACE_OUTER_BOUND('',#324,.T.);
#268=FACE_OUTER_BOUND('',#325,.T.);
#269=FACE_OUTER_BOUND('',#326,.T.);
#270=FACE_OUTER_BOUND('',#327,.T.);
#271=FACE_OUTER_BOUND('',#328,.T.);
#272=FACE_OUTER_BOUND('',#329,.T.);
#273=FACE_OUTER_BOUND('',#334,.T.);
#274=FACE_OUTER_BOUND('',#335,.T.);
#275=FACE_OUTER_BOUND('',#336,.T.);
#276=FACE_OUTER_BOUND('',#337,.T.);
#277=FACE_OUTER_BOUND('',#338,.T.);
#278=FACE_OUTER_BOUND('',#339,.T.);
#279=FACE_OUTER_BOUND('',#340,.T.);
#280=FACE_OUTER_BOUND('',#341,.T.);
#281=FACE_OUTER_BOUND('',#342,.T.);
#282=FACE_OUTER_BOUND('',#343,.T.);
#283=FACE_OUTER_BOUND('',#344,.T.);
#284=FACE_OUTER_BOUND('',#345,.T.);
#285=FACE_OUTER_BOUND('',#346,.T.);
#286=FACE_OUTER_BOUND('',#347,.T.);
#287=FACE_OUTER_BOUND('',#348,.T.);
#288=FACE_OUTER_BOUND('',#349,.T.);
#289=FACE_OUTER_BOUND('',#350,.T.);
#290=FACE_OUTER_BOUND('',#351,.T.);
#291=FACE_OUTER_BOUND('',#352,.T.);
#292=FACE_OUTER_BOUND('',#353,.T.);
#293=FACE_OUTER_BOUND('',#354,.T.);
#294=FACE_OUTER_BOUND('',#355,.T.);
#295=FACE_OUTER_BOUND('',#356,.T.);
#296=FACE_OUTER_BOUND('',#357,.T.);
#297=FACE_OUTER_BOUND('',#358,.T.);
#298=FACE_OUTER_BOUND('',#359,.T.);
#299=FACE_OUTER_BOUND('',#361,.T.);
#300=FACE_OUTER_BOUND('',#363,.T.);
#301=FACE_OUTER_BOUND('',#365,.T.);
#302=FACE_OUTER_BOUND('',#367,.T.);
#303=FACE_OUTER_BOUND('',#369,.T.);
#304=FACE_OUTER_BOUND('',#370,.T.);
#305=FACE_OUTER_BOUND('',#371,.T.);
#306=FACE_OUTER_BOUND('',#372,.T.);
#307=FACE_OUTER_BOUND('',#373,.T.);
#308=FACE_OUTER_BOUND('',#374,.T.);
#309=FACE_OUTER_BOUND('',#375,.T.);
#310=FACE_OUTER_BOUND('',#376,.T.);
#311=FACE_OUTER_BOUND('',#377,.T.);
#312=FACE_OUTER_BOUND('',#378,.T.);
#313=FACE_OUTER_BOUND('',#379,.T.);
#314=FACE_OUTER_BOUND('',#380,.T.);
#315=FACE_OUTER_BOUND('',#381,.T.);
#316=FACE_OUTER_BOUND('',#382,.T.);
#317=FACE_OUTER_BOUND('',#383,.T.);
#318=FACE_OUTER_BOUND('',#384,.T.);
#319=FACE_OUTER_BOUND('',#385,.T.);
#320=FACE_OUTER_BOUND('',#386,.T.);
#321=FACE_OUTER_BOUND('',#387,.T.);
#322=FACE_OUTER_BOUND('',#388,.T.);
#323=FACE_OUTER_BOUND('',#389,.T.);
#324=EDGE_LOOP('',(#767,#768,#769,#770,#771,#772,#773,#774,#775));
#325=EDGE_LOOP('',(#776,#777,#778,#779,#780,#781,#782,#783));
#326=EDGE_LOOP('',(#784,#785,#786,#787));
#327=EDGE_LOOP('',(#788,#789,#790,#791,#792,#793,#794,#795));
#328=EDGE_LOOP('',(#796,#797,#798,#799,#800,#801,#802,#803,#804,#805,#806,
#807,#808));
#329=EDGE_LOOP('',(#809,#810,#811,#812,#813,#814,#815,#816,#817,#818,#819,
#820,#821,#822,#823,#824,#825,#826,#827,#828,#829,#830,#831,#832));
#330=EDGE_LOOP('',(#833));
#331=EDGE_LOOP('',(#834));
#332=EDGE_LOOP('',(#835,#836,#837,#838,#839,#840));
#333=EDGE_LOOP('',(#841,#842,#843,#844,#845,#846));
#334=EDGE_LOOP('',(#847,#848,#849,#850,#851));
#335=EDGE_LOOP('',(#852,#853,#854,#855,#856));
#336=EDGE_LOOP('',(#857,#858,#859,#860,#861,#862,#863,#864));
#337=EDGE_LOOP('',(#865,#866,#867,#868,#869));
#338=EDGE_LOOP('',(#870,#871,#872,#873,#874,#875,#876,#877));
#339=EDGE_LOOP('',(#878,#879,#880,#881));
#340=EDGE_LOOP('',(#882,#883,#884,#885,#886));
#341=EDGE_LOOP('',(#887,#888,#889,#890));
#342=EDGE_LOOP('',(#891,#892,#893,#894));
#343=EDGE_LOOP('',(#895,#896,#897,#898));
#344=EDGE_LOOP('',(#899,#900,#901,#902));
#345=EDGE_LOOP('',(#903,#904,#905,#906));
#346=EDGE_LOOP('',(#907,#908,#909,#910));
#347=EDGE_LOOP('',(#911,#912,#913,#914,#915,#916));
#348=EDGE_LOOP('',(#917,#918,#919,#920));
#349=EDGE_LOOP('',(#921,#922,#923,#924));
#350=EDGE_LOOP('',(#925,#926,#927,#928));
#351=EDGE_LOOP('',(#929,#930,#931,#932));
#352=EDGE_LOOP('',(#933,#934,#935,#936));
#353=EDGE_LOOP('',(#937,#938,#939,#940));
#354=EDGE_LOOP('',(#941,#942,#943,#944));
#355=EDGE_LOOP('',(#945,#946,#947,#948));
#356=EDGE_LOOP('',(#949,#950,#951,#952));
#357=EDGE_LOOP('',(#953,#954,#955,#956));
#358=EDGE_LOOP('',(#957,#958,#959,#960));
#359=EDGE_LOOP('',(#961));
#360=EDGE_LOOP('',(#962));
#361=EDGE_LOOP('',(#963));
#362=EDGE_LOOP('',(#964));
#363=EDGE_LOOP('',(#965));
#364=EDGE_LOOP('',(#966));
#365=EDGE_LOOP('',(#967));
#366=EDGE_LOOP('',(#968));
#367=EDGE_LOOP('',(#969));
#368=EDGE_LOOP('',(#970));
#369=EDGE_LOOP('',(#971,#972,#973,#974));
#370=EDGE_LOOP('',(#975,#976,#977,#978));
#371=EDGE_LOOP('',(#979,#980,#981,#982));
#372=EDGE_LOOP('',(#983,#984,#985,#986));
#373=EDGE_LOOP('',(#987,#988,#989,#990));
#374=EDGE_LOOP('',(#991,#992,#993,#994));
#375=EDGE_LOOP('',(#995,#996,#997,#998));
#376=EDGE_LOOP('',(#999,#1000,#1001,#1002));
#377=EDGE_LOOP('',(#1003,#1004,#1005,#1006,#1007));
#378=EDGE_LOOP('',(#1008,#1009,#1010,#1011));
#379=EDGE_LOOP('',(#1012,#1013,#1014,#1015));
#380=EDGE_LOOP('',(#1016,#1017,#1018,#1019,#1020));
#381=EDGE_LOOP('',(#1021,#1022,#1023,#1024,#1025));
#382=EDGE_LOOP('',(#1026,#1027,#1028,#1029));
#383=EDGE_LOOP('',(#1030,#1031,#1032,#1033,#1034,#1035));
#384=EDGE_LOOP('',(#1036,#1037,#1038,#1039,#1040,#1041,#1042,#1043));
#385=EDGE_LOOP('',(#1044,#1045,#1046,#1047));
#386=EDGE_LOOP('',(#1048,#1049,#1050,#1051,#1052,#1053));
#387=EDGE_LOOP('',(#1054,#1055,#1056,#1057,#1058,#1059));
#388=EDGE_LOOP('',(#1060,#1061,#1062,#1063,#1064,#1065));
#389=EDGE_LOOP('',(#1066,#1067,#1068,#1069,#1070,#1071,#1072,#1073,#1074,
#1075,#1076,#1077));
#390=EDGE_LOOP('',(#1078));
#391=EDGE_LOOP('',(#1079));
#392=EDGE_LOOP('',(#1080));
#393=EDGE_LOOP('',(#1081));
#394=EDGE_LOOP('',(#1082));
#395=EDGE_LOOP('',(#1083));
#396=EDGE_LOOP('',(#1084));
#397=EDGE_LOOP('',(#1085,#1086,#1087,#1088,#1089,#1090,#1091,#1092));
#398=EDGE_LOOP('',(#1093,#1094,#1095,#1096));
#399=EDGE_LOOP('',(#1097,#1098,#1099,#1100,#1101,#1102));
#400=EDGE_LOOP('',(#1103,#1104,#1105,#1106,#1107,#1108));
#401=CIRCLE('',#1195,5.05000000000001);
#402=CIRCLE('',#1196,2.);
#403=CIRCLE('',#1197,3.05000000000001);
#404=CIRCLE('',#1198,3.05000000000001);
#405=CIRCLE('',#1199,5.05000000000001);
#406=CIRCLE('',#1201,3.05000000000001);
#407=CIRCLE('',#1202,3.05000000000001);
#408=CIRCLE('',#1204,3.);
#409=CIRCLE('',#1205,5.);
#410=CIRCLE('',#1207,3.);
#411=CIRCLE('',#1208,3.);
#412=CIRCLE('',#1209,3.);
#413=CIRCLE('',#1211,3.03762114800428);
#414=CIRCLE('',#1212,3.03762114800428);
#415=CIRCLE('',#1213,2.);
#416=CIRCLE('',#1214,5.03762114800428);
#417=CIRCLE('',#1215,5.03762114800428);
#418=CIRCLE('',#1216,5.03762114800428);
#419=CIRCLE('',#1218,2.);
#420=CIRCLE('',#1219,2.);
#421=CIRCLE('',#1220,2.);
#422=CIRCLE('',#1221,5.);
#423=CIRCLE('',#1222,5.);
#424=CIRCLE('',#1223,1.6);
#425=CIRCLE('',#1224,1.6);
#426=CIRCLE('',#1225,2.);
#427=CIRCLE('',#1226,2.);
#428=CIRCLE('',#1227,2.);
#429=CIRCLE('',#1228,2.);
#430=CIRCLE('',#1229,2.);
#431=CIRCLE('',#1230,2.);
#432=CIRCLE('',#1232,3.03762114800428);
#433=CIRCLE('',#1234,3.);
#434=CIRCLE('',#1235,3.);
#435=CIRCLE('',#1237,3.);
#436=CIRCLE('',#1238,3.);
#437=CIRCLE('',#1240,3.);
#438=CIRCLE('',#1241,3.);
#439=CIRCLE('',#1243,2.99999999999999);
#440=CIRCLE('',#1244,3.);
#441=CIRCLE('',#1246,2.);
#442=CIRCLE('',#1249,2.);
#443=CIRCLE('',#1252,2.);
#444=CIRCLE('',#1255,2.);
#445=CIRCLE('',#1257,2.);
#446=CIRCLE('',#1260,2.);
#447=CIRCLE('',#1263,2.);
#448=CIRCLE('',#1266,2.);
#449=CIRCLE('',#1269,2.);
#450=CIRCLE('',#1271,2.);
#451=CIRCLE('',#1274,2.);
#452=CIRCLE('',#1277,1.55);
#453=CIRCLE('',#1279,1.55);
#454=CIRCLE('',#1281,1.55);
#455=CIRCLE('',#1283,1.55);
#456=CIRCLE('',#1285,1.55);
#457=CIRCLE('',#1287,3.);
#458=CIRCLE('',#1289,1.6);
#459=CIRCLE('',#1291,1.6);
#460=CIRCLE('',#1293,1.55);
#461=CIRCLE('',#1295,1.55);
#462=CIRCLE('',#1297,1.55);
#463=CIRCLE('',#1299,1.55);
#464=CIRCLE('',#1301,1.55);
#465=CIRCLE('',#1311,3.);
#466=B_SPLINE_CURVE_WITH_KNOTS('',3,(#1656,#1657,#1658,#1659,#1660,#1661),
 .UNSPECIFIED.,.F.,.F.,(4,2,4),(0.873867924312186,0.972483155584941,1.07286000754717),
 .UNSPECIFIED.);
#467=B_SPLINE_CURVE_WITH_KNOTS('',3,(#1665,#1666,#1667,#1668,#1669,#1670,
#1671,#1672,#1673,#1674,#1675,#1676,#1677,#1678,#1679,#1680),
 .UNSPECIFIED.,.F.,.F.,(4,2,2,2,2,2,2,4),(1.05631401115259,1.14372089561447,
1.23112778007634,1.32907542833154,1.35445164267967,1.38094290845386,1.40068472472278,
1.46531746151693),.UNSPECIFIED.);
#468=B_SPLINE_CURVE_WITH_KNOTS('',3,(#1688,#1689,#1690,#1691,#1692,#1693,
#1694,#1695,#1696,#1697,#1698,#1699),.UNSPECIFIED.,.F.,.F.,(4,2,2,2,2,4),
(0.719548855794378,0.740384733539567,0.774665501734812,0.889535041375781,
1.01477647997393,1.11770471624659),.UNSPECIFIED.);
#469=B_SPLINE_CURVE_WITH_KNOTS('',3,(#1702,#1703,#1704,#1705,#1706,#1707,
#1708,#1709),.UNSPECIFIED.,.F.,.F.,(4,2,2,4),(0.297794647777027,0.373494282229373,
0.449196783147623,0.453340592905401),.UNSPECIFIED.);
#470=B_SPLINE_CURVE_WITH_KNOTS('',3,(#1722,#1723,#1724,#1725,#1726,#1727,
#1728,#1729,#1730,#1731),.UNSPECIFIED.,.F.,.F.,(4,2,2,2,4),(1.07404525109487,
1.15668082591612,1.23931640073738,1.37173013274391,1.50414386475045),
 .UNSPECIFIED.);
#471=B_SPLINE_CURVE_WITH_KNOTS('',3,(#1735,#1736,#1737,#1738,#1739,#1740,
#1741,#1742,#1743,#1744),.UNSPECIFIED.,.F.,.F.,(4,2,2,2,4),(0.,0.132413732006532,
0.264827464013064,0.34746303883432,0.430098613655576),.UNSPECIFIED.);
#472=B_SPLINE_CURVE_WITH_KNOTS('',3,(#1767,#1768,#1769,#1770,#1771,#1772),
 .UNSPECIFIED.,.F.,.F.,(4,2,4),(0.321534641975025,0.424712189222446,0.527819071703768),
 .UNSPECIFIED.);
#473=B_SPLINE_CURVE_WITH_KNOTS('',3,(#1774,#1775,#1776,#1777,#1778,#1779,
#1780,#1781,#1782,#1783,#1784,#1785,#1786,#1787),.UNSPECIFIED.,.F.,.F.,
(4,2,2,2,2,2,4),(0.423938834760131,0.462484000932521,0.484854282834649,
0.500485430346411,0.517486008546043,0.547307928521224,0.56716391345362),
 .UNSPECIFIED.);
#474=B_SPLINE_CURVE_WITH_KNOTS('',3,(#1789,#1790,#1791,#1792,#1793,#1794),
 .UNSPECIFIED.,.F.,.F.,(4,2,4),(0.919004330656199,1.02211121817339,1.12528876542081),
 .UNSPECIFIED.);
#475=B_SPLINE_CURVE_WITH_KNOTS('',3,(#1798,#1799,#1800,#1801,#1802,#1803,
#1804,#1805),.UNSPECIFIED.,.F.,.F.,(4,2,2,4),(0.321534641975025,0.424712189222445,
0.551277831545462,0.665274036806518),.UNSPECIFIED.);
#476=B_SPLINE_CURVE_WITH_KNOTS('',3,(#1807,#1808,#1809,#1810,#1811,#1812,
#1813,#1814,#1815,#1816,#1817,#1818,#1819,#1820),.UNSPECIFIED.,.F.,.F.,
(4,2,2,2,2,2,4),(0.319789229444871,0.335295705335133,0.349760525486652,
0.357950321053133,0.365688722516825,0.378189171985881,0.399952769661925),
 .UNSPECIFIED.);
#477=B_SPLINE_CURVE_WITH_KNOTS('',3,(#1822,#1823,#1824,#1825,#1826,#1827,
#1828,#1829),.UNSPECIFIED.,.F.,.F.,(4,2,2,4),(0.781549370560795,0.895545575850366,
1.02211121817338,1.1252887654208),.UNSPECIFIED.);
#478=B_SPLINE_CURVE_WITH_KNOTS('',3,(#1897,#1898,#1899,#1900,#1901,#1902,
#1903,#1904,#1905,#1906),.UNSPECIFIED.,.F.,.F.,(4,2,2,2,4),(1.07404525109487,
1.15668082591612,1.23931640073738,1.37173013274391,1.50414386475044),
 .UNSPECIFIED.);
#479=B_SPLINE_CURVE_WITH_KNOTS('',3,(#1911,#1912,#1913,#1914,#1915,#1916,
#1917,#1918,#1919,#1920,#1921,#1922),.UNSPECIFIED.,.F.,.F.,(4,2,2,2,2,4),
(0.704071143114101,0.727340027115039,0.760829378323509,0.867890865607498,
0.98722954251941,1.08832467461358),.UNSPECIFIED.);
#480=B_SPLINE_CURVE_WITH_KNOTS('',3,(#1934,#1935,#1936,#1937,#1938,#1939,
#1940,#1941,#1942,#1943),.UNSPECIFIED.,.F.,.F.,(4,2,2,2,4),(1.07404525109487,
1.15668082591612,1.23931640073738,1.37173013274391,1.50414386475044),
 .UNSPECIFIED.);
#481=B_SPLINE_CURVE_WITH_KNOTS('',3,(#1948,#1949,#1950,#1951,#1952,#1953,
#1954,#1955,#1956,#1957),.UNSPECIFIED.,.F.,.F.,(4,2,2,2,4),(0.,0.132413732006532,
0.264827464013064,0.34746303883432,0.430098613655576),.UNSPECIFIED.);
#482=VERTEX_POINT('',#1654);
#483=VERTEX_POINT('',#1655);
#484=VERTEX_POINT('',#1662);
#485=VERTEX_POINT('',#1664);
#486=VERTEX_POINT('',#1681);
#487=VERTEX_POINT('',#1683);
#488=VERTEX_POINT('',#1685);
#489=VERTEX_POINT('',#1687);
#490=VERTEX_POINT('',#1700);
#491=VERTEX_POINT('',#1711);
#492=VERTEX_POINT('',#1714);
#493=VERTEX_POINT('',#1716);
#494=VERTEX_POINT('',#1720);
#495=VERTEX_POINT('',#1721);
#496=VERTEX_POINT('',#1732);
#497=VERTEX_POINT('',#1734);
#498=VERTEX_POINT('',#1747);
#499=VERTEX_POINT('',#1749);
#500=VERTEX_POINT('',#1751);
#501=VERTEX_POINT('',#1754);
#502=VERTEX_POINT('',#1758);
#503=VERTEX_POINT('',#1759);
#504=VERTEX_POINT('',#1762);
#505=VERTEX_POINT('',#1764);
#506=VERTEX_POINT('',#1766);
#507=VERTEX_POINT('',#1773);
#508=VERTEX_POINT('',#1788);
#509=VERTEX_POINT('',#1795);
#510=VERTEX_POINT('',#1797);
#511=VERTEX_POINT('',#1806);
#512=VERTEX_POINT('',#1821);
#513=VERTEX_POINT('',#1834);
#514=VERTEX_POINT('',#1836);
#515=VERTEX_POINT('',#1838);
#516=VERTEX_POINT('',#1840);
#517=VERTEX_POINT('',#1842);
#518=VERTEX_POINT('',#1844);
#519=VERTEX_POINT('',#1847);
#520=VERTEX_POINT('',#1849);
#521=VERTEX_POINT('',#1851);
#522=VERTEX_POINT('',#1853);
#523=VERTEX_POINT('',#1856);
#524=VERTEX_POINT('',#1858);
#525=VERTEX_POINT('',#1860);
#526=VERTEX_POINT('',#1863);
#527=VERTEX_POINT('',#1865);
#528=VERTEX_POINT('',#1867);
#529=VERTEX_POINT('',#1868);
#530=VERTEX_POINT('',#1870);
#531=VERTEX_POINT('',#1872);
#532=VERTEX_POINT('',#1874);
#533=VERTEX_POINT('',#1876);
#534=VERTEX_POINT('',#1879);
#535=VERTEX_POINT('',#1880);
#536=VERTEX_POINT('',#1882);
#537=VERTEX_POINT('',#1884);
#538=VERTEX_POINT('',#1886);
#539=VERTEX_POINT('',#1888);
#540=VERTEX_POINT('',#1892);
#541=VERTEX_POINT('',#1896);
#542=VERTEX_POINT('',#1907);
#543=VERTEX_POINT('',#1909);
#544=VERTEX_POINT('',#1924);
#545=VERTEX_POINT('',#1927);
#546=VERTEX_POINT('',#1929);
#547=VERTEX_POINT('',#1933);
#548=VERTEX_POINT('',#1944);
#549=VERTEX_POINT('',#1946);
#550=VERTEX_POINT('',#1959);
#551=VERTEX_POINT('',#1962);
#552=VERTEX_POINT('',#1964);
#553=VERTEX_POINT('',#1968);
#554=VERTEX_POINT('',#1969);
#555=VERTEX_POINT('',#1974);
#556=VERTEX_POINT('',#1978);
#557=VERTEX_POINT('',#1982);
#558=VERTEX_POINT('',#1986);
#559=VERTEX_POINT('',#1988);
#560=VERTEX_POINT('',#1992);
#561=VERTEX_POINT('',#1998);
#562=VERTEX_POINT('',#2000);
#563=VERTEX_POINT('',#2006);
#564=VERTEX_POINT('',#2007);
#565=VERTEX_POINT('',#2012);
#566=VERTEX_POINT('',#2016);
#567=VERTEX_POINT('',#2017);
#568=VERTEX_POINT('',#2024);
#569=VERTEX_POINT('',#2026);
#570=VERTEX_POINT('',#2030);
#571=VERTEX_POINT('',#2034);
#572=VERTEX_POINT('',#2038);
#573=VERTEX_POINT('',#2039);
#574=VERTEX_POINT('',#2046);
#575=VERTEX_POINT('',#2052);
#576=VERTEX_POINT('',#2055);
#577=VERTEX_POINT('',#2058);
#578=VERTEX_POINT('',#2061);
#579=VERTEX_POINT('',#2064);
#580=VERTEX_POINT('',#2067);
#581=VERTEX_POINT('',#2069);
#582=VERTEX_POINT('',#2073);
#583=VERTEX_POINT('',#2077);
#584=VERTEX_POINT('',#2081);
#585=VERTEX_POINT('',#2085);
#586=VERTEX_POINT('',#2089);
#587=VERTEX_POINT('',#2093);
#588=VERTEX_POINT('',#2097);
#589=VERTEX_POINT('',#2101);
#590=VERTEX_POINT('',#2103);
#591=VERTEX_POINT('',#2107);
#592=VERTEX_POINT('',#2109);
#593=VERTEX_POINT('',#2123);
#594=VERTEX_POINT('',#2127);
#595=VERTEX_POINT('',#2131);
#596=EDGE_CURVE('',#482,#483,#466,.F.);
#597=EDGE_CURVE('',#482,#484,#401,.T.);
#598=EDGE_CURVE('',#484,#485,#467,.T.);
#599=EDGE_CURVE('',#486,#485,#402,.F.);
#600=EDGE_CURVE('',#486,#487,#403,.T.);
#601=EDGE_CURVE('',#487,#488,#404,.T.);
#602=EDGE_CURVE('',#488,#489,#468,.T.);
#603=EDGE_CURVE('',#489,#490,#405,.T.);
#604=EDGE_CURVE('',#483,#490,#469,.F.);
#605=EDGE_CURVE('',#491,#491,#406,.T.);
#606=EDGE_CURVE('',#491,#487,#63,.T.);
#607=EDGE_CURVE('',#486,#492,#64,.T.);
#608=EDGE_CURVE('',#492,#493,#407,.T.);
#609=EDGE_CURVE('',#493,#488,#65,.T.);
#610=EDGE_CURVE('',#494,#495,#470,.T.);
#611=EDGE_CURVE('',#495,#496,#408,.T.);
#612=EDGE_CURVE('',#496,#497,#471,.T.);
#613=EDGE_CURVE('',#497,#494,#409,.T.);
#614=EDGE_CURVE('',#498,#498,#410,.T.);
#615=EDGE_CURVE('',#498,#499,#66,.T.);
#616=EDGE_CURVE('',#499,#500,#411,.T.);
#617=EDGE_CURVE('',#500,#496,#67,.T.);
#618=EDGE_CURVE('',#501,#495,#68,.T.);
#619=EDGE_CURVE('',#501,#499,#412,.T.);
#620=EDGE_CURVE('',#502,#503,#413,.T.);
#621=EDGE_CURVE('',#503,#502,#414,.T.);
#622=EDGE_CURVE('',#502,#504,#415,.T.);
#623=EDGE_CURVE('',#504,#505,#416,.T.);
#624=EDGE_CURVE('',#506,#505,#472,.F.);
#625=EDGE_CURVE('',#506,#507,#473,.T.);
#626=EDGE_CURVE('',#508,#507,#474,.F.);
#627=EDGE_CURVE('',#508,#509,#417,.T.);
#628=EDGE_CURVE('',#510,#509,#475,.F.);
#629=EDGE_CURVE('',#510,#511,#476,.T.);
#630=EDGE_CURVE('',#512,#511,#477,.F.);
#631=EDGE_CURVE('',#512,#504,#418,.T.);
#632=EDGE_CURVE('',#489,#494,#69,.T.);
#633=EDGE_CURVE('',#497,#509,#70,.T.);
#634=EDGE_CURVE('',#508,#513,#71,.T.);
#635=EDGE_CURVE('',#514,#513,#419,.T.);
#636=EDGE_CURVE('',#514,#515,#72,.T.);
#637=EDGE_CURVE('',#516,#515,#420,.T.);
#638=EDGE_CURVE('',#516,#517,#73,.T.);
#639=EDGE_CURVE('',#518,#517,#421,.T.);
#640=EDGE_CURVE('',#518,#505,#74,.T.);
#641=EDGE_CURVE('',#512,#519,#75,.T.);
#642=EDGE_CURVE('',#520,#519,#422,.T.);
#643=EDGE_CURVE('',#520,#521,#76,.T.);
#644=EDGE_CURVE('',#522,#521,#423,.T.);
#645=EDGE_CURVE('',#522,#484,#77,.T.);
#646=EDGE_CURVE('',#482,#523,#78,.T.);
#647=EDGE_CURVE('',#523,#524,#79,.T.);
#648=EDGE_CURVE('',#524,#525,#80,.T.);
#649=EDGE_CURVE('',#525,#490,#81,.T.);
#650=EDGE_CURVE('',#526,#526,#424,.T.);
#651=EDGE_CURVE('',#527,#527,#425,.T.);
#652=EDGE_CURVE('',#528,#529,#82,.T.);
#653=EDGE_CURVE('',#530,#529,#426,.T.);
#654=EDGE_CURVE('',#530,#531,#83,.T.);
#655=EDGE_CURVE('',#532,#531,#427,.T.);
#656=EDGE_CURVE('',#532,#533,#84,.T.);
#657=EDGE_CURVE('',#528,#533,#428,.T.);
#658=EDGE_CURVE('',#534,#535,#85,.T.);
#659=EDGE_CURVE('',#536,#535,#429,.T.);
#660=EDGE_CURVE('',#536,#537,#86,.T.);
#661=EDGE_CURVE('',#538,#537,#430,.T.);
#662=EDGE_CURVE('',#538,#539,#87,.T.);
#663=EDGE_CURVE('',#534,#539,#431,.T.);
#664=EDGE_CURVE('',#540,#540,#432,.T.);
#665=EDGE_CURVE('',#540,#503,#88,.T.);
#666=EDGE_CURVE('',#521,#541,#478,.T.);
#667=EDGE_CURVE('',#541,#542,#433,.T.);
#668=EDGE_CURVE('',#542,#543,#434,.T.);
#669=EDGE_CURVE('',#543,#522,#479,.T.);
#670=EDGE_CURVE('',#544,#544,#435,.T.);
#671=EDGE_CURVE('',#544,#542,#89,.T.);
#672=EDGE_CURVE('',#545,#541,#90,.T.);
#673=EDGE_CURVE('',#545,#546,#436,.T.);
#674=EDGE_CURVE('',#546,#543,#91,.T.);
#675=EDGE_CURVE('',#519,#547,#480,.T.);
#676=EDGE_CURVE('',#547,#548,#437,.T.);
#677=EDGE_CURVE('',#548,#549,#438,.T.);
#678=EDGE_CURVE('',#549,#520,#481,.T.);
#679=EDGE_CURVE('',#550,#550,#439,.T.);
#680=EDGE_CURVE('',#550,#548,#92,.T.);
#681=EDGE_CURVE('',#551,#547,#93,.T.);
#682=EDGE_CURVE('',#551,#552,#440,.T.);
#683=EDGE_CURVE('',#552,#549,#94,.T.);
#684=EDGE_CURVE('',#553,#554,#441,.T.);
#685=EDGE_CURVE('',#554,#507,#95,.T.);
#686=EDGE_CURVE('',#506,#553,#96,.T.);
#687=EDGE_CURVE('',#554,#555,#97,.T.);
#688=EDGE_CURVE('',#513,#555,#98,.T.);
#689=EDGE_CURVE('',#555,#556,#442,.T.);
#690=EDGE_CURVE('',#556,#514,#99,.T.);
#691=EDGE_CURVE('',#556,#557,#100,.T.);
#692=EDGE_CURVE('',#515,#557,#101,.T.);
#693=EDGE_CURVE('',#517,#558,#102,.T.);
#694=EDGE_CURVE('',#558,#559,#443,.T.);
#695=EDGE_CURVE('',#559,#518,#103,.T.);
#696=EDGE_CURVE('',#560,#516,#104,.T.);
#697=EDGE_CURVE('',#558,#560,#105,.T.);
#698=EDGE_CURVE('',#557,#560,#444,.T.);
#699=EDGE_CURVE('',#510,#561,#106,.T.);
#700=EDGE_CURVE('',#561,#562,#445,.T.);
#701=EDGE_CURVE('',#562,#511,#107,.T.);
#702=EDGE_CURVE('',#562,#551,#108,.T.);
#703=EDGE_CURVE('',#563,#564,#446,.T.);
#704=EDGE_CURVE('',#564,#534,#109,.T.);
#705=EDGE_CURVE('',#539,#563,#110,.T.);
#706=EDGE_CURVE('',#564,#565,#111,.T.);
#707=EDGE_CURVE('',#535,#565,#112,.T.);
#708=EDGE_CURVE('',#566,#567,#447,.T.);
#709=EDGE_CURVE('',#567,#538,#113,.T.);
#710=EDGE_CURVE('',#537,#566,#114,.T.);
#711=EDGE_CURVE('',#567,#563,#115,.T.);
#712=EDGE_CURVE('',#533,#568,#116,.T.);
#713=EDGE_CURVE('',#568,#569,#448,.T.);
#714=EDGE_CURVE('',#569,#528,#117,.T.);
#715=EDGE_CURVE('',#570,#532,#118,.T.);
#716=EDGE_CURVE('',#568,#570,#119,.T.);
#717=EDGE_CURVE('',#571,#570,#449,.T.);
#718=EDGE_CURVE('',#531,#571,#120,.T.);
#719=EDGE_CURVE('',#572,#573,#450,.T.);
#720=EDGE_CURVE('',#573,#530,#121,.T.);
#721=EDGE_CURVE('',#529,#572,#122,.T.);
#722=EDGE_CURVE('',#573,#571,#123,.T.);
#723=EDGE_CURVE('',#565,#574,#451,.T.);
#724=EDGE_CURVE('',#574,#536,#124,.T.);
#725=EDGE_CURVE('',#574,#566,#125,.T.);
#726=EDGE_CURVE('',#575,#575,#452,.T.);
#727=EDGE_CURVE('',#576,#576,#453,.T.);
#728=EDGE_CURVE('',#577,#577,#454,.T.);
#729=EDGE_CURVE('',#578,#578,#455,.T.);
#730=EDGE_CURVE('',#579,#579,#456,.T.);
#731=EDGE_CURVE('',#580,#493,#126,.T.);
#732=EDGE_CURVE('',#492,#581,#127,.T.);
#733=EDGE_CURVE('',#581,#580,#457,.T.);
#734=EDGE_CURVE('',#582,#582,#458,.T.);
#735=EDGE_CURVE('',#582,#526,#128,.T.);
#736=EDGE_CURVE('',#583,#583,#459,.T.);
#737=EDGE_CURVE('',#583,#527,#129,.T.);
#738=EDGE_CURVE('',#576,#584,#130,.T.);
#739=EDGE_CURVE('',#584,#584,#460,.T.);
#740=EDGE_CURVE('',#578,#585,#131,.T.);
#741=EDGE_CURVE('',#585,#585,#461,.T.);
#742=EDGE_CURVE('',#575,#586,#132,.T.);
#743=EDGE_CURVE('',#586,#586,#462,.T.);
#744=EDGE_CURVE('',#579,#587,#133,.T.);
#745=EDGE_CURVE('',#587,#587,#463,.T.);
#746=EDGE_CURVE('',#577,#588,#134,.T.);
#747=EDGE_CURVE('',#588,#588,#464,.T.);
#748=EDGE_CURVE('',#589,#525,#135,.T.);
#749=EDGE_CURVE('',#590,#589,#136,.T.);
#750=EDGE_CURVE('',#483,#590,#137,.T.);
#751=EDGE_CURVE('',#524,#591,#138,.T.);
#752=EDGE_CURVE('',#592,#523,#139,.T.);
#753=EDGE_CURVE('',#591,#592,#140,.T.);
#754=EDGE_CURVE('',#569,#572,#141,.T.);
#755=EDGE_CURVE('',#590,#592,#142,.T.);
#756=EDGE_CURVE('',#559,#553,#143,.T.);
#757=EDGE_CURVE('',#591,#589,#144,.T.);
#758=EDGE_CURVE('',#500,#561,#145,.T.);
#759=EDGE_CURVE('',#593,#501,#146,.T.);
#760=EDGE_CURVE('',#593,#580,#147,.T.);
#761=EDGE_CURVE('',#594,#593,#465,.T.);
#762=EDGE_CURVE('',#594,#581,#148,.T.);
#763=EDGE_CURVE('',#595,#594,#149,.T.);
#764=EDGE_CURVE('',#595,#485,#150,.T.);
#765=EDGE_CURVE('',#546,#595,#151,.T.);
#766=EDGE_CURVE('',#552,#545,#152,.T.);
#767=ORIENTED_EDGE('',*,*,#596,.F.);
#768=ORIENTED_EDGE('',*,*,#597,.T.);
#769=ORIENTED_EDGE('',*,*,#598,.T.);
#770=ORIENTED_EDGE('',*,*,#599,.F.);
#771=ORIENTED_EDGE('',*,*,#600,.T.);
#772=ORIENTED_EDGE('',*,*,#601,.T.);
#773=ORIENTED_EDGE('',*,*,#602,.T.);
#774=ORIENTED_EDGE('',*,*,#603,.T.);
#775=ORIENTED_EDGE('',*,*,#604,.F.);
#776=ORIENTED_EDGE('',*,*,#605,.F.);
#777=ORIENTED_EDGE('',*,*,#606,.T.);
#778=ORIENTED_EDGE('',*,*,#600,.F.);
#779=ORIENTED_EDGE('',*,*,#607,.T.);
#780=ORIENTED_EDGE('',*,*,#608,.T.);
#781=ORIENTED_EDGE('',*,*,#609,.T.);
#782=ORIENTED_EDGE('',*,*,#601,.F.);
#783=ORIENTED_EDGE('',*,*,#606,.F.);
#784=ORIENTED_EDGE('',*,*,#610,.T.);
#785=ORIENTED_EDGE('',*,*,#611,.T.);
#786=ORIENTED_EDGE('',*,*,#612,.T.);
#787=ORIENTED_EDGE('',*,*,#613,.T.);
#788=ORIENTED_EDGE('',*,*,#614,.F.);
#789=ORIENTED_EDGE('',*,*,#615,.T.);
#790=ORIENTED_EDGE('',*,*,#616,.T.);
#791=ORIENTED_EDGE('',*,*,#617,.T.);
#792=ORIENTED_EDGE('',*,*,#611,.F.);
#793=ORIENTED_EDGE('',*,*,#618,.F.);
#794=ORIENTED_EDGE('',*,*,#619,.T.);
#795=ORIENTED_EDGE('',*,*,#615,.F.);
#796=ORIENTED_EDGE('',*,*,#620,.T.);
#797=ORIENTED_EDGE('',*,*,#621,.T.);
#798=ORIENTED_EDGE('',*,*,#622,.T.);
#799=ORIENTED_EDGE('',*,*,#623,.T.);
#800=ORIENTED_EDGE('',*,*,#624,.F.);
#801=ORIENTED_EDGE('',*,*,#625,.T.);
#802=ORIENTED_EDGE('',*,*,#626,.F.);
#803=ORIENTED_EDGE('',*,*,#627,.T.);
#804=ORIENTED_EDGE('',*,*,#628,.F.);
#805=ORIENTED_EDGE('',*,*,#629,.T.);
#806=ORIENTED_EDGE('',*,*,#630,.F.);
#807=ORIENTED_EDGE('',*,*,#631,.T.);
#808=ORIENTED_EDGE('',*,*,#622,.F.);
#809=ORIENTED_EDGE('',*,*,#603,.F.);
#810=ORIENTED_EDGE('',*,*,#632,.T.);
#811=ORIENTED_EDGE('',*,*,#613,.F.);
#812=ORIENTED_EDGE('',*,*,#633,.T.);
#813=ORIENTED_EDGE('',*,*,#627,.F.);
#814=ORIENTED_EDGE('',*,*,#634,.T.);
#815=ORIENTED_EDGE('',*,*,#635,.F.);
#816=ORIENTED_EDGE('',*,*,#636,.T.);
#817=ORIENTED_EDGE('',*,*,#637,.F.);
#818=ORIENTED_EDGE('',*,*,#638,.T.);
#819=ORIENTED_EDGE('',*,*,#639,.F.);
#820=ORIENTED_EDGE('',*,*,#640,.T.);
#821=ORIENTED_EDGE('',*,*,#623,.F.);
#822=ORIENTED_EDGE('',*,*,#631,.F.);
#823=ORIENTED_EDGE('',*,*,#641,.T.);
#824=ORIENTED_EDGE('',*,*,#642,.F.);
#825=ORIENTED_EDGE('',*,*,#643,.T.);
#826=ORIENTED_EDGE('',*,*,#644,.F.);
#827=ORIENTED_EDGE('',*,*,#645,.T.);
#828=ORIENTED_EDGE('',*,*,#597,.F.);
#829=ORIENTED_EDGE('',*,*,#646,.T.);
#830=ORIENTED_EDGE('',*,*,#647,.T.);
#831=ORIENTED_EDGE('',*,*,#648,.T.);
#832=ORIENTED_EDGE('',*,*,#649,.T.);
#833=ORIENTED_EDGE('',*,*,#650,.T.);
#834=ORIENTED_EDGE('',*,*,#651,.T.);
#835=ORIENTED_EDGE('',*,*,#652,.T.);
#836=ORIENTED_EDGE('',*,*,#653,.F.);
#837=ORIENTED_EDGE('',*,*,#654,.T.);
#838=ORIENTED_EDGE('',*,*,#655,.F.);
#839=ORIENTED_EDGE('',*,*,#656,.T.);
#840=ORIENTED_EDGE('',*,*,#657,.F.);
#841=ORIENTED_EDGE('',*,*,#658,.T.);
#842=ORIENTED_EDGE('',*,*,#659,.F.);
#843=ORIENTED_EDGE('',*,*,#660,.T.);
#844=ORIENTED_EDGE('',*,*,#661,.F.);
#845=ORIENTED_EDGE('',*,*,#662,.T.);
#846=ORIENTED_EDGE('',*,*,#663,.F.);
#847=ORIENTED_EDGE('',*,*,#664,.F.);
#848=ORIENTED_EDGE('',*,*,#665,.T.);
#849=ORIENTED_EDGE('',*,*,#620,.F.);
#850=ORIENTED_EDGE('',*,*,#621,.F.);
#851=ORIENTED_EDGE('',*,*,#665,.F.);
#852=ORIENTED_EDGE('',*,*,#666,.T.);
#853=ORIENTED_EDGE('',*,*,#667,.T.);
#854=ORIENTED_EDGE('',*,*,#668,.T.);
#855=ORIENTED_EDGE('',*,*,#669,.T.);
#856=ORIENTED_EDGE('',*,*,#644,.T.);
#857=ORIENTED_EDGE('',*,*,#670,.F.);
#858=ORIENTED_EDGE('',*,*,#671,.T.);
#859=ORIENTED_EDGE('',*,*,#667,.F.);
#860=ORIENTED_EDGE('',*,*,#672,.F.);
#861=ORIENTED_EDGE('',*,*,#673,.T.);
#862=ORIENTED_EDGE('',*,*,#674,.T.);
#863=ORIENTED_EDGE('',*,*,#668,.F.);
#864=ORIENTED_EDGE('',*,*,#671,.F.);
#865=ORIENTED_EDGE('',*,*,#675,.T.);
#866=ORIENTED_EDGE('',*,*,#676,.T.);
#867=ORIENTED_EDGE('',*,*,#677,.T.);
#868=ORIENTED_EDGE('',*,*,#678,.T.);
#869=ORIENTED_EDGE('',*,*,#642,.T.);
#870=ORIENTED_EDGE('',*,*,#679,.F.);
#871=ORIENTED_EDGE('',*,*,#680,.T.);
#872=ORIENTED_EDGE('',*,*,#676,.F.);
#873=ORIENTED_EDGE('',*,*,#681,.F.);
#874=ORIENTED_EDGE('',*,*,#682,.T.);
#875=ORIENTED_EDGE('',*,*,#683,.T.);
#876=ORIENTED_EDGE('',*,*,#677,.F.);
#877=ORIENTED_EDGE('',*,*,#680,.F.);
#878=ORIENTED_EDGE('',*,*,#684,.T.);
#879=ORIENTED_EDGE('',*,*,#685,.T.);
#880=ORIENTED_EDGE('',*,*,#625,.F.);
#881=ORIENTED_EDGE('',*,*,#686,.T.);
#882=ORIENTED_EDGE('',*,*,#685,.F.);
#883=ORIENTED_EDGE('',*,*,#687,.T.);
#884=ORIENTED_EDGE('',*,*,#688,.F.);
#885=ORIENTED_EDGE('',*,*,#634,.F.);
#886=ORIENTED_EDGE('',*,*,#626,.T.);
#887=ORIENTED_EDGE('',*,*,#689,.T.);
#888=ORIENTED_EDGE('',*,*,#690,.T.);
#889=ORIENTED_EDGE('',*,*,#635,.T.);
#890=ORIENTED_EDGE('',*,*,#688,.T.);
#891=ORIENTED_EDGE('',*,*,#690,.F.);
#892=ORIENTED_EDGE('',*,*,#691,.T.);
#893=ORIENTED_EDGE('',*,*,#692,.F.);
#894=ORIENTED_EDGE('',*,*,#636,.F.);
#895=ORIENTED_EDGE('',*,*,#639,.T.);
#896=ORIENTED_EDGE('',*,*,#693,.T.);
#897=ORIENTED_EDGE('',*,*,#694,.T.);
#898=ORIENTED_EDGE('',*,*,#695,.T.);
#899=ORIENTED_EDGE('',*,*,#693,.F.);
#900=ORIENTED_EDGE('',*,*,#638,.F.);
#901=ORIENTED_EDGE('',*,*,#696,.F.);
#902=ORIENTED_EDGE('',*,*,#697,.F.);
#903=ORIENTED_EDGE('',*,*,#698,.T.);
#904=ORIENTED_EDGE('',*,*,#696,.T.);
#905=ORIENTED_EDGE('',*,*,#637,.T.);
#906=ORIENTED_EDGE('',*,*,#692,.T.);
#907=ORIENTED_EDGE('',*,*,#699,.T.);
#908=ORIENTED_EDGE('',*,*,#700,.T.);
#909=ORIENTED_EDGE('',*,*,#701,.T.);
#910=ORIENTED_EDGE('',*,*,#629,.F.);
#911=ORIENTED_EDGE('',*,*,#701,.F.);
#912=ORIENTED_EDGE('',*,*,#702,.T.);
#913=ORIENTED_EDGE('',*,*,#681,.T.);
#914=ORIENTED_EDGE('',*,*,#675,.F.);
#915=ORIENTED_EDGE('',*,*,#641,.F.);
#916=ORIENTED_EDGE('',*,*,#630,.T.);
#917=ORIENTED_EDGE('',*,*,#703,.T.);
#918=ORIENTED_EDGE('',*,*,#704,.T.);
#919=ORIENTED_EDGE('',*,*,#663,.T.);
#920=ORIENTED_EDGE('',*,*,#705,.T.);
#921=ORIENTED_EDGE('',*,*,#704,.F.);
#922=ORIENTED_EDGE('',*,*,#706,.T.);
#923=ORIENTED_EDGE('',*,*,#707,.F.);
#924=ORIENTED_EDGE('',*,*,#658,.F.);
#925=ORIENTED_EDGE('',*,*,#708,.T.);
#926=ORIENTED_EDGE('',*,*,#709,.T.);
#927=ORIENTED_EDGE('',*,*,#661,.T.);
#928=ORIENTED_EDGE('',*,*,#710,.T.);
#929=ORIENTED_EDGE('',*,*,#705,.F.);
#930=ORIENTED_EDGE('',*,*,#662,.F.);
#931=ORIENTED_EDGE('',*,*,#709,.F.);
#932=ORIENTED_EDGE('',*,*,#711,.T.);
#933=ORIENTED_EDGE('',*,*,#657,.T.);
#934=ORIENTED_EDGE('',*,*,#712,.T.);
#935=ORIENTED_EDGE('',*,*,#713,.T.);
#936=ORIENTED_EDGE('',*,*,#714,.T.);
#937=ORIENTED_EDGE('',*,*,#712,.F.);
#938=ORIENTED_EDGE('',*,*,#656,.F.);
#939=ORIENTED_EDGE('',*,*,#715,.F.);
#940=ORIENTED_EDGE('',*,*,#716,.F.);
#941=ORIENTED_EDGE('',*,*,#717,.T.);
#942=ORIENTED_EDGE('',*,*,#715,.T.);
#943=ORIENTED_EDGE('',*,*,#655,.T.);
#944=ORIENTED_EDGE('',*,*,#718,.T.);
#945=ORIENTED_EDGE('',*,*,#719,.T.);
#946=ORIENTED_EDGE('',*,*,#720,.T.);
#947=ORIENTED_EDGE('',*,*,#653,.T.);
#948=ORIENTED_EDGE('',*,*,#721,.T.);
#949=ORIENTED_EDGE('',*,*,#718,.F.);
#950=ORIENTED_EDGE('',*,*,#654,.F.);
#951=ORIENTED_EDGE('',*,*,#720,.F.);
#952=ORIENTED_EDGE('',*,*,#722,.T.);
#953=ORIENTED_EDGE('',*,*,#723,.T.);
#954=ORIENTED_EDGE('',*,*,#724,.T.);
#955=ORIENTED_EDGE('',*,*,#659,.T.);
#956=ORIENTED_EDGE('',*,*,#707,.T.);
#957=ORIENTED_EDGE('',*,*,#710,.F.);
#958=ORIENTED_EDGE('',*,*,#660,.F.);
#959=ORIENTED_EDGE('',*,*,#724,.F.);
#960=ORIENTED_EDGE('',*,*,#725,.T.);
#961=ORIENTED_EDGE('',*,*,#664,.T.);
#962=ORIENTED_EDGE('',*,*,#726,.T.);
#963=ORIENTED_EDGE('',*,*,#679,.T.);
#964=ORIENTED_EDGE('',*,*,#727,.T.);
#965=ORIENTED_EDGE('',*,*,#614,.T.);
#966=ORIENTED_EDGE('',*,*,#728,.T.);
#967=ORIENTED_EDGE('',*,*,#670,.T.);
#968=ORIENTED_EDGE('',*,*,#729,.T.);
#969=ORIENTED_EDGE('',*,*,#605,.T.);
#970=ORIENTED_EDGE('',*,*,#730,.T.);
#971=ORIENTED_EDGE('',*,*,#731,.T.);
#972=ORIENTED_EDGE('',*,*,#608,.F.);
#973=ORIENTED_EDGE('',*,*,#732,.T.);
#974=ORIENTED_EDGE('',*,*,#733,.T.);
#975=ORIENTED_EDGE('',*,*,#734,.F.);
#976=ORIENTED_EDGE('',*,*,#735,.T.);
#977=ORIENTED_EDGE('',*,*,#650,.F.);
#978=ORIENTED_EDGE('',*,*,#735,.F.);
#979=ORIENTED_EDGE('',*,*,#736,.F.);
#980=ORIENTED_EDGE('',*,*,#737,.T.);
#981=ORIENTED_EDGE('',*,*,#651,.F.);
#982=ORIENTED_EDGE('',*,*,#737,.F.);
#983=ORIENTED_EDGE('',*,*,#727,.F.);
#984=ORIENTED_EDGE('',*,*,#738,.T.);
#985=ORIENTED_EDGE('',*,*,#739,.F.);
#986=ORIENTED_EDGE('',*,*,#738,.F.);
#987=ORIENTED_EDGE('',*,*,#729,.F.);
#988=ORIENTED_EDGE('',*,*,#740,.T.);
#989=ORIENTED_EDGE('',*,*,#741,.F.);
#990=ORIENTED_EDGE('',*,*,#740,.F.);
#991=ORIENTED_EDGE('',*,*,#726,.F.);
#992=ORIENTED_EDGE('',*,*,#742,.T.);
#993=ORIENTED_EDGE('',*,*,#743,.F.);
#994=ORIENTED_EDGE('',*,*,#742,.F.);
#995=ORIENTED_EDGE('',*,*,#730,.F.);
#996=ORIENTED_EDGE('',*,*,#744,.T.);
#997=ORIENTED_EDGE('',*,*,#745,.F.);
#998=ORIENTED_EDGE('',*,*,#744,.F.);
#999=ORIENTED_EDGE('',*,*,#728,.F.);
#1000=ORIENTED_EDGE('',*,*,#746,.T.);
#1001=ORIENTED_EDGE('',*,*,#747,.F.);
#1002=ORIENTED_EDGE('',*,*,#746,.F.);
#1003=ORIENTED_EDGE('',*,*,#748,.F.);
#1004=ORIENTED_EDGE('',*,*,#749,.F.);
#1005=ORIENTED_EDGE('',*,*,#750,.F.);
#1006=ORIENTED_EDGE('',*,*,#604,.T.);
#1007=ORIENTED_EDGE('',*,*,#649,.F.);
#1008=ORIENTED_EDGE('',*,*,#751,.F.);
#1009=ORIENTED_EDGE('',*,*,#647,.F.);
#1010=ORIENTED_EDGE('',*,*,#752,.F.);
#1011=ORIENTED_EDGE('',*,*,#753,.F.);
#1012=ORIENTED_EDGE('',*,*,#714,.F.);
#1013=ORIENTED_EDGE('',*,*,#754,.T.);
#1014=ORIENTED_EDGE('',*,*,#721,.F.);
#1015=ORIENTED_EDGE('',*,*,#652,.F.);
#1016=ORIENTED_EDGE('',*,*,#750,.T.);
#1017=ORIENTED_EDGE('',*,*,#755,.T.);
#1018=ORIENTED_EDGE('',*,*,#752,.T.);
#1019=ORIENTED_EDGE('',*,*,#646,.F.);
#1020=ORIENTED_EDGE('',*,*,#596,.T.);
#1021=ORIENTED_EDGE('',*,*,#686,.F.);
#1022=ORIENTED_EDGE('',*,*,#624,.T.);
#1023=ORIENTED_EDGE('',*,*,#640,.F.);
#1024=ORIENTED_EDGE('',*,*,#695,.F.);
#1025=ORIENTED_EDGE('',*,*,#756,.T.);
#1026=ORIENTED_EDGE('',*,*,#748,.T.);
#1027=ORIENTED_EDGE('',*,*,#648,.F.);
#1028=ORIENTED_EDGE('',*,*,#751,.T.);
#1029=ORIENTED_EDGE('',*,*,#757,.T.);
#1030=ORIENTED_EDGE('',*,*,#699,.F.);
#1031=ORIENTED_EDGE('',*,*,#628,.T.);
#1032=ORIENTED_EDGE('',*,*,#633,.F.);
#1033=ORIENTED_EDGE('',*,*,#612,.F.);
#1034=ORIENTED_EDGE('',*,*,#617,.F.);
#1035=ORIENTED_EDGE('',*,*,#758,.T.);
#1036=ORIENTED_EDGE('',*,*,#759,.T.);
#1037=ORIENTED_EDGE('',*,*,#618,.T.);
#1038=ORIENTED_EDGE('',*,*,#610,.F.);
#1039=ORIENTED_EDGE('',*,*,#632,.F.);
#1040=ORIENTED_EDGE('',*,*,#602,.F.);
#1041=ORIENTED_EDGE('',*,*,#609,.F.);
#1042=ORIENTED_EDGE('',*,*,#731,.F.);
#1043=ORIENTED_EDGE('',*,*,#760,.F.);
#1044=ORIENTED_EDGE('',*,*,#761,.T.);
#1045=ORIENTED_EDGE('',*,*,#760,.T.);
#1046=ORIENTED_EDGE('',*,*,#733,.F.);
#1047=ORIENTED_EDGE('',*,*,#762,.F.);
#1048=ORIENTED_EDGE('',*,*,#763,.T.);
#1049=ORIENTED_EDGE('',*,*,#762,.T.);
#1050=ORIENTED_EDGE('',*,*,#732,.F.);
#1051=ORIENTED_EDGE('',*,*,#607,.F.);
#1052=ORIENTED_EDGE('',*,*,#599,.T.);
#1053=ORIENTED_EDGE('',*,*,#764,.F.);
#1054=ORIENTED_EDGE('',*,*,#765,.T.);
#1055=ORIENTED_EDGE('',*,*,#764,.T.);
#1056=ORIENTED_EDGE('',*,*,#598,.F.);
#1057=ORIENTED_EDGE('',*,*,#645,.F.);
#1058=ORIENTED_EDGE('',*,*,#669,.F.);
#1059=ORIENTED_EDGE('',*,*,#674,.F.);
#1060=ORIENTED_EDGE('',*,*,#766,.T.);
#1061=ORIENTED_EDGE('',*,*,#672,.T.);
#1062=ORIENTED_EDGE('',*,*,#666,.F.);
#1063=ORIENTED_EDGE('',*,*,#643,.F.);
#1064=ORIENTED_EDGE('',*,*,#678,.F.);
#1065=ORIENTED_EDGE('',*,*,#683,.F.);
#1066=ORIENTED_EDGE('',*,*,#700,.F.);
#1067=ORIENTED_EDGE('',*,*,#758,.F.);
#1068=ORIENTED_EDGE('',*,*,#616,.F.);
#1069=ORIENTED_EDGE('',*,*,#619,.F.);
#1070=ORIENTED_EDGE('',*,*,#759,.F.);
#1071=ORIENTED_EDGE('',*,*,#761,.F.);
#1072=ORIENTED_EDGE('',*,*,#763,.F.);
#1073=ORIENTED_EDGE('',*,*,#765,.F.);
#1074=ORIENTED_EDGE('',*,*,#673,.F.);
#1075=ORIENTED_EDGE('',*,*,#766,.F.);
#1076=ORIENTED_EDGE('',*,*,#682,.F.);
#1077=ORIENTED_EDGE('',*,*,#702,.F.);
#1078=ORIENTED_EDGE('',*,*,#734,.T.);
#1079=ORIENTED_EDGE('',*,*,#736,.T.);
#1080=ORIENTED_EDGE('',*,*,#739,.T.);
#1081=ORIENTED_EDGE('',*,*,#741,.T.);
#1082=ORIENTED_EDGE('',*,*,#743,.T.);
#1083=ORIENTED_EDGE('',*,*,#745,.T.);
#1084=ORIENTED_EDGE('',*,*,#747,.T.);
#1085=ORIENTED_EDGE('',*,*,#684,.F.);
#1086=ORIENTED_EDGE('',*,*,#756,.F.);
#1087=ORIENTED_EDGE('',*,*,#694,.F.);
#1088=ORIENTED_EDGE('',*,*,#697,.T.);
#1089=ORIENTED_EDGE('',*,*,#698,.F.);
#1090=ORIENTED_EDGE('',*,*,#691,.F.);
#1091=ORIENTED_EDGE('',*,*,#689,.F.);
#1092=ORIENTED_EDGE('',*,*,#687,.F.);
#1093=ORIENTED_EDGE('',*,*,#749,.T.);
#1094=ORIENTED_EDGE('',*,*,#757,.F.);
#1095=ORIENTED_EDGE('',*,*,#753,.T.);
#1096=ORIENTED_EDGE('',*,*,#755,.F.);
#1097=ORIENTED_EDGE('',*,*,#716,.T.);
#1098=ORIENTED_EDGE('',*,*,#717,.F.);
#1099=ORIENTED_EDGE('',*,*,#722,.F.);
#1100=ORIENTED_EDGE('',*,*,#719,.F.);
#1101=ORIENTED_EDGE('',*,*,#754,.F.);
#1102=ORIENTED_EDGE('',*,*,#713,.F.);
#1103=ORIENTED_EDGE('',*,*,#703,.F.);
#1104=ORIENTED_EDGE('',*,*,#711,.F.);
#1105=ORIENTED_EDGE('',*,*,#708,.F.);
#1106=ORIENTED_EDGE('',*,*,#725,.F.);
#1107=ORIENTED_EDGE('',*,*,#723,.F.);
#1108=ORIENTED_EDGE('',*,*,#706,.F.);
#1109=TOROIDAL_SURFACE('',#1194,5.05000000000001,2.);
#1110=TOROIDAL_SURFACE('',#1203,5.,2.);
#1111=TOROIDAL_SURFACE('',#1210,5.03762114800428,2.);
#1112=TOROIDAL_SURFACE('',#1233,5.,2.);
#1113=TOROIDAL_SURFACE('',#1239,5.,2.);
#1114=ADVANCED_FACE('',(#267),#1109,.F.);
#1115=ADVANCED_FACE('',(#268),#243,.T.);
#1116=ADVANCED_FACE('',(#269),#1110,.F.);
#1117=ADVANCED_FACE('',(#270),#244,.T.);
#1118=ADVANCED_FACE('',(#271),#1111,.F.);
#1119=ADVANCED_FACE('',(#272,#15,#16,#17,#18),#35,.T.);
#1120=ADVANCED_FACE('',(#273),#245,.T.);
#1121=ADVANCED_FACE('',(#274),#1112,.F.);
#1122=ADVANCED_FACE('',(#275),#246,.T.);
#1123=ADVANCED_FACE('',(#276),#1113,.F.);
#1124=ADVANCED_FACE('',(#277),#247,.T.);
#1125=ADVANCED_FACE('',(#278),#248,.F.);
#1126=ADVANCED_FACE('',(#279),#36,.T.);
#1127=ADVANCED_FACE('',(#280),#249,.F.);
#1128=ADVANCED_FACE('',(#281),#37,.T.);
#1129=ADVANCED_FACE('',(#282),#250,.F.);
#1130=ADVANCED_FACE('',(#283),#38,.T.);
#1131=ADVANCED_FACE('',(#284),#251,.F.);
#1132=ADVANCED_FACE('',(#285),#252,.F.);
#1133=ADVANCED_FACE('',(#286),#39,.T.);
#1134=ADVANCED_FACE('',(#287),#253,.F.);
#1135=ADVANCED_FACE('',(#288),#40,.T.);
#1136=ADVANCED_FACE('',(#289),#254,.F.);
#1137=ADVANCED_FACE('',(#290),#41,.T.);
#1138=ADVANCED_FACE('',(#291),#255,.F.);
#1139=ADVANCED_FACE('',(#292),#42,.T.);
#1140=ADVANCED_FACE('',(#293),#256,.F.);
#1141=ADVANCED_FACE('',(#294),#257,.F.);
#1142=ADVANCED_FACE('',(#295),#43,.T.);
#1143=ADVANCED_FACE('',(#296),#258,.F.);
#1144=ADVANCED_FACE('',(#297),#44,.T.);
#1145=ADVANCED_FACE('',(#298,#19),#45,.T.);
#1146=ADVANCED_FACE('',(#299,#20),#46,.T.);
#1147=ADVANCED_FACE('',(#300,#21),#47,.T.);
#1148=ADVANCED_FACE('',(#301,#22),#48,.T.);
#1149=ADVANCED_FACE('',(#302,#23),#49,.T.);
#1150=ADVANCED_FACE('',(#303),#50,.F.);
#1151=ADVANCED_FACE('',(#304),#259,.F.);
#1152=ADVANCED_FACE('',(#305),#260,.F.);
#1153=ADVANCED_FACE('',(#306),#261,.F.);
#1154=ADVANCED_FACE('',(#307),#262,.F.);
#1155=ADVANCED_FACE('',(#308),#263,.F.);
#1156=ADVANCED_FACE('',(#309),#264,.F.);
#1157=ADVANCED_FACE('',(#310),#265,.F.);
#1158=ADVANCED_FACE('',(#311),#51,.T.);
#1159=ADVANCED_FACE('',(#312),#52,.T.);
#1160=ADVANCED_FACE('',(#313),#53,.T.);
#1161=ADVANCED_FACE('',(#314),#54,.T.);
#1162=ADVANCED_FACE('',(#315),#55,.T.);
#1163=ADVANCED_FACE('',(#316),#56,.T.);
#1164=ADVANCED_FACE('',(#317),#57,.T.);
#1165=ADVANCED_FACE('',(#318),#58,.T.);
#1166=ADVANCED_FACE('',(#319),#266,.T.);
#1167=ADVANCED_FACE('',(#320),#59,.T.);
#1168=ADVANCED_FACE('',(#321),#60,.T.);
#1169=ADVANCED_FACE('',(#322),#61,.T.);
#1170=ADVANCED_FACE('',(#323,#24,#25,#26,#27,#28,#29,#30,#31,#32,#33,#34),
#62,.F.);
#1171=CLOSED_SHELL('',(#1114,#1115,#1116,#1117,#1118,#1119,#1120,#1121,
#1122,#1123,#1124,#1125,#1126,#1127,#1128,#1129,#1130,#1131,#1132,#1133,
#1134,#1135,#1136,#1137,#1138,#1139,#1140,#1141,#1142,#1143,#1144,#1145,
#1146,#1147,#1148,#1149,#1150,#1151,#1152,#1153,#1154,#1155,#1156,#1157,
#1158,#1159,#1160,#1161,#1162,#1163,#1164,#1165,#1166,#1167,#1168,#1169,
#1170));
#1172=DERIVED_UNIT_ELEMENT(#1175,1.);
#1173=DERIVED_UNIT_ELEMENT(#2144,-3.);
#1174=DIMENSIONAL_EXPONENTS(0.,1.,0.,0.,0.,0.,0.);
#1175=(
CONVERSION_BASED_UNIT('gram',#1177)
MASS_UNIT()
NAMED_UNIT(#1174)
);
#1176=(
MASS_UNIT()
NAMED_UNIT(*)
SI_UNIT(.KILO.,.GRAM.)
);
#1177=MASS_MEASURE_WITH_UNIT(MASS_MEASURE(0.001),#1176);
#1178=DERIVED_UNIT((#1172,#1173));
#1179=MEASURE_REPRESENTATION_ITEM('density measure',
POSITIVE_RATIO_MEASURE(1.),#1178);
#1180=PROPERTY_DEFINITION_REPRESENTATION(#1185,#1182);
#1181=PROPERTY_DEFINITION_REPRESENTATION(#1186,#1183);
#1182=REPRESENTATION('material name',(#1184),#2141);
#1183=REPRESENTATION('density',(#1179),#2141);
#1184=DESCRIPTIVE_REPRESENTATION_ITEM('Generic','Generic');
#1185=PROPERTY_DEFINITION('material property','material name',#2151);
#1186=PROPERTY_DEFINITION('material property','density of part',#2151);
#1187=DATE_TIME_ROLE('creation_date');
#1188=APPLIED_DATE_AND_TIME_ASSIGNMENT(#1189,#1187,(#2151));
#1189=DATE_AND_TIME(#1190,#1191);
#1190=CALENDAR_DATE(2024,16,7);
#1191=LOCAL_TIME(0,0,0.,#1192);
#1192=COORDINATED_UNIVERSAL_TIME_OFFSET(0,0,.BEHIND.);
#1193=AXIS2_PLACEMENT_3D('',#1652,#1316,#1317);
#1194=AXIS2_PLACEMENT_3D('',#1653,#1318,#1319);
#1195=AXIS2_PLACEMENT_3D('',#1663,#1320,#1321);
#1196=AXIS2_PLACEMENT_3D('',#1682,#1322,#1323);
#1197=AXIS2_PLACEMENT_3D('',#1684,#1324,#1325);
#1198=AXIS2_PLACEMENT_3D('',#1686,#1326,#1327);
#1199=AXIS2_PLACEMENT_3D('',#1701,#1328,#1329);
#1200=AXIS2_PLACEMENT_3D('',#1710,#1330,#1331);
#1201=AXIS2_PLACEMENT_3D('',#1712,#1332,#1333);
#1202=AXIS2_PLACEMENT_3D('',#1717,#1336,#1337);
#1203=AXIS2_PLACEMENT_3D('',#1719,#1339,#1340);
#1204=AXIS2_PLACEMENT_3D('',#1733,#1341,#1342);
#1205=AXIS2_PLACEMENT_3D('',#1745,#1343,#1344);
#1206=AXIS2_PLACEMENT_3D('',#1746,#1345,#1346);
#1207=AXIS2_PLACEMENT_3D('',#1748,#1347,#1348);
#1208=AXIS2_PLACEMENT_3D('',#1752,#1350,#1351);
#1209=AXIS2_PLACEMENT_3D('',#1756,#1354,#1355);
#1210=AXIS2_PLACEMENT_3D('',#1757,#1356,#1357);
#1211=AXIS2_PLACEMENT_3D('',#1760,#1358,#1359);
#1212=AXIS2_PLACEMENT_3D('',#1761,#1360,#1361);
#1213=AXIS2_PLACEMENT_3D('',#1763,#1362,#1363);
#1214=AXIS2_PLACEMENT_3D('',#1765,#1364,#1365);
#1215=AXIS2_PLACEMENT_3D('',#1796,#1366,#1367);
#1216=AXIS2_PLACEMENT_3D('',#1830,#1368,#1369);
#1217=AXIS2_PLACEMENT_3D('',#1831,#1370,#1371);
#1218=AXIS2_PLACEMENT_3D('',#1837,#1375,#1376);
#1219=AXIS2_PLACEMENT_3D('',#1841,#1378,#1379);
#1220=AXIS2_PLACEMENT_3D('',#1845,#1381,#1382);
#1221=AXIS2_PLACEMENT_3D('',#1850,#1385,#1386);
#1222=AXIS2_PLACEMENT_3D('',#1854,#1388,#1389);
#1223=AXIS2_PLACEMENT_3D('',#1864,#1395,#1396);
#1224=AXIS2_PLACEMENT_3D('',#1866,#1397,#1398);
#1225=AXIS2_PLACEMENT_3D('',#1871,#1400,#1401);
#1226=AXIS2_PLACEMENT_3D('',#1875,#1403,#1404);
#1227=AXIS2_PLACEMENT_3D('',#1878,#1406,#1407);
#1228=AXIS2_PLACEMENT_3D('',#1883,#1409,#1410);
#1229=AXIS2_PLACEMENT_3D('',#1887,#1412,#1413);
#1230=AXIS2_PLACEMENT_3D('',#1890,#1415,#1416);
#1231=AXIS2_PLACEMENT_3D('',#1891,#1417,#1418);
#1232=AXIS2_PLACEMENT_3D('',#1893,#1419,#1420);
#1233=AXIS2_PLACEMENT_3D('',#1895,#1422,#1423);
#1234=AXIS2_PLACEMENT_3D('',#1908,#1424,#1425);
#1235=AXIS2_PLACEMENT_3D('',#1910,#1426,#1427);
#1236=AXIS2_PLACEMENT_3D('',#1923,#1428,#1429);
#1237=AXIS2_PLACEMENT_3D('',#1925,#1430,#1431);
#1238=AXIS2_PLACEMENT_3D('',#1930,#1434,#1435);
#1239=AXIS2_PLACEMENT_3D('',#1932,#1437,#1438);
#1240=AXIS2_PLACEMENT_3D('',#1945,#1439,#1440);
#1241=AXIS2_PLACEMENT_3D('',#1947,#1441,#1442);
#1242=AXIS2_PLACEMENT_3D('',#1958,#1443,#1444);
#1243=AXIS2_PLACEMENT_3D('',#1960,#1445,#1446);
#1244=AXIS2_PLACEMENT_3D('',#1965,#1449,#1450);
#1245=AXIS2_PLACEMENT_3D('',#1967,#1452,#1453);
#1246=AXIS2_PLACEMENT_3D('',#1970,#1454,#1455);
#1247=AXIS2_PLACEMENT_3D('',#1973,#1458,#1459);
#1248=AXIS2_PLACEMENT_3D('',#1977,#1462,#1463);
#1249=AXIS2_PLACEMENT_3D('',#1979,#1464,#1465);
#1250=AXIS2_PLACEMENT_3D('',#1981,#1467,#1468);
#1251=AXIS2_PLACEMENT_3D('',#1985,#1471,#1472);
#1252=AXIS2_PLACEMENT_3D('',#1989,#1474,#1475);
#1253=AXIS2_PLACEMENT_3D('',#1991,#1477,#1478);
#1254=AXIS2_PLACEMENT_3D('',#1995,#1481,#1482);
#1255=AXIS2_PLACEMENT_3D('',#1996,#1483,#1484);
#1256=AXIS2_PLACEMENT_3D('',#1997,#1485,#1486);
#1257=AXIS2_PLACEMENT_3D('',#2001,#1488,#1489);
#1258=AXIS2_PLACEMENT_3D('',#2003,#1491,#1492);
#1259=AXIS2_PLACEMENT_3D('',#2005,#1494,#1495);
#1260=AXIS2_PLACEMENT_3D('',#2008,#1496,#1497);
#1261=AXIS2_PLACEMENT_3D('',#2011,#1500,#1501);
#1262=AXIS2_PLACEMENT_3D('',#2015,#1504,#1505);
#1263=AXIS2_PLACEMENT_3D('',#2018,#1506,#1507);
#1264=AXIS2_PLACEMENT_3D('',#2021,#1510,#1511);
#1265=AXIS2_PLACEMENT_3D('',#2023,#1513,#1514);
#1266=AXIS2_PLACEMENT_3D('',#2027,#1516,#1517);
#1267=AXIS2_PLACEMENT_3D('',#2029,#1519,#1520);
#1268=AXIS2_PLACEMENT_3D('',#2033,#1523,#1524);
#1269=AXIS2_PLACEMENT_3D('',#2035,#1525,#1526);
#1270=AXIS2_PLACEMENT_3D('',#2037,#1528,#1529);
#1271=AXIS2_PLACEMENT_3D('',#2040,#1530,#1531);
#1272=AXIS2_PLACEMENT_3D('',#2043,#1534,#1535);
#1273=AXIS2_PLACEMENT_3D('',#2045,#1537,#1538);
#1274=AXIS2_PLACEMENT_3D('',#2047,#1539,#1540);
#1275=AXIS2_PLACEMENT_3D('',#2049,#1542,#1543);
#1276=AXIS2_PLACEMENT_3D('',#2051,#1545,#1546);
#1277=AXIS2_PLACEMENT_3D('',#2053,#1547,#1548);
#1278=AXIS2_PLACEMENT_3D('',#2054,#1549,#1550);
#1279=AXIS2_PLACEMENT_3D('',#2056,#1551,#1552);
#1280=AXIS2_PLACEMENT_3D('',#2057,#1553,#1554);
#1281=AXIS2_PLACEMENT_3D('',#2059,#1555,#1556);
#1282=AXIS2_PLACEMENT_3D('',#2060,#1557,#1558);
#1283=AXIS2_PLACEMENT_3D('',#2062,#1559,#1560);
#1284=AXIS2_PLACEMENT_3D('',#2063,#1561,#1562);
#1285=AXIS2_PLACEMENT_3D('',#2065,#1563,#1564);
#1286=AXIS2_PLACEMENT_3D('',#2066,#1565,#1566);
#1287=AXIS2_PLACEMENT_3D('',#2071,#1569,#1570);
#1288=AXIS2_PLACEMENT_3D('',#2072,#1571,#1572);
#1289=AXIS2_PLACEMENT_3D('',#2074,#1573,#1574);
#1290=AXIS2_PLACEMENT_3D('',#2076,#1576,#1577);
#1291=AXIS2_PLACEMENT_3D('',#2078,#1578,#1579);
#1292=AXIS2_PLACEMENT_3D('',#2080,#1581,#1582);
#1293=AXIS2_PLACEMENT_3D('',#2083,#1584,#1585);
#1294=AXIS2_PLACEMENT_3D('',#2084,#1586,#1587);
#1295=AXIS2_PLACEMENT_3D('',#2087,#1589,#1590);
#1296=AXIS2_PLACEMENT_3D('',#2088,#1591,#1592);
#1297=AXIS2_PLACEMENT_3D('',#2091,#1594,#1595);
#1298=AXIS2_PLACEMENT_3D('',#2092,#1596,#1597);
#1299=AXIS2_PLACEMENT_3D('',#2095,#1599,#1600);
#1300=AXIS2_PLACEMENT_3D('',#2096,#1601,#1602);
#1301=AXIS2_PLACEMENT_3D('',#2099,#1604,#1605);
#1302=AXIS2_PLACEMENT_3D('',#2100,#1606,#1607);
#1303=AXIS2_PLACEMENT_3D('',#2106,#1611,#1612);
#1304=AXIS2_PLACEMENT_3D('',#2112,#1616,#1617);
#1305=AXIS2_PLACEMENT_3D('',#2114,#1619,#1620);
#1306=AXIS2_PLACEMENT_3D('',#2116,#1622,#1623);
#1307=AXIS2_PLACEMENT_3D('',#2118,#1625,#1626);
#1308=AXIS2_PLACEMENT_3D('',#2120,#1628,#1629);
#1309=AXIS2_PLACEMENT_3D('',#2122,#1631,#1632);
#1310=AXIS2_PLACEMENT_3D('',#2126,#1635,#1636);
#1311=AXIS2_PLACEMENT_3D('',#2128,#1637,#1638);
#1312=AXIS2_PLACEMENT_3D('',#2130,#1640,#1641);
#1313=AXIS2_PLACEMENT_3D('',#2134,#1644,#1645);
#1314=AXIS2_PLACEMENT_3D('',#2136,#1647,#1648);
#1315=AXIS2_PLACEMENT_3D('',#2138,#1650,#1651);
#1316=DIRECTION('axis',(0.,0.,1.));
#1317=DIRECTION('refdir',(1.,0.,0.));
#1318=DIRECTION('center_axis',(0.,0.,-1.));
#1319=DIRECTION('ref_axis',(0.597212431638418,-0.802083107599535,0.));
#1320=DIRECTION('center_axis',(0.,0.,1.));
#1321=DIRECTION('ref_axis',(0.597212431638419,-0.802083107599535,0.));
#1322=DIRECTION('center_axis',(-1.,0.,0.));
#1323=DIRECTION('ref_axis',(0.,1.,0.));
#1324=DIRECTION('center_axis',(0.,0.,-1.));
#1325=DIRECTION('ref_axis',(0.597212431638419,-0.802083107599535,0.));
#1326=DIRECTION('center_axis',(0.,0.,-1.));
#1327=DIRECTION('ref_axis',(0.597212431638419,-0.802083107599535,0.));
#1328=DIRECTION('center_axis',(0.,0.,1.));
#1329=DIRECTION('ref_axis',(0.597212431638419,-0.802083107599535,0.));
#1330=DIRECTION('center_axis',(0.,0.,1.));
#1331=DIRECTION('ref_axis',(1.,0.,0.));
#1332=DIRECTION('center_axis',(0.,0.,1.));
#1333=DIRECTION('ref_axis',(1.,0.,0.));
#1334=DIRECTION('',(0.,0.,-1.));
#1335=DIRECTION('',(0.,0.,-1.));
#1336=DIRECTION('center_axis',(0.,0.,1.));
#1337=DIRECTION('ref_axis',(1.,0.,0.));
#1338=DIRECTION('',(0.,0.,1.));
#1339=DIRECTION('center_axis',(0.,0.,-1.));
#1340=DIRECTION('ref_axis',(0.873738673868264,0.486395651488505,0.));
#1341=DIRECTION('center_axis',(0.,0.,-1.));
#1342=DIRECTION('ref_axis',(0.873738673868264,0.486395651488505,0.));
#1343=DIRECTION('center_axis',(0.,0.,1.));
#1344=DIRECTION('ref_axis',(0.873738673868264,0.486395651488505,0.));
#1345=DIRECTION('center_axis',(0.,0.,1.));
#1346=DIRECTION('ref_axis',(1.,0.,0.));
#1347=DIRECTION('center_axis',(0.,0.,1.));
#1348=DIRECTION('ref_axis',(1.,0.,0.));
#1349=DIRECTION('',(0.,0.,-1.));
#1350=DIRECTION('center_axis',(0.,0.,1.));
#1351=DIRECTION('ref_axis',(1.,0.,0.));
#1352=DIRECTION('',(0.,0.,1.));
#1353=DIRECTION('',(0.,0.,1.));
#1354=DIRECTION('center_axis',(0.,0.,1.));
#1355=DIRECTION('ref_axis',(1.,0.,0.));
#1356=DIRECTION('center_axis',(0.,0.,-1.));
#1357=DIRECTION('ref_axis',(-1.,0.,0.));
#1358=DIRECTION('center_axis',(0.,0.,-1.));
#1359=DIRECTION('ref_axis',(0.238043760536464,0.971254430141587,0.));
#1360=DIRECTION('center_axis',(0.,0.,-1.));
#1361=DIRECTION('ref_axis',(0.238043760536464,0.971254430141587,0.));
#1362=DIRECTION('center_axis',(0.,-1.,0.));
#1363=DIRECTION('ref_axis',(1.,0.,0.));
#1364=DIRECTION('center_axis',(0.,0.,1.));
#1365=DIRECTION('ref_axis',(0.238043760536464,0.971254430141587,0.));
#1366=DIRECTION('center_axis',(0.,0.,1.));
#1367=DIRECTION('ref_axis',(0.238043760536464,0.971254430141587,0.));
#1368=DIRECTION('center_axis',(0.,0.,1.));
#1369=DIRECTION('ref_axis',(0.238043760536464,0.971254430141587,0.));
#1370=DIRECTION('center_axis',(0.,0.,1.));
#1371=DIRECTION('ref_axis',(1.,0.,0.));
#1372=DIRECTION('',(-0.454734187656184,-0.89062720516312,0.));
#1373=DIRECTION('',(0.996573789265557,-0.082708418851338,0.));
#1374=DIRECTION('',(-0.996573789265557,0.0827084188513381,0.));
#1375=DIRECTION('center_axis',(0.,0.,1.));
#1376=DIRECTION('ref_axis',(-0.873738673868263,-0.486395651488506,0.));
#1377=DIRECTION('',(0.454734187656184,0.89062720516312,0.));
#1378=DIRECTION('center_axis',(0.,0.,1.));
#1379=DIRECTION('ref_axis',(-0.198958877812922,0.980007839223454,0.));
#1380=DIRECTION('',(0.766044443118978,-0.64278760968654,0.));
#1381=DIRECTION('center_axis',(0.,0.,1.));
#1382=DIRECTION('ref_axis',(0.999864510419489,-0.0164608870841114,0.));
#1383=DIRECTION('',(-0.786788148416406,-0.617223144018015,0.));
#1384=DIRECTION('',(0.921876964436301,-0.387482725346191,0.));
#1385=DIRECTION('center_axis',(0.,0.,1.));
#1386=DIRECTION('ref_axis',(-0.648270730012672,0.761409916279554,0.));
#1387=DIRECTION('',(-0.235492493419951,0.971876167802696,0.));
#1388=DIRECTION('center_axis',(0.,0.,1.));
#1389=DIRECTION('ref_axis',(-0.511624784339859,-0.859208985084067,0.));
#1390=DIRECTION('',(-1.,-1.42885846155104E-16,0.));
#1391=DIRECTION('',(1.,0.,0.));
#1392=DIRECTION('',(0.766044443118978,-0.64278760968654,0.));
#1393=DIRECTION('',(-0.786788148416406,-0.617223144018015,0.));
#1394=DIRECTION('',(-0.766044443118978,0.64278760968654,0.));
#1395=DIRECTION('center_axis',(0.,0.,-1.));
#1396=DIRECTION('ref_axis',(-1.,0.,0.));
#1397=DIRECTION('center_axis',(0.,0.,-1.));
#1398=DIRECTION('ref_axis',(-1.,0.,0.));
#1399=DIRECTION('',(1.,0.,0.));
#1400=DIRECTION('center_axis',(0.,0.,1.));
#1401=DIRECTION('ref_axis',(0.945195257186682,0.326505629035399,0.));
#1402=DIRECTION('',(-0.786788148416406,-0.617223144018015,0.));
#1403=DIRECTION('center_axis',(0.,0.,1.));
#1404=DIRECTION('ref_axis',(-0.0164608870841173,-0.999864510419489,0.));
#1405=DIRECTION('',(-0.766044443118978,0.64278760968654,0.));
#1406=DIRECTION('center_axis',(0.,0.,1.));
#1407=DIRECTION('ref_axis',(-0.939692620785909,0.342020143325669,0.));
#1408=DIRECTION('',(0.786788148416406,0.617223144018015,0.));
#1409=DIRECTION('center_axis',(0.,0.,1.));
#1410=DIRECTION('ref_axis',(0.327759693410269,0.944761125034052,0.));
#1411=DIRECTION('',(0.235492493419951,-0.971876167802696,0.));
#1412=DIRECTION('center_axis',(0.,0.,1.));
#1413=DIRECTION('ref_axis',(0.648270730012668,-0.761409916279557,0.));
#1414=DIRECTION('',(-0.921876964436301,0.387482725346191,0.));
#1415=DIRECTION('center_axis',(0.,0.,1.));
#1416=DIRECTION('ref_axis',(-0.991081524373101,-0.13325693995545,0.));
#1417=DIRECTION('center_axis',(0.,0.,1.));
#1418=DIRECTION('ref_axis',(1.,0.,0.));
#1419=DIRECTION('center_axis',(0.,0.,1.));
#1420=DIRECTION('ref_axis',(1.,0.,0.));
#1421=DIRECTION('',(0.,0.,-1.));
#1422=DIRECTION('center_axis',(0.,0.,-1.));
#1423=DIRECTION('ref_axis',(-0.511624784339858,-0.859208985084068,0.));
#1424=DIRECTION('center_axis',(0.,0.,-1.));
#1425=DIRECTION('ref_axis',(-0.511624784339859,-0.859208985084067,0.));
#1426=DIRECTION('center_axis',(0.,0.,-1.));
#1427=DIRECTION('ref_axis',(-0.511624784339859,-0.859208985084067,0.));
#1428=DIRECTION('center_axis',(0.,0.,1.));
#1429=DIRECTION('ref_axis',(1.,0.,0.));
#1430=DIRECTION('center_axis',(0.,0.,1.));
#1431=DIRECTION('ref_axis',(1.,0.,0.));
#1432=DIRECTION('',(0.,0.,-1.));
#1433=DIRECTION('',(0.,0.,1.));
#1434=DIRECTION('center_axis',(0.,0.,1.));
#1435=DIRECTION('ref_axis',(1.,0.,0.));
#1436=DIRECTION('',(0.,0.,1.));
#1437=DIRECTION('center_axis',(0.,0.,-1.));
#1438=DIRECTION('ref_axis',(-1.,0.,0.));
#1439=DIRECTION('center_axis',(0.,0.,-1.));
#1440=DIRECTION('ref_axis',(-0.648270730012672,0.761409916279554,0.));
#1441=DIRECTION('center_axis',(0.,0.,-1.));
#1442=DIRECTION('ref_axis',(-0.648270730012672,0.761409916279554,0.));
#1443=DIRECTION('center_axis',(0.,0.,1.));
#1444=DIRECTION('ref_axis',(1.,0.,0.));
#1445=DIRECTION('center_axis',(0.,0.,1.));
#1446=DIRECTION('ref_axis',(1.,0.,0.));
#1447=DIRECTION('',(0.,0.,-1.));
#1448=DIRECTION('',(0.,0.,1.));
#1449=DIRECTION('center_axis',(0.,0.,1.));
#1450=DIRECTION('ref_axis',(1.,0.,0.));
#1451=DIRECTION('',(0.,0.,1.));
#1452=DIRECTION('center_axis',(0.,0.,1.));
#1453=DIRECTION('ref_axis',(0.28710451342956,-0.957899263163082,0.));
#1454=DIRECTION('center_axis',(0.,0.,-1.));
#1455=DIRECTION('ref_axis',(0.28710451342956,-0.957899263163082,0.));
#1456=DIRECTION('',(0.,0.,1.));
#1457=DIRECTION('',(0.,0.,-1.));
#1458=DIRECTION('center_axis',(0.0827084188513381,0.996573789265557,0.));
#1459=DIRECTION('ref_axis',(-0.996573789265557,0.0827084188513381,0.));
#1460=DIRECTION('',(-0.996573789265557,0.0827084188513381,0.));
#1461=DIRECTION('',(0.,0.,-1.));
#1462=DIRECTION('center_axis',(0.,0.,1.));
#1463=DIRECTION('ref_axis',(-0.873738673868263,-0.486395651488506,0.));
#1464=DIRECTION('center_axis',(0.,0.,-1.));
#1465=DIRECTION('ref_axis',(-0.873738673868263,-0.486395651488506,0.));
#1466=DIRECTION('',(0.,0.,1.));
#1467=DIRECTION('center_axis',(0.89062720516312,-0.454734187656184,0.));
#1468=DIRECTION('ref_axis',(0.454734187656184,0.89062720516312,0.));
#1469=DIRECTION('',(0.454734187656184,0.89062720516312,0.));
#1470=DIRECTION('',(0.,0.,-1.));
#1471=DIRECTION('center_axis',(0.,0.,-1.));
#1472=DIRECTION('ref_axis',(0.999864510419489,-0.0164608870841114,0.));
#1473=DIRECTION('',(0.,0.,-1.));
#1474=DIRECTION('center_axis',(0.,0.,-1.));
#1475=DIRECTION('ref_axis',(0.999864510419489,-0.0164608870841114,0.));
#1476=DIRECTION('',(0.,0.,1.));
#1477=DIRECTION('center_axis',(-0.64278760968654,-0.766044443118978,0.));
#1478=DIRECTION('ref_axis',(-0.766044443118978,0.64278760968654,0.));
#1479=DIRECTION('',(0.,0.,1.));
#1480=DIRECTION('',(-0.766044443118978,0.64278760968654,0.));
#1481=DIRECTION('center_axis',(0.,0.,1.));
#1482=DIRECTION('ref_axis',(-0.198958877812922,0.980007839223454,0.));
#1483=DIRECTION('center_axis',(0.,0.,-1.));
#1484=DIRECTION('ref_axis',(-0.198958877812922,0.980007839223454,0.));
#1485=DIRECTION('center_axis',(0.,0.,1.));
#1486=DIRECTION('ref_axis',(0.238043760536455,0.971254430141589,0.));
#1487=DIRECTION('',(0.,0.,-1.));
#1488=DIRECTION('center_axis',(0.,0.,-1.));
#1489=DIRECTION('ref_axis',(0.238043760536455,0.971254430141589,0.));
#1490=DIRECTION('',(0.,0.,1.));
#1491=DIRECTION('center_axis',(-0.387482725346191,-0.921876964436301,0.));
#1492=DIRECTION('ref_axis',(0.921876964436301,-0.387482725346191,0.));
#1493=DIRECTION('',(0.921876964436301,-0.387482725346191,0.));
#1494=DIRECTION('center_axis',(0.,0.,1.));
#1495=DIRECTION('ref_axis',(-0.991081524373101,-0.13325693995545,0.));
#1496=DIRECTION('center_axis',(0.,0.,-1.));
#1497=DIRECTION('ref_axis',(-0.991081524373101,-0.13325693995545,0.));
#1498=DIRECTION('',(0.,0.,1.));
#1499=DIRECTION('',(0.,0.,-1.));
#1500=DIRECTION('center_axis',(0.617223144018015,-0.786788148416406,0.));
#1501=DIRECTION('ref_axis',(0.786788148416406,0.617223144018015,0.));
#1502=DIRECTION('',(0.786788148416406,0.617223144018015,0.));
#1503=DIRECTION('',(0.,0.,-1.));
#1504=DIRECTION('center_axis',(0.,0.,1.));
#1505=DIRECTION('ref_axis',(0.648270730012668,-0.761409916279557,0.));
#1506=DIRECTION('center_axis',(0.,0.,-1.));
#1507=DIRECTION('ref_axis',(0.648270730012668,-0.761409916279557,0.));
#1508=DIRECTION('',(0.,0.,1.));
#1509=DIRECTION('',(0.,0.,-1.));
#1510=DIRECTION('center_axis',(0.387482725346191,0.921876964436301,0.));
#1511=DIRECTION('ref_axis',(-0.921876964436301,0.387482725346191,0.));
#1512=DIRECTION('',(-0.921876964436301,0.387482725346191,0.));
#1513=DIRECTION('center_axis',(0.,0.,-1.));
#1514=DIRECTION('ref_axis',(-0.939692620785909,0.342020143325669,0.));
#1515=DIRECTION('',(0.,0.,-1.));
#1516=DIRECTION('center_axis',(0.,0.,-1.));
#1517=DIRECTION('ref_axis',(-0.939692620785909,0.342020143325669,0.));
#1518=DIRECTION('',(0.,0.,1.));
#1519=DIRECTION('center_axis',(0.64278760968654,0.766044443118978,0.));
#1520=DIRECTION('ref_axis',(0.766044443118978,-0.64278760968654,0.));
#1521=DIRECTION('',(0.,0.,1.));
#1522=DIRECTION('',(0.766044443118978,-0.64278760968654,0.));
#1523=DIRECTION('center_axis',(0.,0.,1.));
#1524=DIRECTION('ref_axis',(-0.0164608870841173,-0.999864510419489,0.));
#1525=DIRECTION('center_axis',(0.,0.,-1.));
#1526=DIRECTION('ref_axis',(-0.0164608870841173,-0.999864510419489,0.));
#1527=DIRECTION('',(0.,0.,-1.));
#1528=DIRECTION('center_axis',(0.,0.,1.));
#1529=DIRECTION('ref_axis',(0.945195257186682,0.326505629035399,0.));
#1530=DIRECTION('center_axis',(0.,0.,-1.));
#1531=DIRECTION('ref_axis',(0.945195257186682,0.326505629035399,0.));
#1532=DIRECTION('',(0.,0.,1.));
#1533=DIRECTION('',(0.,0.,-1.));
#1534=DIRECTION('center_axis',(-0.617223144018015,0.786788148416406,0.));
#1535=DIRECTION('ref_axis',(-0.786788148416406,-0.617223144018015,0.));
#1536=DIRECTION('',(-0.786788148416406,-0.617223144018015,0.));
#1537=DIRECTION('center_axis',(0.,0.,1.));
#1538=DIRECTION('ref_axis',(0.327759693410269,0.944761125034052,0.));
#1539=DIRECTION('center_axis',(0.,0.,-1.));
#1540=DIRECTION('ref_axis',(0.327759693410269,0.944761125034052,0.));
#1541=DIRECTION('',(0.,0.,1.));
#1542=DIRECTION('center_axis',(-0.971876167802696,-0.235492493419951,0.));
#1543=DIRECTION('ref_axis',(0.235492493419951,-0.971876167802696,0.));
#1544=DIRECTION('',(0.235492493419951,-0.971876167802696,0.));
#1545=DIRECTION('center_axis',(0.,0.,1.));
#1546=DIRECTION('ref_axis',(1.,0.,0.));
#1547=DIRECTION('center_axis',(0.,0.,-1.));
#1548=DIRECTION('ref_axis',(-1.,0.,0.));
#1549=DIRECTION('center_axis',(0.,0.,1.));
#1550=DIRECTION('ref_axis',(1.,0.,0.));
#1551=DIRECTION('center_axis',(0.,0.,-1.));
#1552=DIRECTION('ref_axis',(-1.,0.,0.));
#1553=DIRECTION('center_axis',(0.,0.,1.));
#1554=DIRECTION('ref_axis',(1.,0.,0.));
#1555=DIRECTION('center_axis',(0.,0.,-1.));
#1556=DIRECTION('ref_axis',(-1.,0.,0.));
#1557=DIRECTION('center_axis',(0.,0.,1.));
#1558=DIRECTION('ref_axis',(1.,0.,0.));
#1559=DIRECTION('center_axis',(0.,0.,-1.));
#1560=DIRECTION('ref_axis',(-1.,0.,0.));
#1561=DIRECTION('center_axis',(0.,0.,1.));
#1562=DIRECTION('ref_axis',(1.,0.,0.));
#1563=DIRECTION('center_axis',(0.,0.,-1.));
#1564=DIRECTION('ref_axis',(-1.,0.,0.));
#1565=DIRECTION('center_axis',(0.,0.,1.));
#1566=DIRECTION('ref_axis',(1.,0.,0.));
#1567=DIRECTION('',(-0.454734187656184,-0.89062720516312,0.));
#1568=DIRECTION('',(0.,-1.,0.));
#1569=DIRECTION('center_axis',(0.,0.,1.));
#1570=DIRECTION('ref_axis',(1.,0.,0.));
#1571=DIRECTION('center_axis',(0.,0.,1.));
#1572=DIRECTION('ref_axis',(-1.,0.,0.));
#1573=DIRECTION('center_axis',(0.,0.,1.));
#1574=DIRECTION('ref_axis',(-1.,0.,0.));
#1575=DIRECTION('',(0.,0.,1.));
#1576=DIRECTION('center_axis',(0.,0.,1.));
#1577=DIRECTION('ref_axis',(-1.,0.,0.));
#1578=DIRECTION('center_axis',(0.,0.,1.));
#1579=DIRECTION('ref_axis',(-1.,0.,0.));
#1580=DIRECTION('',(0.,0.,1.));
#1581=DIRECTION('center_axis',(0.,0.,-1.));
#1582=DIRECTION('ref_axis',(1.,0.,0.));
#1583=DIRECTION('',(0.,0.,-1.));
#1584=DIRECTION('center_axis',(0.,0.,1.));
#1585=DIRECTION('ref_axis',(1.,0.,0.));
#1586=DIRECTION('center_axis',(0.,0.,-1.));
#1587=DIRECTION('ref_axis',(1.,0.,0.));
#1588=DIRECTION('',(0.,0.,-1.));
#1589=DIRECTION('center_axis',(0.,0.,1.));
#1590=DIRECTION('ref_axis',(1.,0.,0.));
#1591=DIRECTION('center_axis',(0.,0.,-1.));
#1592=DIRECTION('ref_axis',(1.,0.,0.));
#1593=DIRECTION('',(0.,0.,-1.));
#1594=DIRECTION('center_axis',(0.,0.,1.));
#1595=DIRECTION('ref_axis',(1.,0.,0.));
#1596=DIRECTION('center_axis',(0.,0.,-1.));
#1597=DIRECTION('ref_axis',(1.,0.,0.));
#1598=DIRECTION('',(0.,0.,-1.));
#1599=DIRECTION('center_axis',(0.,0.,1.));
#1600=DIRECTION('ref_axis',(1.,0.,0.));
#1601=DIRECTION('center_axis',(0.,0.,-1.));
#1602=DIRECTION('ref_axis',(1.,0.,0.));
#1603=DIRECTION('',(0.,0.,-1.));
#1604=DIRECTION('center_axis',(0.,0.,1.));
#1605=DIRECTION('ref_axis',(1.,0.,0.));
#1606=DIRECTION('center_axis',(0.64278760968654,0.766044443118978,0.));
#1607=DIRECTION('ref_axis',(0.766044443118978,-0.64278760968654,0.));
#1608=DIRECTION('',(0.,0.,1.));
#1609=DIRECTION('',(0.766044443118978,-0.64278760968654,0.));
#1610=DIRECTION('',(0.,0.,-1.));
#1611=DIRECTION('center_axis',(-0.64278760968654,-0.766044443118978,0.));
#1612=DIRECTION('ref_axis',(-0.766044443118978,0.64278760968654,0.));
#1613=DIRECTION('',(0.,0.,-1.));
#1614=DIRECTION('',(0.,0.,1.));
#1615=DIRECTION('',(-0.766044443118978,0.64278760968654,0.));
#1616=DIRECTION('center_axis',(0.,-1.,0.));
#1617=DIRECTION('ref_axis',(1.,0.,0.));
#1618=DIRECTION('',(1.,0.,0.));
#1619=DIRECTION('center_axis',(0.,-1.,0.));
#1620=DIRECTION('ref_axis',(1.,0.,0.));
#1621=DIRECTION('',(1.,0.,0.));
#1622=DIRECTION('center_axis',(-0.617223144018015,0.786788148416406,0.));
#1623=DIRECTION('ref_axis',(-0.786788148416406,-0.617223144018015,0.));
#1624=DIRECTION('',(-0.786788148416406,-0.617223144018015,0.));
#1625=DIRECTION('center_axis',(-0.617223144018015,0.786788148416406,0.));
#1626=DIRECTION('ref_axis',(-0.786788148416406,-0.617223144018015,0.));
#1627=DIRECTION('',(-0.786788148416406,-0.617223144018015,0.));
#1628=DIRECTION('center_axis',(-0.082708418851338,-0.996573789265558,0.));
#1629=DIRECTION('ref_axis',(0.996573789265557,-0.082708418851338,0.));
#1630=DIRECTION('',(0.996573789265557,-0.082708418851338,0.));
#1631=DIRECTION('center_axis',(-0.89062720516312,0.454734187656184,0.));
#1632=DIRECTION('ref_axis',(-0.454734187656184,-0.89062720516312,0.));
#1633=DIRECTION('',(-0.454734187656184,-0.89062720516312,0.));
#1634=DIRECTION('',(0.,0.,1.));
#1635=DIRECTION('center_axis',(0.,0.,1.));
#1636=DIRECTION('ref_axis',(1.,0.,0.));
#1637=DIRECTION('center_axis',(0.,0.,1.));
#1638=DIRECTION('ref_axis',(1.,0.,0.));
#1639=DIRECTION('',(0.,0.,1.));
#1640=DIRECTION('center_axis',(-1.,0.,0.));
#1641=DIRECTION('ref_axis',(0.,-1.,0.));
#1642=DIRECTION('',(0.,-1.,0.));
#1643=DIRECTION('',(0.,0.,1.));
#1644=DIRECTION('center_axis',(-1.42885846155104E-16,1.,0.));
#1645=DIRECTION('ref_axis',(-1.,-1.42885846155104E-16,0.));
#1646=DIRECTION('',(-1.,-1.42885846155104E-16,0.));
#1647=DIRECTION('center_axis',(0.971876167802696,0.235492493419951,0.));
#1648=DIRECTION('ref_axis',(-0.235492493419951,0.971876167802696,0.));
#1649=DIRECTION('',(-0.235492493419951,0.971876167802696,0.));
#1650=DIRECTION('center_axis',(0.,0.,1.));
#1651=DIRECTION('ref_axis',(1.,0.,0.));
#1652=CARTESIAN_POINT('',(0.,0.,0.));
#1653=CARTESIAN_POINT('Origin',(54.9227608469721,20.0745946785626,6.));
#1654=CARTESIAN_POINT('',(59.0570685278299,17.1745946785626,4.));
#1655=CARTESIAN_POINT('',(57.0564810129043,17.1745946784618,4.62209863770222));
#1656=CARTESIAN_POINT('Ctrl Pts',(57.0564810129804,17.1745946785626,4.62209863782569));
#1657=CARTESIAN_POINT('Ctrl Pts',(57.3489129278131,17.1745946785626,4.43977270764042));
#1658=CARTESIAN_POINT('Ctrl Pts',(57.6963594536957,17.1745946785626,4.27528627909401));
#1659=CARTESIAN_POINT('Ctrl Pts',(58.3271454725564,17.1745946785626,4.07013974482368));
#1660=CARTESIAN_POINT('Ctrl Pts',(58.7224790212891,17.1745946785626,4.));
#1661=CARTESIAN_POINT('Ctrl Pts',(59.0570685278299,17.1745946785626,4.));
#1662=CARTESIAN_POINT('',(58.9093007000276,23.1745946785626,4.));
#1663=CARTESIAN_POINT('Origin',(54.9227608469721,20.0745946785626,4.));
#1664=CARTESIAN_POINT('',(54.9227608469721,23.1745946785626,5.55559027913434));
#1665=CARTESIAN_POINT('Ctrl Pts',(58.9093007000276,23.1745946785626,4.));
#1666=CARTESIAN_POINT('Ctrl Pts',(58.617944418488,23.1745946785626,4.));
#1667=CARTESIAN_POINT('Ctrl Pts',(58.302677984104,23.1745946785626,4.04218683206794));
#1668=CARTESIAN_POINT('Ctrl Pts',(57.6886914137779,23.1745946785626,4.19977225521031));
#1669=CARTESIAN_POINT('Ctrl Pts',(57.3897570358792,23.1745946785626,4.31433493237592));
#1670=CARTESIAN_POINT('Ctrl Pts',(56.8288825040093,23.1745946785626,4.57348056182734));
#1671=CARTESIAN_POINT('Ctrl Pts',(56.4878043311764,23.1745946785626,4.76626424577542));
#1672=CARTESIAN_POINT('Ctrl Pts',(56.1369100165679,23.1745946785626,4.98041272192099));
#1673=CARTESIAN_POINT('Ctrl Pts',(56.0506320102823,23.1745946785626,5.0338855346921));
#1674=CARTESIAN_POINT('Ctrl Pts',(55.9037667226119,23.1745946785626,5.1251110397279));
#1675=CARTESIAN_POINT('Ctrl Pts',(55.8137699724684,23.1745946785626,5.18105010980155));
#1676=CARTESIAN_POINT('Ctrl Pts',(55.6820289353685,23.1745946785626,5.26101432389153));
#1677=CARTESIAN_POINT('Ctrl Pts',(55.6141560321095,23.1745946785626,5.30137640952555));
#1678=CARTESIAN_POINT('Ctrl Pts',(55.369536286671,23.1745946785626,5.44016367348397));
#1679=CARTESIAN_POINT('Ctrl Pts',(55.1382033029526,23.1745946785626,5.55559027913434));
#1680=CARTESIAN_POINT('Ctrl Pts',(54.9227608469721,23.1745946785626,5.55559027913434));
#1681=CARTESIAN_POINT('',(54.9227608469721,23.1245946785626,6.));
#1682=CARTESIAN_POINT('Origin',(54.9227608469721,25.1245946785626,6.));
#1683=CARTESIAN_POINT('',(51.8727608469721,20.0745946785626,6.));
#1684=CARTESIAN_POINT('Origin',(54.9227608469721,20.0745946785626,6.));
#1685=CARTESIAN_POINT('',(52.0007754282718,20.9489522786914,6.));
#1686=CARTESIAN_POINT('Origin',(54.9227608469721,20.0745946785626,6.));
#1687=CARTESIAN_POINT('',(50.4036002998001,17.820778370856,4.));
#1688=CARTESIAN_POINT('Ctrl Pts',(52.0007754282718,20.9489522786914,6.));
#1689=CARTESIAN_POINT('Ctrl Pts',(52.0007754282718,20.9489522786914,5.93054707418271));
#1690=CARTESIAN_POINT('Ctrl Pts',(51.9890612241333,20.9260092293765,5.85128463205445));
#1691=CARTESIAN_POINT('Ctrl Pts',(51.9498578149681,20.8492267404291,5.68904600640277));
#1692=CARTESIAN_POINT('Ctrl Pts',(51.9092588978901,20.769711056253,5.58497045215976));
#1693=CARTESIAN_POINT('Ctrl Pts',(51.7524933944934,20.4626753726686,5.22673954799015));
#1694=CARTESIAN_POINT('Ctrl Pts',(51.5851830973252,20.1349870078901,4.95151640534494));
#1695=CARTESIAN_POINT('Ctrl Pts',(51.2780617551053,19.5334693958603,4.52204572606714));
#1696=CARTESIAN_POINT('Ctrl Pts',(51.0738319429235,19.1334717010049,4.30010268156986));
#1697=CARTESIAN_POINT('Ctrl Pts',(50.744020929635,18.4875148563894,4.07113880602581));
#1698=CARTESIAN_POINT('Ctrl Pts',(50.5596169261612,18.126347328869,4.));
#1699=CARTESIAN_POINT('Ctrl Pts',(50.4036002998001,17.820778370856,4.));
#1700=CARTESIAN_POINT('',(58.1897233759941,16.2236914294578,4.));
#1701=CARTESIAN_POINT('Origin',(54.9227608469721,20.0745946785626,4.));
#1702=CARTESIAN_POINT('Ctrl Pts',(58.1897233759941,16.2236914294578,4.));
#1703=CARTESIAN_POINT('Ctrl Pts',(57.9964257615996,16.3858873864037,4.));
#1704=CARTESIAN_POINT('Ctrl Pts',(57.7688553648022,16.5768416224232,4.05861014201638));
#1705=CARTESIAN_POINT('Ctrl Pts',(57.4109888522865,16.8771272810858,4.24954392962944));
#1706=CARTESIAN_POINT('Ctrl Pts',(57.2170840748611,17.039832708307,4.41574194276086));
#1707=CARTESIAN_POINT('Ctrl Pts',(57.071569999979,17.1619335148717,4.60216939552124));
#1708=CARTESIAN_POINT('Ctrl Pts',(57.0640181945338,17.1682702320354,4.61204006000665));
#1709=CARTESIAN_POINT('Ctrl Pts',(57.0564810128803,17.174594678381,4.62209863773421));
#1710=CARTESIAN_POINT('Origin',(54.9227608469721,20.0745946785626,4.));
#1711=CARTESIAN_POINT('',(51.8727608469721,20.0745946785626,9.));
#1712=CARTESIAN_POINT('Origin',(54.9227608469721,20.0745946785626,9.));
#1713=CARTESIAN_POINT('',(51.8727608469721,20.0745946785626,4.));
#1714=CARTESIAN_POINT('',(54.9227608469721,23.1245946785626,4.));
#1715=CARTESIAN_POINT('',(54.9227608469721,23.1245946785626,4.));
#1716=CARTESIAN_POINT('',(52.0007754282718,20.9489522786914,4.));
#1717=CARTESIAN_POINT('Origin',(54.9227608469721,20.0745946785626,4.));
#1718=CARTESIAN_POINT('',(52.0007754282718,20.9489522786914,4.));
#1719=CARTESIAN_POINT('Origin',(37.0627608469721,-14.9054053214374,6.));
#1720=CARTESIAN_POINT('',(36.2098159821075,-9.97869393781634,4.));
#1721=CARTESIAN_POINT('',(34.3908792314827,-13.5412027584688,6.));
#1722=CARTESIAN_POINT('Ctrl Pts',(36.2098159821075,-9.97869393781634,4.));
#1723=CARTESIAN_POINT('Ctrl Pts',(36.0845585788146,-10.2240189079833,4.));
#1724=CARTESIAN_POINT('Ctrl Pts',(35.9488841984067,-10.4897462219066,4.03873729651579));
#1725=CARTESIAN_POINT('Ctrl Pts',(35.6846777662028,-11.007212123278,4.1855886970135));
#1726=CARTESIAN_POINT('Ctrl Pts',(35.5560627694,-11.2591131640485,4.29298018261399));
#1727=CARTESIAN_POINT('Ctrl Pts',(35.2605080779393,-11.8379767198881,4.59532290745856));
#1728=CARTESIAN_POINT('Ctrl Pts',(35.0738538514582,-12.2035514590992,4.84893617013871));
#1729=CARTESIAN_POINT('Ctrl Pts',(34.7171888291973,-12.902103669552,5.41296867749447));
#1730=CARTESIAN_POINT('Ctrl Pts',(34.5463486602823,-13.2367055233395,5.72084734225081));
#1731=CARTESIAN_POINT('Ctrl Pts',(34.3908792314827,-13.5412027584688,6.));
#1732=CARTESIAN_POINT('',(36.814635590418,-17.8951266892341,6.));
#1733=CARTESIAN_POINT('Origin',(37.0627608469721,-14.9054053214374,6.));
#1734=CARTESIAN_POINT('',(40.8009307474803,-18.2259603646394,4.));
#1735=CARTESIAN_POINT('Ctrl Pts',(36.814635590418,-17.8951266892341,6.));
#1736=CARTESIAN_POINT('Ctrl Pts',(37.155354986451,-17.9234039355568,5.72084734225081));
#1737=CARTESIAN_POINT('Ctrl Pts',(37.5297601645,-17.9544768582242,5.41296867749446));
#1738=CARTESIAN_POINT('Ctrl Pts',(38.3114102413615,-18.019348162937,4.84893617013871));
#1739=CARTESIAN_POINT('Ctrl Pts',(38.7204727548389,-18.0532973938575,4.59532290745856));
#1740=CARTESIAN_POINT('Ctrl Pts',(39.368196341056,-18.107053768193,4.29298018261399));
#1741=CARTESIAN_POINT('Ctrl Pts',(39.6500628428486,-18.1304466498256,4.1855886970135));
#1742=CARTESIAN_POINT('Ctrl Pts',(40.2290850770177,-18.1785013086815,4.03873729651579));
#1743=CARTESIAN_POINT('Ctrl Pts',(40.5264225877211,-18.2031781721916,4.));
#1744=CARTESIAN_POINT('Ctrl Pts',(40.8009307474803,-18.2259603646394,4.));
#1745=CARTESIAN_POINT('Origin',(37.0627608469721,-14.9054053214374,4.));
#1746=CARTESIAN_POINT('Origin',(37.0627608469721,-14.9054053214374,0.));
#1747=CARTESIAN_POINT('',(34.0627608469721,-14.9054053214374,9.));
#1748=CARTESIAN_POINT('Origin',(37.0627608469721,-14.9054053214374,9.));
#1749=CARTESIAN_POINT('',(34.0627608469721,-14.9054053214374,0.));
#1750=CARTESIAN_POINT('',(34.0627608469721,-14.9054053214374,0.));
#1751=CARTESIAN_POINT('',(36.814635590418,-17.8951266892341,0.));
#1752=CARTESIAN_POINT('Origin',(37.0627608469721,-14.9054053214374,0.));
#1753=CARTESIAN_POINT('',(36.814635590418,-17.8951266892341,0.));
#1754=CARTESIAN_POINT('',(34.3908792314827,-13.5412027584688,0.));
#1755=CARTESIAN_POINT('',(34.3908792314827,-13.5412027584688,0.));
#1756=CARTESIAN_POINT('Origin',(37.0627608469721,-14.9054053214374,0.));
#1757=CARTESIAN_POINT('Origin',(68.8727608469721,-17.5454053214374,6.));
#1758=CARTESIAN_POINT('',(71.9103819949763,-17.5454053214374,6.));
#1759=CARTESIAN_POINT('',(65.8351396989678,-17.5454053214374,6.));
#1760=CARTESIAN_POINT('Origin',(68.8727608469721,-17.5454053214374,6.));
#1761=CARTESIAN_POINT('Origin',(68.8727608469721,-17.5454053214374,6.));
#1762=CARTESIAN_POINT('',(73.9103819949763,-17.5454053214374,4.));
#1763=CARTESIAN_POINT('Origin',(73.9103819949763,-17.5454053214374,6.));
#1764=CARTESIAN_POINT('',(70.2051664605187,-12.687183207144,4.));
#1765=CARTESIAN_POINT('Origin',(68.8727608469721,-17.5454053214374,4.));
#1766=CARTESIAN_POINT('',(68.5650793729412,-13.973806182713,4.62544892645574));
#1767=CARTESIAN_POINT('Ctrl Pts',(70.2051664605187,-12.687183207144,4.));
#1768=CARTESIAN_POINT('Ctrl Pts',(69.9345702226622,-12.8994617741577,4.));
#1769=CARTESIAN_POINT('Ctrl Pts',(69.614735521798,-13.150367154508,4.07128782736383));
#1770=CARTESIAN_POINT('Ctrl Pts',(69.0987075313777,-13.5551831386959,4.27781433448417));
#1771=CARTESIAN_POINT('Ctrl Pts',(68.8127854507424,-13.7794845925358,4.44329449727728));
#1772=CARTESIAN_POINT('Ctrl Pts',(68.5650793729412,-13.973806182713,4.62544892645574));
#1773=CARTESIAN_POINT('',(67.165216210902,-14.3933774928885,4.62544895314986));
#1774=CARTESIAN_POINT('Ctrl Pts',(68.5650793729412,-13.973806182713,4.62544892645574));
#1775=CARTESIAN_POINT('Ctrl Pts',(68.4623490494474,-14.0543965378074,4.70099323525923));
#1776=CARTESIAN_POINT('Ctrl Pts',(68.3532450879939,-14.1237479388033,4.77087340373572));
#1777=CARTESIAN_POINT('Ctrl Pts',(68.1738018927057,-14.2153165820542,4.84860894320547));
#1778=CARTESIAN_POINT('Ctrl Pts',(68.1036064746264,-14.2465518622139,4.87142049213062));
#1779=CARTESIAN_POINT('Ctrl Pts',(67.9763261115589,-14.293956836667,4.89237996782288));
#1780=CARTESIAN_POINT('Ctrl Pts',(67.9228578543236,-14.3114004784183,4.89569167288932));
#1781=CARTESIAN_POINT('Ctrl Pts',(67.8072801259326,-14.3436070864707,4.89010148328473));
#1782=CARTESIAN_POINT('Ctrl Pts',(67.7471309898695,-14.3573515134151,4.88019453062937));
#1783=CARTESIAN_POINT('Ctrl Pts',(67.5801610334145,-14.3875434130311,4.83653166130967));
#1784=CARTESIAN_POINT('Ctrl Pts',(67.4747115812229,-14.3975803549499,4.79095207432907));
#1785=CARTESIAN_POINT('Ctrl Pts',(67.3067804944789,-14.4012142749728,4.70595924161069));
#1786=CARTESIAN_POINT('Ctrl Pts',(67.2370386065603,-14.3993382324213,4.6671465780005));
#1787=CARTESIAN_POINT('Ctrl Pts',(67.1652162109017,-14.3933774928885,4.62544895314971));
#1788=CARTESIAN_POINT('',(65.0878236585885,-14.2209689314893,4.));
#1789=CARTESIAN_POINT('Ctrl Pts',(67.165216210902,-14.3933774928885,4.62544895314986));
#1790=CARTESIAN_POINT('Ctrl Pts',(66.8514628916302,-14.3673382359606,4.44329451395683));
#1791=CARTESIAN_POINT('Ctrl Pts',(66.4893038187236,-14.3372816514754,4.27781433952595));
#1792=CARTESIAN_POINT('Ctrl Pts',(65.8356844379925,-14.2830359688243,4.07128782736383));
#1793=CARTESIAN_POINT('Ctrl Pts',(65.4305704560134,-14.2494144374686,4.));
#1794=CARTESIAN_POINT('Ctrl Pts',(65.0878236585885,-14.2209689314893,4.));
#1795=CARTESIAN_POINT('',(64.5915731454804,-20.2004116670827,4.));
#1796=CARTESIAN_POINT('Origin',(68.8727608469721,-17.5454053214374,4.));
#1797=CARTESIAN_POINT('',(67.8330330825311,-20.4694294047065,5.49137367850331));
#1798=CARTESIAN_POINT('Ctrl Pts',(64.5915731454804,-20.2004116670827,4.));
#1799=CARTESIAN_POINT('Ctrl Pts',(64.9343199429054,-20.228857173062,4.));
#1800=CARTESIAN_POINT('Ctrl Pts',(65.3394339248845,-20.2624787044177,4.07128782736383));
#1801=CARTESIAN_POINT('Ctrl Pts',(66.0673831832256,-20.3228932294733,4.30130062347773));
#1802=CARTESIAN_POINT('Ctrl Pts',(66.5197590424285,-20.3604371549149,4.52546200449401));
#1803=CARTESIAN_POINT('Ctrl Pts',(67.1954825259094,-20.416517318272,4.95354239072204));
#1804=CARTESIAN_POINT('Ctrl Pts',(67.5588477019682,-20.4466740005982,5.22357381654938));
#1805=CARTESIAN_POINT('Ctrl Pts',(67.8330330825313,-20.4694294047065,5.49137367850346));
#1806=CARTESIAN_POINT('',(68.4425816957481,-20.6188230543873,5.49137367870425));
#1807=CARTESIAN_POINT('Ctrl Pts',(67.8330330825305,-20.4694294047064,5.49137367850272));
#1808=CARTESIAN_POINT('Ctrl Pts',(67.8854829984181,-20.4737823684839,5.54260208539661));
#1809=CARTESIAN_POINT('Ctrl Pts',(67.9331639333489,-20.4798164647669,5.58509558628429));
#1810=CARTESIAN_POINT('Ctrl Pts',(68.0154130490486,-20.4926400805069,5.64507081815112));
#1811=CARTESIAN_POINT('Ctrl Pts',(68.0498746813112,-20.499174531976,5.6636622035377));
#1812=CARTESIAN_POINT('Ctrl Pts',(68.1000112542594,-20.5097897989066,5.67991006485271));
#1813=CARTESIAN_POINT('Ctrl Pts',(68.1182067608479,-20.5139034867434,5.68340921295952));
#1814=CARTESIAN_POINT('Ctrl Pts',(68.1540895977047,-20.5225601603052,5.68479254152032));
#1815=CARTESIAN_POINT('Ctrl Pts',(68.1709054014082,-20.5268623258579,5.68295473910949));
#1816=CARTESIAN_POINT('Ctrl Pts',(68.2140029697399,-20.5384612268581,5.67272563731978));
#1817=CARTESIAN_POINT('Ctrl Pts',(68.2402421771493,-20.5460983162077,5.66090966861456));
#1818=CARTESIAN_POINT('Ctrl Pts',(68.3137856616707,-20.5692036561642,5.61585358356125));
#1819=CARTESIAN_POINT('Ctrl Pts',(68.3686685603867,-20.5877559334655,5.56941492152881));
#1820=CARTESIAN_POINT('Ctrl Pts',(68.4425816957481,-20.6188230543873,5.49137367870426));
#1821=CARTESIAN_POINT('',(71.4410824384799,-21.8791509338856,4.));
#1822=CARTESIAN_POINT('Ctrl Pts',(68.442581695748,-20.6188230543873,5.4913736787044));
#1823=CARTESIAN_POINT('Ctrl Pts',(68.69621588628,-20.7254304121798,5.22357381668155));
#1824=CARTESIAN_POINT('Ctrl Pts',(69.0323455228321,-20.8667122021207,4.95354239077278));
#1825=CARTESIAN_POINT('Ctrl Pts',(69.65742107723,-21.1294435520829,4.52546200449401));
#1826=CARTESIAN_POINT('Ctrl Pts',(70.0758897228619,-21.3053340206993,4.30130062347773));
#1827=CARTESIAN_POINT('Ctrl Pts',(70.7492765405483,-21.5883715293856,4.07128782736383));
#1828=CARTESIAN_POINT('Ctrl Pts',(71.1240257582985,-21.7458858765457,4.));
#1829=CARTESIAN_POINT('Ctrl Pts',(71.4410824384799,-21.8791509338856,4.));
#1830=CARTESIAN_POINT('Origin',(68.8727608469721,-17.5454053214374,4.));
#1831=CARTESIAN_POINT('Origin',(84.9077608469721,-12.0604053214374,4.));
#1832=CARTESIAN_POINT('',(52.2508792314827,21.4387972415312,4.));
#1833=CARTESIAN_POINT('',(36.814635590418,-17.8951266892341,4.));
#1834=CARTESIAN_POINT('',(44.7406742170389,-12.5323026464943,4.));
#1835=CARTESIAN_POINT('',(69.1208861035261,-14.5556839536407,4.));
#1836=CARTESIAN_POINT('',(43.1248366444153,-9.62968669265084,4.));
#1837=CARTESIAN_POINT('Origin',(44.9060910547415,-10.5391550679632,4.));
#1838=CARTESIAN_POINT('',(53.8754734045453,11.4261517098882,4.));
#1839=CARTESIAN_POINT('',(39.7346424624614,-16.2696078844059,4.));
#1840=CARTESIAN_POINT('',(56.9423030342446,12.0487722208137,4.));
#1841=CARTESIAN_POINT('Origin',(55.6567278148715,10.5166833345758,4.));
#1842=CARTESIAN_POINT('',(76.6979226940582,-4.52816094941452,4.));
#1843=CARTESIAN_POINT('',(54.5293721359918,14.0734616475939,4.));
#1844=CARTESIAN_POINT('',(76.6467937627212,-7.6338261324853,4.));
#1845=CARTESIAN_POINT('Origin',(75.4123474746851,-6.06024983565248,4.));
#1846=CARTESIAN_POINT('',(115.231091414918,22.6349591238119,4.));
#1847=CARTESIAN_POINT('',(127.902804813188,-45.6111053133615,4.));
#1848=CARTESIAN_POINT('',(67.7103126709335,-20.3110362147463,4.));
#1849=CARTESIAN_POINT('',(134.7264193767,-39.8014231699667,4.));
#1850=CARTESIAN_POINT('Origin',(132.752760846972,-44.3954053214374,4.));
#1851=CARTESIAN_POINT('',(120.94035932406,17.0935674876117,4.));
#1852=CARTESIAN_POINT('',(135.66838935038,-43.6889278411775,4.));
#1853=CARTESIAN_POINT('',(113.009678476089,23.1745946785626,4.));
#1854=CARTESIAN_POINT('Origin',(117.082760846972,20.2745946785626,4.));
#1855=CARTESIAN_POINT('',(117.082760846972,23.1745946785626,4.));
#1856=CARTESIAN_POINT('',(59.7012115183266,17.1745946785626,4.));
#1857=CARTESIAN_POINT('',(54.9227608469721,17.1745946785626,4.));
#1858=CARTESIAN_POINT('',(83.1690234958607,-2.51723769632398,4.));
#1859=CARTESIAN_POINT('',(58.1932615112051,18.4399149733721,4.));
#1860=CARTESIAN_POINT('',(81.8021757389033,-3.58950863945045,4.));
#1861=CARTESIAN_POINT('',(115.231091414918,22.6349591238119,4.));
#1862=CARTESIAN_POINT('',(83.9120780839022,-5.35992691895907,4.));
#1863=CARTESIAN_POINT('',(85.9372690494361,-5.41373761313643,4.));
#1864=CARTESIAN_POINT('Origin',(84.337269049436,-5.41373761313643,4.));
#1865=CARTESIAN_POINT('',(52.3124053907234,11.8283329842972,4.));
#1866=CARTESIAN_POINT('Origin',(50.7124053907234,11.8283329842972,4.));
#1867=CARTESIAN_POINT('',(71.4190616646775,17.1745946785626,4.));
#1868=CARTESIAN_POINT('',(102.480878781674,17.1745946785626,4.));
#1869=CARTESIAN_POINT('',(54.9227608469721,17.1745946785626,4.));
#1870=CARTESIAN_POINT('',(103.71532506971,13.6010183817298,4.));
#1871=CARTESIAN_POINT('Origin',(102.480878781674,15.1745946785626,4.));
#1872=CARTESIAN_POINT('',(87.6619786276128,1.00741617388684,4.));
#1873=CARTESIAN_POINT('',(115.231091414918,22.6349591238119,4.));
#1874=CARTESIAN_POINT('',(85.1419571202037,1.0489035844817,4.));
#1875=CARTESIAN_POINT('Origin',(86.4275323395767,2.58099247071965,4.));
#1876=CARTESIAN_POINT('',(70.1334864453045,13.6425057923246,4.));
#1877=CARTESIAN_POINT('',(87.5759674591155,-0.993473593180897,4.));
#1878=CARTESIAN_POINT('Origin',(71.4190616646775,15.1745946785626,4.));
#1879=CARTESIAN_POINT('',(77.414733886269,-14.6573299735747,4.));
#1880=CARTESIAN_POINT('',(112.819257722539,13.1169718618894,4.));
#1881=CARTESIAN_POINT('',(70.7244302790262,-19.9057697666865,4.));
#1882=CARTESIAN_POINT('',(115.99745634618,12.0143805518965,4.));
#1883=CARTESIAN_POINT('Origin',(114.053704010575,11.5433955650566,4.));
#1884=CARTESIAN_POINT('',(127.505211760292,-35.4780599478248,4.));
#1885=CARTESIAN_POINT('',(114.167132343564,19.5681171983028,4.));
#1886=CARTESIAN_POINT('',(124.786493973995,-37.7927988635373,4.));
#1887=CARTESIAN_POINT('Origin',(125.561459424687,-35.9490449346647,4.));
#1888=CARTESIAN_POINT('',(77.8742147236126,-18.0746601992801,4.));
#1889=CARTESIAN_POINT('',(133.915209023011,-41.6297744281285,4.));
#1890=CARTESIAN_POINT('Origin',(78.649180174305,-16.2309062704075,4.));
#1891=CARTESIAN_POINT('Origin',(68.8727608469721,-17.5454053214374,4.));
#1892=CARTESIAN_POINT('',(65.8351396989678,-17.5454053214374,9.));
#1893=CARTESIAN_POINT('Origin',(68.8727608469721,-17.5454053214374,9.));
#1894=CARTESIAN_POINT('',(65.8351396989678,-17.5454053214374,4.));
#1895=CARTESIAN_POINT('Origin',(117.082760846972,20.2745946785626,6.));
#1896=CARTESIAN_POINT('',(119.99838935038,20.9810721588225,6.));
#1897=CARTESIAN_POINT('Ctrl Pts',(120.94035932406,17.0935674876117,4.));
#1898=CARTESIAN_POINT('Ctrl Pts',(120.875492465527,17.3612726402165,4.));
#1899=CARTESIAN_POINT('Ctrl Pts',(120.805230983099,17.6512413746535,4.0387372965158));
#1900=CARTESIAN_POINT('Ctrl Pts',(120.668406804961,18.2159139719848,4.1855886970135));
#1901=CARTESIAN_POINT('Ctrl Pts',(120.601801154648,18.4907951082788,4.292980182614));
#1902=CARTESIAN_POINT('Ctrl Pts',(120.448742701769,19.1224664642273,4.59532290745856));
#1903=CARTESIAN_POINT('Ctrl Pts',(120.352080364969,19.5213913730222,4.84893617013872));
#1904=CARTESIAN_POINT('Ctrl Pts',(120.167374799195,20.2836701821234,5.41296867749449));
#1905=CARTESIAN_POINT('Ctrl Pts',(120.078902064032,20.6487966520017,5.72084734225081));
#1906=CARTESIAN_POINT('Ctrl Pts',(119.99838935038,20.9810721588225,6.));
#1907=CARTESIAN_POINT('',(114.082760846972,20.2745946785626,6.));
#1908=CARTESIAN_POINT('Origin',(117.082760846972,20.2745946785626,6.));
#1909=CARTESIAN_POINT('',(116.314646272185,23.1745946785626,6.));
#1910=CARTESIAN_POINT('Origin',(117.082760846972,20.2745946785626,6.));
#1911=CARTESIAN_POINT('Ctrl Pts',(116.314646272185,23.1745946785626,6.));
#1912=CARTESIAN_POINT('Ctrl Pts',(116.314646272185,23.1745946785626,5.92243705333021));
#1913=CARTESIAN_POINT('Ctrl Pts',(116.29183741847,23.1745946785626,5.83219952458194));
#1914=CARTESIAN_POINT('Ctrl Pts',(116.215520456979,23.1745946785626,5.6590806768669));
#1915=CARTESIAN_POINT('Ctrl Pts',(116.13790748762,23.1745946785626,5.5498981998065));
#1916=CARTESIAN_POINT('Ctrl Pts',(115.836545400704,23.1745946785626,5.19118416123396));
#1917=CARTESIAN_POINT('Ctrl Pts',(115.500679875874,23.1745946785626,4.92549836526101));
#1918=CARTESIAN_POINT('Ctrl Pts',(114.871020364125,23.1745946785626,4.50950377018707));
#1919=CARTESIAN_POINT('Ctrl Pts',(114.444320052877,23.1745946785626,4.29550759897261));
#1920=CARTESIAN_POINT('Ctrl Pts',(113.74486183686,23.1745946785626,4.07043224079978));
#1921=CARTESIAN_POINT('Ctrl Pts',(113.346662249736,23.1745946785626,4.));
#1922=CARTESIAN_POINT('Ctrl Pts',(113.009678476089,23.1745946785626,4.));
#1923=CARTESIAN_POINT('Origin',(117.082760846972,20.2745946785626,0.));
#1924=CARTESIAN_POINT('',(114.082760846972,20.2745946785626,9.));
#1925=CARTESIAN_POINT('Origin',(117.082760846972,20.2745946785626,9.));
#1926=CARTESIAN_POINT('',(114.082760846972,20.2745946785626,0.));
#1927=CARTESIAN_POINT('',(119.99838935038,20.9810721588225,0.));
#1928=CARTESIAN_POINT('',(119.99838935038,20.9810721588225,0.));
#1929=CARTESIAN_POINT('',(116.314646272185,23.1745946785626,0.));
#1930=CARTESIAN_POINT('Origin',(117.082760846972,20.2745946785626,0.));
#1931=CARTESIAN_POINT('',(116.314646272185,23.1745946785626,0.));
#1932=CARTESIAN_POINT('Origin',(132.752760846972,-44.3954053214374,6.));
#1933=CARTESIAN_POINT('',(131.590312670933,-47.1610362147463,6.));
#1934=CARTESIAN_POINT('Ctrl Pts',(127.902804813188,-45.6111053133615,4.));
#1935=CARTESIAN_POINT('Ctrl Pts',(128.156737589424,-45.7178381725025,4.));
#1936=CARTESIAN_POINT('Ctrl Pts',(128.431788573839,-45.8334474231531,4.0387372965158));
#1937=CARTESIAN_POINT('Ctrl Pts',(128.967410988684,-46.0585798877518,4.18558869701351));
#1938=CARTESIAN_POINT('Ctrl Pts',(129.228150572494,-46.1681737798197,4.29298018261399));
#1939=CARTESIAN_POINT('Ctrl Pts',(129.827324923543,-46.4200183528576,4.59532290745856));
#1940=CARTESIAN_POINT('Ctrl Pts',(130.205726716015,-46.5790679478465,4.84893617013872));
#1941=CARTESIAN_POINT('Ctrl Pts',(130.928789280845,-46.8829851342222,5.41296867749447));
#1942=CARTESIAN_POINT('Ctrl Pts',(131.275131431047,-47.0285594412497,5.72084734225081));
#1943=CARTESIAN_POINT('Ctrl Pts',(131.590312670933,-47.1610362147463,6.));
#1944=CARTESIAN_POINT('',(129.752760846972,-44.3954053214374,6.));
#1945=CARTESIAN_POINT('Origin',(132.752760846972,-44.3954053214374,6.));
#1946=CARTESIAN_POINT('',(135.66838935038,-43.6889278411775,6.));
#1947=CARTESIAN_POINT('Origin',(132.752760846972,-44.3954053214374,6.));
#1948=CARTESIAN_POINT('Ctrl Pts',(135.66838935038,-43.6889278411775,6.));
#1949=CARTESIAN_POINT('Ctrl Pts',(135.587876636728,-43.3566523343567,5.72084734225081));
#1950=CARTESIAN_POINT('Ctrl Pts',(135.499403901565,-42.9915258644785,5.41296867749446));
#1951=CARTESIAN_POINT('Ctrl Pts',(135.314698335791,-42.2292470553772,4.84893617013869));
#1952=CARTESIAN_POINT('Ctrl Pts',(135.218035998991,-41.8303221465824,4.59532290745856));
#1953=CARTESIAN_POINT('Ctrl Pts',(135.064977546112,-41.1986507906338,4.29298018261399));
#1954=CARTESIAN_POINT('Ctrl Pts',(134.998371895799,-40.9237696543398,4.1855886970135));
#1955=CARTESIAN_POINT('Ctrl Pts',(134.861547717661,-40.3590970570086,4.0387372965158));
#1956=CARTESIAN_POINT('Ctrl Pts',(134.791286235233,-40.0691283225716,4.));
#1957=CARTESIAN_POINT('Ctrl Pts',(134.7264193767,-39.8014231699667,4.));
#1958=CARTESIAN_POINT('Origin',(132.752760846972,-44.3954053214374,0.));
#1959=CARTESIAN_POINT('',(129.752760846972,-44.3954053214374,9.));
#1960=CARTESIAN_POINT('Origin',(132.752760846972,-44.3954053214374,9.));
#1961=CARTESIAN_POINT('',(129.752760846972,-44.3954053214374,0.));
#1962=CARTESIAN_POINT('',(131.590312670933,-47.1610362147463,0.));
#1963=CARTESIAN_POINT('',(131.590312670933,-47.1610362147463,0.));
#1964=CARTESIAN_POINT('',(135.66838935038,-43.6889278411775,0.));
#1965=CARTESIAN_POINT('Origin',(132.752760846972,-44.3954053214374,0.));
#1966=CARTESIAN_POINT('',(135.66838935038,-43.6889278411775,0.));
#1967=CARTESIAN_POINT('Origin',(67.3306330486047,-12.4002299143574,0.));
#1968=CARTESIAN_POINT('',(68.5650793366407,-13.9738062111902,0.));
#1969=CARTESIAN_POINT('',(67.165216210902,-14.3933774928885,0.));
#1970=CARTESIAN_POINT('Origin',(67.3306330486047,-12.4002299143574,0.));
#1971=CARTESIAN_POINT('',(67.165216210902,-14.3933774928885,0.));
#1972=CARTESIAN_POINT('',(68.5650793366407,-13.9738062111902,0.));
#1973=CARTESIAN_POINT('Origin',(67.9474841679516,-14.4583000771894,0.));
#1974=CARTESIAN_POINT('',(44.7406742170389,-12.5323026464943,0.));
#1975=CARTESIAN_POINT('',(69.1208861035261,-14.5556839536407,0.));
#1976=CARTESIAN_POINT('',(44.7406742170389,-12.5323026464943,0.));
#1977=CARTESIAN_POINT('Origin',(44.9060910547415,-10.5391550679632,0.));
#1978=CARTESIAN_POINT('',(43.1248366444153,-9.62968669265084,0.));
#1979=CARTESIAN_POINT('Origin',(44.9060910547415,-10.5391550679632,0.));
#1980=CARTESIAN_POINT('',(43.1248366444153,-9.62968669265084,0.));
#1981=CARTESIAN_POINT('Origin',(41.7687589716337,-12.2856551693529,0.));
#1982=CARTESIAN_POINT('',(53.8754734045453,11.4261517098882,0.));
#1983=CARTESIAN_POINT('',(39.7346424624614,-16.2696078844059,0.));
#1984=CARTESIAN_POINT('',(53.8754734045453,11.4261517098882,2.));
#1985=CARTESIAN_POINT('Origin',(75.4123474746851,-6.06024983565248,2.));
#1986=CARTESIAN_POINT('',(76.6979226940582,-4.52816094941452,0.));
#1987=CARTESIAN_POINT('',(76.6979226940582,-4.52816094941452,2.));
#1988=CARTESIAN_POINT('',(76.6467937627212,-7.6338261324853,0.));
#1989=CARTESIAN_POINT('Origin',(75.4123474746851,-6.06024983565248,0.));
#1990=CARTESIAN_POINT('',(76.6467937627212,-7.63382613248529,2.));
#1991=CARTESIAN_POINT('Origin',(81.340927645156,-8.42410469143499,4.));
#1992=CARTESIAN_POINT('',(56.9423030342446,12.0487722208137,0.));
#1993=CARTESIAN_POINT('',(56.9423030342446,12.0487722208137,2.));
#1994=CARTESIAN_POINT('',(75.2426672220446,-3.30705661957915,0.));
#1995=CARTESIAN_POINT('Origin',(55.6567278148715,10.5166833345758,2.));
#1996=CARTESIAN_POINT('Origin',(55.6567278148715,10.5166833345758,0.));
#1997=CARTESIAN_POINT('Origin',(67.6676162450454,-22.4625769832556,0.));
#1998=CARTESIAN_POINT('',(67.833033082748,-20.4694294047245,0.));
#1999=CARTESIAN_POINT('',(67.833033082748,-20.4694294047245,0.));
#2000=CARTESIAN_POINT('',(68.4425816957377,-20.618823054383,0.));
#2001=CARTESIAN_POINT('Origin',(67.6676162450454,-22.4625769832556,0.));
#2002=CARTESIAN_POINT('',(68.4425816957377,-20.618823054383,0.));
#2003=CARTESIAN_POINT('Origin',(68.149674085816,-20.4957083185283,0.));
#2004=CARTESIAN_POINT('',(67.7103126709335,-20.3110362147463,0.));
#2005=CARTESIAN_POINT('Origin',(78.649180174305,-16.2309062704075,0.));
#2006=CARTESIAN_POINT('',(77.8742147236126,-18.0746601992801,0.));
#2007=CARTESIAN_POINT('',(77.414733886269,-14.6573299735747,0.));
#2008=CARTESIAN_POINT('Origin',(78.649180174305,-16.2309062704075,0.));
#2009=CARTESIAN_POINT('',(77.414733886269,-14.6573299735747,0.));
#2010=CARTESIAN_POINT('',(77.8742147236126,-18.0746601992801,0.));
#2011=CARTESIAN_POINT('Origin',(74.7386124433718,-16.7567058908194,0.));
#2012=CARTESIAN_POINT('',(112.819257722539,13.1169718618894,0.));
#2013=CARTESIAN_POINT('',(70.7244302790262,-19.9057697666865,0.));
#2014=CARTESIAN_POINT('',(112.819257722539,13.1169718618894,0.));
#2015=CARTESIAN_POINT('Origin',(125.561459424687,-35.9490449346647,0.));
#2016=CARTESIAN_POINT('',(127.505211760292,-35.4780599478248,0.));
#2017=CARTESIAN_POINT('',(124.786493973995,-37.7927988635373,0.));
#2018=CARTESIAN_POINT('Origin',(125.561459424687,-35.9490449346647,0.));
#2019=CARTESIAN_POINT('',(124.786493973995,-37.7927988635373,0.));
#2020=CARTESIAN_POINT('',(127.505211760292,-35.4780599478248,0.));
#2021=CARTESIAN_POINT('Origin',(128.437979993601,-39.3275890893738,0.));
#2022=CARTESIAN_POINT('',(133.915209023011,-41.6297744281285,0.));
#2023=CARTESIAN_POINT('Origin',(71.4190616646775,15.1745946785626,2.));
#2024=CARTESIAN_POINT('',(70.1334864453045,13.6425057923246,0.));
#2025=CARTESIAN_POINT('',(70.1334864453045,13.6425057923246,2.));
#2026=CARTESIAN_POINT('',(71.4190616646775,17.1745946785626,0.));
#2027=CARTESIAN_POINT('Origin',(71.4190616646775,15.1745946785626,0.));
#2028=CARTESIAN_POINT('',(71.4190616646775,17.1745946785626,2.));
#2029=CARTESIAN_POINT('Origin',(65.9241068257683,17.1745946785626,4.));
#2030=CARTESIAN_POINT('',(85.1419571202037,1.0489035844817,0.));
#2031=CARTESIAN_POINT('',(85.1419571202037,1.0489035844817,2.));
#2032=CARTESIAN_POINT('',(70.6517767193304,13.2076086145467,0.));
#2033=CARTESIAN_POINT('Origin',(86.4275323395767,2.58099247071965,2.));
#2034=CARTESIAN_POINT('',(87.6619786276128,1.00741617388684,0.));
#2035=CARTESIAN_POINT('Origin',(86.4275323395767,2.58099247071965,0.));
#2036=CARTESIAN_POINT('',(87.6619786276128,1.00741617388684,2.));
#2037=CARTESIAN_POINT('Origin',(102.480878781674,15.1745946785626,0.));
#2038=CARTESIAN_POINT('',(102.480878781674,17.1745946785626,0.));
#2039=CARTESIAN_POINT('',(103.71532506971,13.6010183817298,0.));
#2040=CARTESIAN_POINT('Origin',(102.480878781674,15.1745946785626,0.));
#2041=CARTESIAN_POINT('',(103.71532506971,13.6010183817298,0.));
#2042=CARTESIAN_POINT('',(102.480878781674,17.1745946785626,0.));
#2043=CARTESIAN_POINT('Origin',(108.270642713028,17.1745946785626,0.));
#2044=CARTESIAN_POINT('',(115.231091414918,22.6349591238119,0.));
#2045=CARTESIAN_POINT('Origin',(114.053704010575,11.5433955650566,0.));
#2046=CARTESIAN_POINT('',(115.99745634618,12.0143805518965,0.));
#2047=CARTESIAN_POINT('Origin',(114.053704010575,11.5433955650566,0.));
#2048=CARTESIAN_POINT('',(115.99745634618,12.0143805518965,0.));
#2049=CARTESIAN_POINT('Origin',(115.265326745134,15.035875210459,0.));
#2050=CARTESIAN_POINT('',(114.167132343564,19.5681171983028,0.));
#2051=CARTESIAN_POINT('Origin',(68.8727608469721,-17.5454053214374,9.));
#2052=CARTESIAN_POINT('',(67.3227608469721,-17.5454053214374,9.));
#2053=CARTESIAN_POINT('Origin',(68.8727608469721,-17.5454053214374,9.));
#2054=CARTESIAN_POINT('Origin',(132.752760846972,-44.3954053214374,9.));
#2055=CARTESIAN_POINT('',(131.202760846972,-44.3954053214374,9.));
#2056=CARTESIAN_POINT('Origin',(132.752760846972,-44.3954053214374,9.));
#2057=CARTESIAN_POINT('Origin',(37.0627608469721,-14.9054053214374,9.));
#2058=CARTESIAN_POINT('',(35.5127608469721,-14.9054053214374,9.));
#2059=CARTESIAN_POINT('Origin',(37.0627608469721,-14.9054053214374,9.));
#2060=CARTESIAN_POINT('Origin',(117.082760846972,20.2745946785626,9.));
#2061=CARTESIAN_POINT('',(115.532760846972,20.2745946785626,9.));
#2062=CARTESIAN_POINT('Origin',(117.082760846972,20.2745946785626,9.));
#2063=CARTESIAN_POINT('Origin',(54.9227608469721,20.0745946785626,9.));
#2064=CARTESIAN_POINT('',(53.3727608469721,20.0745946785626,9.));
#2065=CARTESIAN_POINT('Origin',(54.9227608469721,20.0745946785626,9.));
#2066=CARTESIAN_POINT('Origin',(54.9227608469721,20.0745946785626,4.));
#2067=CARTESIAN_POINT('',(52.2508792314827,21.4387972415312,4.));
#2068=CARTESIAN_POINT('',(52.2508792314827,21.4387972415312,4.));
#2069=CARTESIAN_POINT('',(54.9227608469721,23.0745946785626,4.));
#2070=CARTESIAN_POINT('',(54.9227608469721,23.1745946785626,4.));
#2071=CARTESIAN_POINT('Origin',(54.9227608469721,20.0745946785626,4.));
#2072=CARTESIAN_POINT('Origin',(84.337269049436,-5.41373761313643,0.));
#2073=CARTESIAN_POINT('',(85.9372690494361,-5.41373761313643,0.));
#2074=CARTESIAN_POINT('Origin',(84.337269049436,-5.41373761313643,0.));
#2075=CARTESIAN_POINT('',(85.9372690494361,-5.41373761313643,0.));
#2076=CARTESIAN_POINT('Origin',(50.7124053907234,11.8283329842972,0.));
#2077=CARTESIAN_POINT('',(52.3124053907234,11.8283329842972,0.));
#2078=CARTESIAN_POINT('Origin',(50.7124053907234,11.8283329842972,0.));
#2079=CARTESIAN_POINT('',(52.3124053907234,11.8283329842972,0.));
#2080=CARTESIAN_POINT('Origin',(132.752760846972,-44.3954053214374,4.));
#2081=CARTESIAN_POINT('',(131.202760846972,-44.3954053214374,5.55111512312578E-16));
#2082=CARTESIAN_POINT('',(131.202760846972,-44.3954053214374,4.));
#2083=CARTESIAN_POINT('Origin',(132.752760846972,-44.3954053214374,0.));
#2084=CARTESIAN_POINT('Origin',(117.082760846972,20.2745946785626,4.));
#2085=CARTESIAN_POINT('',(115.532760846972,20.2745946785626,5.55111512312578E-16));
#2086=CARTESIAN_POINT('',(115.532760846972,20.2745946785626,4.));
#2087=CARTESIAN_POINT('Origin',(117.082760846972,20.2745946785626,0.));
#2088=CARTESIAN_POINT('Origin',(68.8727608469721,-17.5454053214374,4.));
#2089=CARTESIAN_POINT('',(67.3227608469721,-17.5454053214374,5.55111512312578E-16));
#2090=CARTESIAN_POINT('',(67.3227608469721,-17.5454053214374,4.));
#2091=CARTESIAN_POINT('Origin',(68.8727608469721,-17.5454053214374,0.));
#2092=CARTESIAN_POINT('Origin',(54.9227608469721,20.0745946785626,4.));
#2093=CARTESIAN_POINT('',(53.3727608469721,20.0745946785626,5.55111512312578E-16));
#2094=CARTESIAN_POINT('',(53.3727608469721,20.0745946785626,4.));
#2095=CARTESIAN_POINT('Origin',(54.9227608469721,20.0745946785626,0.));
#2096=CARTESIAN_POINT('Origin',(37.0627608469721,-14.9054053214374,4.));
#2097=CARTESIAN_POINT('',(35.5127608469721,-14.9054053214374,5.55111512312578E-16));
#2098=CARTESIAN_POINT('',(35.5127608469721,-14.9054053214374,4.));
#2099=CARTESIAN_POINT('Origin',(37.0627608469721,-14.9054053214374,0.));
#2100=CARTESIAN_POINT('Origin',(57.0564810126639,17.1745946785627,4.));
#2101=CARTESIAN_POINT('',(81.8021757389033,-3.58950863945046,0.));
#2102=CARTESIAN_POINT('',(81.8021757389033,-3.58950863945045,2.));
#2103=CARTESIAN_POINT('',(57.0564810126638,17.1745946785626,0.));
#2104=CARTESIAN_POINT('',(64.3860191251716,11.0243819516576,0.));
#2105=CARTESIAN_POINT('',(57.0564810126639,17.1745946785626,2.));
#2106=CARTESIAN_POINT('Origin',(85.0048170203693,-4.05765136565682,4.));
#2107=CARTESIAN_POINT('',(83.1690234958607,-2.51723769632398,0.));
#2108=CARTESIAN_POINT('',(83.1690234958607,-2.51723769632399,2.));
#2109=CARTESIAN_POINT('',(59.7012115183266,17.1745946785626,0.));
#2110=CARTESIAN_POINT('',(59.7012115183266,17.1745946785626,2.));
#2111=CARTESIAN_POINT('',(78.9065565972578,1.05939670619902,0.));
#2112=CARTESIAN_POINT('Origin',(56.8104988882653,17.1745946785626,0.));
#2113=CARTESIAN_POINT('',(54.9227608469721,17.1745946785626,0.));
#2114=CARTESIAN_POINT('Origin',(56.8104988882653,17.1745946785626,0.));
#2115=CARTESIAN_POINT('',(54.9227608469721,17.1745946785626,0.));
#2116=CARTESIAN_POINT('Origin',(108.270642713028,17.1745946785626,0.));
#2117=CARTESIAN_POINT('',(115.231091414918,22.6349591238119,0.));
#2118=CARTESIAN_POINT('Origin',(108.270642713028,17.1745946785626,0.));
#2119=CARTESIAN_POINT('',(115.231091414918,22.6349591238119,0.));
#2120=CARTESIAN_POINT('Origin',(36.814635590418,-17.8951266892341,0.));
#2121=CARTESIAN_POINT('',(36.814635590418,-17.8951266892341,0.));
#2122=CARTESIAN_POINT('Origin',(52.2508792314827,21.4387972415312,0.));
#2123=CARTESIAN_POINT('',(52.2508792314827,21.4387972415312,0.));
#2124=CARTESIAN_POINT('',(52.2508792314827,21.4387972415312,0.));
#2125=CARTESIAN_POINT('',(52.2508792314827,21.4387972415312,0.));
#2126=CARTESIAN_POINT('Origin',(54.9227608469721,20.0745946785626,0.));
#2127=CARTESIAN_POINT('',(54.9227608469721,23.0745946785626,0.));
#2128=CARTESIAN_POINT('Origin',(54.9227608469721,20.0745946785626,0.));
#2129=CARTESIAN_POINT('',(54.9227608469721,23.0745946785626,0.));
#2130=CARTESIAN_POINT('Origin',(54.9227608469721,23.1745946785626,0.));
#2131=CARTESIAN_POINT('',(54.9227608469721,23.1745946785626,0.));
#2132=CARTESIAN_POINT('',(54.9227608469721,23.1745946785626,0.));
#2133=CARTESIAN_POINT('',(54.9227608469721,23.1745946785626,0.));
#2134=CARTESIAN_POINT('Origin',(116.314646272185,23.1745946785626,0.));
#2135=CARTESIAN_POINT('',(117.082760846972,23.1745946785626,0.));
#2136=CARTESIAN_POINT('Origin',(135.66838935038,-43.6889278411775,0.));
#2137=CARTESIAN_POINT('',(135.66838935038,-43.6889278411775,0.));
#2138=CARTESIAN_POINT('Origin',(84.9077608469721,-12.0604053214374,0.));
#2139=UNCERTAINTY_MEASURE_WITH_UNIT(LENGTH_MEASURE(0.01),#2143,
'DISTANCE_ACCURACY_VALUE',
'Maximum model space distance between geometric entities at asserted c
onnectivities');
#2140=UNCERTAINTY_MEASURE_WITH_UNIT(LENGTH_MEASURE(0.01),#2143,
'DISTANCE_ACCURACY_VALUE',
'Maximum model space distance between geometric entities at asserted c
onnectivities');
#2141=(
GEOMETRIC_REPRESENTATION_CONTEXT(3)
GLOBAL_UNCERTAINTY_ASSIGNED_CONTEXT((#2139))
GLOBAL_UNIT_ASSIGNED_CONTEXT((#2143,#2145,#2146))
REPRESENTATION_CONTEXT('','3D')
);
#2142=(
GEOMETRIC_REPRESENTATION_CONTEXT(3)
GLOBAL_UNCERTAINTY_ASSIGNED_CONTEXT((#2140))
GLOBAL_UNIT_ASSIGNED_CONTEXT((#2143,#2145,#2146))
REPRESENTATION_CONTEXT('','3D')
);
#2143=(
LENGTH_UNIT()
NAMED_UNIT(*)
SI_UNIT(.MILLI.,.METRE.)
);
#2144=(
LENGTH_UNIT()
NAMED_UNIT(*)
SI_UNIT(.CENTI.,.METRE.)
);
#2145=(
NAMED_UNIT(*)
PLANE_ANGLE_UNIT()
SI_UNIT($,.RADIAN.)
);
#2146=(
NAMED_UNIT(*)
SI_UNIT($,.STERADIAN.)
SOLID_ANGLE_UNIT()
);
#2147=SHAPE_DEFINITION_REPRESENTATION(#2148,#2149);
#2148=PRODUCT_DEFINITION_SHAPE('',$,#2151);
#2149=SHAPE_REPRESENTATION('',(#1193),#2141);
#2150=PRODUCT_DEFINITION_CONTEXT('part definition',#2155,'design');
#2151=PRODUCT_DEFINITION('Part379','skr-mini-mount',#2152,#2150);
#2152=PRODUCT_DEFINITION_FORMATION('',$,#2157);
#2153=PRODUCT_RELATED_PRODUCT_CATEGORY('skr-mini-mount',
'skr-mini-mount',(#2157));
#2154=APPLICATION_PROTOCOL_DEFINITION('international standard',
'automotive_design',2009,#2155);
#2155=APPLICATION_CONTEXT(
'Core Data for Automotive Mechanical Design Process');
#2156=PRODUCT_CONTEXT('part definition',#2155,'mechanical');
#2157=PRODUCT('Part379','skr-mini-mount',$,(#2156));
#2158=PRESENTATION_STYLE_ASSIGNMENT((#2159));
#2159=SURFACE_STYLE_USAGE(.BOTH.,#2162);
#2160=SURFACE_STYLE_RENDERING_WITH_PROPERTIES($,#2166,(#2161));
#2161=SURFACE_STYLE_TRANSPARENT(0.);
#2162=SURFACE_SIDE_STYLE('',(#2163,#2160));
#2163=SURFACE_STYLE_FILL_AREA(#2164);
#2164=FILL_AREA_STYLE('',(#2165));
#2165=FILL_AREA_STYLE_COLOUR('',#2166);
#2166=COLOUR_RGB('',0.749019607843137,0.749019607843137,0.749019607843137);
ENDSEC;
END-ISO-10303-21;
